user_id,age,age_group,risk_profile,mock_scenario,data_kind,source_ids
USR00001,30,30s,BALANCED,DC_NEGLECT,MOCK,KIRI_2025_20|ASSUMPTION_V1
USR00002,48,40s,CONSERVATIVE,TAX_BENEFIT_IDLE,MOCK,KIRI_2025_20|ASSUMPTION_V1
USR00003,44,40s,BALANCED,DC_NEGLECT,MOCK,KIRI_2025_20|ASSUMPTION_V1
USR00004,44,40s,AGGRESSIVE,DC_NEGLECT,MOCK,KIRI_2025_20|ASSUMPTION_V1
USR00005,23,20s,CONSERVATIVE,DC_NEGLECT,MOCK,KIRI_2025_20|ASSUMPTION_V1
USR00006,31,30s,BALANCED,DC_NEGLECT,MOCK,KIRI_2025_20|ASSUMPTION_V1
USR00007,51,50_plus,STABLE_GROWTH,TAX_BENEFIT_IDLE,MOCK,KIRI_2025_20|ASSUMPTION_V1
USR00008,47,40s,GROWTH,DC_NEGLECT,MOCK,KIRI_2025_20|ASSUMPTION_V1
USR00009,51,50_plus,CONSERVATIVE,DC_NEGLECT,MOCK,KIRI_2025_20|ASSUMPTION_V1
USR00010,48,40s,STABLE_GROWTH,OVERLAP_RISK,MOCK,KIRI_2025_20|ASSUMPTION_V1
USR00011,30,30s,GROWTH,DC_NEGLECT,MOCK,KIRI_2025_20|ASSUMPTION_V1
USR00012,50,50_plus,AGGRESSIVE,TAX_BENEFIT_IDLE,MOCK,KIRI_2025_20|ASSUMPTION_V1
USR00013,44,40s,BALANCED,DC_NEGLECT,MOCK,KIRI_2025_20|ASSUMPTION_V1
USR00014,24,20s,BALANCED,DC_NEGLECT,MOCK,KIRI_2025_20|ASSUMPTION_V1
USR00015,42,40s,BALANCED,DC_NEGLECT,MOCK,KIRI_2025_20|ASSUMPTION_V1
USR00016,46,40s,CONSERVATIVE,TAX_BENEFIT_IDLE,MOCK,KIRI_2025_20|ASSUMPTION_V1
USR00017,64,50_plus,CONSERVATIVE,DC_NEGLECT,MOCK,KIRI_2025_20|ASSUMPTION_V1
USR00018,50,50_plus,STABLE_GROWTH,DC_NEGLECT,MOCK,KIRI_2025_20|ASSUMPTION_V1
USR00019,54,50_plus,BALANCED,TAX_BENEFIT_IDLE,MOCK,KIRI_2025_20|ASSUMPTION_V1
USR00020,49,40s,BALANCED,TAX_BENEFIT_IDLE,MOCK,KIRI_2025_20|ASSUMPTION_V1
USR00021,61,50_plus,CONSERVATIVE,OVERLAP_RISK,MOCK,KIRI_2025_20|ASSUMPTION_V1
USR00022,64,50_plus,STABLE_GROWTH,TAX_BENEFIT_IDLE,MOCK,KIRI_2025_20|ASSUMPTION_V1
USR00023,45,40s,BALANCED,TAX_BENEFIT_IDLE,MOCK,KIRI_2025_20|ASSUMPTION_V1
USR00024,24,20s,GROWTH,DC_NEGLECT,MOCK,KIRI_2025_20|ASSUMPTION_V1
USR00025,46,40s,GROWTH,OVERLAP_RISK,MOCK,KIRI_2025_20|ASSUMPTION_V1
USR00026,58,50_plus,BALANCED,DC_NEGLECT,MOCK,KIRI_2025_20|ASSUMPTION_V1
USR00027,35,30s,GROWTH,DC_NEGLECT,MOCK,KIRI_2025_20|ASSUMPTION_V1
USR00028,38,30s,GROWTH,DC_NEGLECT,MOCK,KIRI_2025_20|ASSUMPTION_V1
USR00029,42,40s,STABLE_GROWTH,DC_NEGLECT,MOCK,KIRI_2025_20|ASSUMPTION_V1
USR00030,50,50_plus,CONSERVATIVE,DC_NEGLECT,MOCK,KIRI_2025_20|ASSUMPTION_V1
USR00031,45,40s,AGGRESSIVE,DC_NEGLECT,MOCK,KIRI_2025_20|ASSUMPTION_V1
USR00032,44,40s,BALANCED,DC_NEGLECT,MOCK,KIRI_2025_20|ASSUMPTION_V1
USR00033,37,30s,CONSERVATIVE,TAX_BENEFIT_IDLE,MOCK,KIRI_2025_20|ASSUMPTION_V1
USR00034,61,50_plus,GROWTH,DC_NEGLECT,MOCK,KIRI_2025_20|ASSUMPTION_V1
USR00035,38,30s,STABLE_GROWTH,TAX_BENEFIT_IDLE,MOCK,KIRI_2025_20|ASSUMPTION_V1
USR00036,49,40s,BALANCED,OVERLAP_RISK,MOCK,KIRI_2025_20|ASSUMPTION_V1
USR00037,35,30s,GROWTH,DC_NEGLECT,MOCK,KIRI_2025_20|ASSUMPTION_V1
USR00038,35,30s,STABLE_GROWTH,TAX_BENEFIT_IDLE,MOCK,KIRI_2025_20|ASSUMPTION_V1
USR00039,47,40s,STABLE_GROWTH,DC_NEGLECT,MOCK,KIRI_2025_20|ASSUMPTION_V1
USR00040,46,40s,GROWTH,DC_NEGLECT,MOCK,KIRI_2025_20|ASSUMPTION_V1
USR00041,55,50_plus,CONSERVATIVE,DC_NEGLECT,MOCK,KIRI_2025_20|ASSUMPTION_V1
USR00042,43,40s,STABLE_GROWTH,OVERLAP_RISK,MOCK,KIRI_2025_20|ASSUMPTION_V1
USR00043,39,30s,BALANCED,OVERLAP_RISK,MOCK,KIRI_2025_20|ASSUMPTION_V1
USR00044,56,50_plus,STABLE_GROWTH,TAX_BENEFIT_IDLE,MOCK,KIRI_2025_20|ASSUMPTION_V1
USR00045,25,20s,STABLE_GROWTH,TAX_BENEFIT_IDLE,MOCK,KIRI_2025_20|ASSUMPTION_V1
USR00046,35,30s,STABLE_GROWTH,DC_NEGLECT,MOCK,KIRI_2025_20|ASSUMPTION_V1
USR00047,35,30s,CONSERVATIVE,TAX_BENEFIT_IDLE,MOCK,KIRI_2025_20|ASSUMPTION_V1
USR00048,57,50_plus,STABLE_GROWTH,TAX_BENEFIT_IDLE,MOCK,KIRI_2025_20|ASSUMPTION_V1
USR00049,39,30s,GROWTH,TAX_BENEFIT_IDLE,MOCK,KIRI_2025_20|ASSUMPTION_V1
USR00050,38,30s,CONSERVATIVE,DC_NEGLECT,MOCK,KIRI_2025_20|ASSUMPTION_V1
USR00051,46,40s,STABLE_GROWTH,OVERLAP_RISK,MOCK,KIRI_2025_20|ASSUMPTION_V1
USR00052,44,40s,GROWTH,DC_NEGLECT,MOCK,KIRI_2025_20|ASSUMPTION_V1
USR00053,33,30s,CONSERVATIVE,DC_NEGLECT,MOCK,KIRI_2025_20|ASSUMPTION_V1
USR00054,43,40s,CONSERVATIVE,OVERLAP_RISK,MOCK,KIRI_2025_20|ASSUMPTION_V1
USR00055,64,50_plus,STABLE_GROWTH,OVERLAP_RISK,MOCK,KIRI_2025_20|ASSUMPTION_V1
USR00056,60,50_plus,BALANCED,DC_NEGLECT,MOCK,KIRI_2025_20|ASSUMPTION_V1
USR00057,40,40s,STABLE_GROWTH,TAX_BENEFIT_IDLE,MOCK,KIRI_2025_20|ASSUMPTION_V1
USR00058,32,30s,CONSERVATIVE,DC_NEGLECT,MOCK,KIRI_2025_20|ASSUMPTION_V1
USR00059,44,40s,CONSERVATIVE,TAX_BENEFIT_IDLE,MOCK,KIRI_2025_20|ASSUMPTION_V1
USR00060,49,40s,STABLE_GROWTH,OVERLAP_RISK,MOCK,KIRI_2025_20|ASSUMPTION_V1
USR00061,62,50_plus,BALANCED,TAX_BENEFIT_IDLE,MOCK,KIRI_2025_20|ASSUMPTION_V1
USR00062,49,40s,BALANCED,DC_NEGLECT,MOCK,KIRI_2025_20|ASSUMPTION_V1
USR00063,41,40s,AGGRESSIVE,TAX_BENEFIT_IDLE,MOCK,KIRI_2025_20|ASSUMPTION_V1
USR00064,52,50_plus,STABLE_GROWTH,TAX_BENEFIT_IDLE,MOCK,KIRI_2025_20|ASSUMPTION_V1
USR00065,34,30s,GROWTH,DC_NEGLECT,MOCK,KIRI_2025_20|ASSUMPTION_V1
USR00066,25,20s,STABLE_GROWTH,OVERLAP_RISK,MOCK,KIRI_2025_20|ASSUMPTION_V1
USR00067,26,20s,AGGRESSIVE,OVERLAP_RISK,MOCK,KIRI_2025_20|ASSUMPTION_V1
USR00068,61,50_plus,CONSERVATIVE,OVERLAP_RISK,MOCK,KIRI_2025_20|ASSUMPTION_V1
USR00069,60,50_plus,STABLE_GROWTH,TAX_BENEFIT_IDLE,MOCK,KIRI_2025_20|ASSUMPTION_V1
USR00070,56,50_plus,GROWTH,OVERLAP_RISK,MOCK,KIRI_2025_20|ASSUMPTION_V1
USR00071,46,40s,STABLE_GROWTH,DC_NEGLECT,MOCK,KIRI_2025_20|ASSUMPTION_V1
USR00072,35,30s,STABLE_GROWTH,TAX_BENEFIT_IDLE,MOCK,KIRI_2025_20|ASSUMPTION_V1
USR00073,48,40s,BALANCED,DC_NEGLECT,MOCK,KIRI_2025_20|ASSUMPTION_V1
USR00074,45,40s,BALANCED,OVERLAP_RISK,MOCK,KIRI_2025_20|ASSUMPTION_V1
USR00075,35,30s,AGGRESSIVE,TAX_BENEFIT_IDLE,MOCK,KIRI_2025_20|ASSUMPTION_V1
USR00076,42,40s,BALANCED,DC_NEGLECT,MOCK,KIRI_2025_20|ASSUMPTION_V1
USR00077,58,50_plus,AGGRESSIVE,OVERLAP_RISK,MOCK,KIRI_2025_20|ASSUMPTION_V1
USR00078,46,40s,STABLE_GROWTH,DC_NEGLECT,MOCK,KIRI_2025_20|ASSUMPTION_V1
USR00079,41,40s,STABLE_GROWTH,TAX_BENEFIT_IDLE,MOCK,KIRI_2025_20|ASSUMPTION_V1
USR00080,31,30s,GROWTH,TAX_BENEFIT_IDLE,MOCK,KIRI_2025_20|ASSUMPTION_V1
USR00081,55,50_plus,BALANCED,DC_NEGLECT,MOCK,KIRI_2025_20|ASSUMPTION_V1
USR00082,45,40s,CONSERVATIVE,DC_NEGLECT,MOCK,KIRI_2025_20|ASSUMPTION_V1
USR00083,33,30s,GROWTH,TAX_BENEFIT_IDLE,MOCK,KIRI_2025_20|ASSUMPTION_V1
USR00084,33,30s,GROWTH,OVERLAP_RISK,MOCK,KIRI_2025_20|ASSUMPTION_V1
USR00085,42,40s,CONSERVATIVE,TAX_BENEFIT_IDLE,MOCK,KIRI_2025_20|ASSUMPTION_V1
USR00086,35,30s,BALANCED,DC_NEGLECT,MOCK,KIRI_2025_20|ASSUMPTION_V1
USR00087,59,50_plus,STABLE_GROWTH,OVERLAP_RISK,MOCK,KIRI_2025_20|ASSUMPTION_V1
USR00088,31,30s,CONSERVATIVE,TAX_BENEFIT_IDLE,MOCK,KIRI_2025_20|ASSUMPTION_V1
USR00089,62,50_plus,STABLE_GROWTH,OVERLAP_RISK,MOCK,KIRI_2025_20|ASSUMPTION_V1
USR00090,34,30s,GROWTH,DC_NEGLECT,MOCK,KIRI_2025_20|ASSUMPTION_V1
USR00091,36,30s,CONSERVATIVE,DC_NEGLECT,MOCK,KIRI_2025_20|ASSUMPTION_V1
USR00092,25,20s,AGGRESSIVE,DC_NEGLECT,MOCK,KIRI_2025_20|ASSUMPTION_V1
USR00093,44,40s,GROWTH,DC_NEGLECT,MOCK,KIRI_2025_20|ASSUMPTION_V1
USR00094,58,50_plus,STABLE_GROWTH,DC_NEGLECT,MOCK,KIRI_2025_20|ASSUMPTION_V1
USR00095,36,30s,AGGRESSIVE,TAX_BENEFIT_IDLE,MOCK,KIRI_2025_20|ASSUMPTION_V1
USR00096,39,30s,BALANCED,OVERLAP_RISK,MOCK,KIRI_2025_20|ASSUMPTION_V1
USR00097,37,30s,BALANCED,DC_NEGLECT,MOCK,KIRI_2025_20|ASSUMPTION_V1
USR00098,36,30s,BALANCED,DC_NEGLECT,MOCK,KIRI_2025_20|ASSUMPTION_V1
USR00099,62,50_plus,STABLE_GROWTH,OVERLAP_RISK,MOCK,KIRI_2025_20|ASSUMPTION_V1
USR00100,47,40s,STABLE_GROWTH,DC_NEGLECT,MOCK,KIRI_2025_20|ASSUMPTION_V1
USR00101,55,50_plus,CONSERVATIVE,DC_NEGLECT,MOCK,KIRI_2025_20|ASSUMPTION_V1
USR00102,29,20s,STABLE_GROWTH,DC_NEGLECT,MOCK,KIRI_2025_20|ASSUMPTION_V1
USR00103,41,40s,BALANCED,TAX_BENEFIT_IDLE,MOCK,KIRI_2025_20|ASSUMPTION_V1
USR00104,35,30s,GROWTH,TAX_BENEFIT_IDLE,MOCK,KIRI_2025_20|ASSUMPTION_V1
USR00105,50,50_plus,CONSERVATIVE,DC_NEGLECT,MOCK,KIRI_2025_20|ASSUMPTION_V1
USR00106,46,40s,BALANCED,OVERLAP_RISK,MOCK,KIRI_2025_20|ASSUMPTION_V1
USR00107,30,30s,BALANCED,OVERLAP_RISK,MOCK,KIRI_2025_20|ASSUMPTION_V1
USR00108,42,40s,CONSERVATIVE,TAX_BENEFIT_IDLE,MOCK,KIRI_2025_20|ASSUMPTION_V1
USR00109,46,40s,STABLE_GROWTH,OVERLAP_RISK,MOCK,KIRI_2025_20|ASSUMPTION_V1
USR00110,35,30s,BALANCED,OVERLAP_RISK,MOCK,KIRI_2025_20|ASSUMPTION_V1
USR00111,35,30s,BALANCED,TAX_BENEFIT_IDLE,MOCK,KIRI_2025_20|ASSUMPTION_V1
USR00112,25,20s,GROWTH,DC_NEGLECT,MOCK,KIRI_2025_20|ASSUMPTION_V1
USR00113,43,40s,STABLE_GROWTH,OVERLAP_RISK,MOCK,KIRI_2025_20|ASSUMPTION_V1
USR00114,50,50_plus,GROWTH,OVERLAP_RISK,MOCK,KIRI_2025_20|ASSUMPTION_V1
USR00115,61,50_plus,CONSERVATIVE,DC_NEGLECT,MOCK,KIRI_2025_20|ASSUMPTION_V1
USR00116,27,20s,BALANCED,OVERLAP_RISK,MOCK,KIRI_2025_20|ASSUMPTION_V1
USR00117,31,30s,STABLE_GROWTH,OVERLAP_RISK,MOCK,KIRI_2025_20|ASSUMPTION_V1
USR00118,58,50_plus,CONSERVATIVE,OVERLAP_RISK,MOCK,KIRI_2025_20|ASSUMPTION_V1
USR00119,21,20s,AGGRESSIVE,DC_NEGLECT,MOCK,KIRI_2025_20|ASSUMPTION_V1
USR00120,60,50_plus,CONSERVATIVE,OVERLAP_RISK,MOCK,KIRI_2025_20|ASSUMPTION_V1
USR00121,33,30s,AGGRESSIVE,OVERLAP_RISK,MOCK,KIRI_2025_20|ASSUMPTION_V1
USR00122,38,30s,CONSERVATIVE,OVERLAP_RISK,MOCK,KIRI_2025_20|ASSUMPTION_V1
USR00123,32,30s,STABLE_GROWTH,TAX_BENEFIT_IDLE,MOCK,KIRI_2025_20|ASSUMPTION_V1
USR00124,55,50_plus,CONSERVATIVE,DC_NEGLECT,MOCK,KIRI_2025_20|ASSUMPTION_V1
USR00125,36,30s,BALANCED,TAX_BENEFIT_IDLE,MOCK,KIRI_2025_20|ASSUMPTION_V1
USR00126,64,50_plus,STABLE_GROWTH,DC_NEGLECT,MOCK,KIRI_2025_20|ASSUMPTION_V1
USR00127,30,30s,AGGRESSIVE,OVERLAP_RISK,MOCK,KIRI_2025_20|ASSUMPTION_V1
USR00128,38,30s,AGGRESSIVE,TAX_BENEFIT_IDLE,MOCK,KIRI_2025_20|ASSUMPTION_V1
USR00129,31,30s,STABLE_GROWTH,DC_NEGLECT,MOCK,KIRI_2025_20|ASSUMPTION_V1
USR00130,58,50_plus,GROWTH,TAX_BENEFIT_IDLE,MOCK,KIRI_2025_20|ASSUMPTION_V1
USR00131,46,40s,BALANCED,TAX_BENEFIT_IDLE,MOCK,KIRI_2025_20|ASSUMPTION_V1
USR00132,32,30s,STABLE_GROWTH,DC_NEGLECT,MOCK,KIRI_2025_20|ASSUMPTION_V1
USR00133,49,40s,AGGRESSIVE,TAX_BENEFIT_IDLE,MOCK,KIRI_2025_20|ASSUMPTION_V1
USR00134,20,20s,STABLE_GROWTH,TAX_BENEFIT_IDLE,MOCK,KIRI_2025_20|ASSUMPTION_V1
USR00135,21,20s,BALANCED,OVERLAP_RISK,MOCK,KIRI_2025_20|ASSUMPTION_V1
USR00136,45,40s,BALANCED,DC_NEGLECT,MOCK,KIRI_2025_20|ASSUMPTION_V1
USR00137,38,30s,STABLE_GROWTH,OVERLAP_RISK,MOCK,KIRI_2025_20|ASSUMPTION_V1
USR00138,34,30s,BALANCED,DC_NEGLECT,MOCK,KIRI_2025_20|ASSUMPTION_V1
USR00139,44,40s,BALANCED,OVERLAP_RISK,MOCK,KIRI_2025_20|ASSUMPTION_V1
USR00140,22,20s,CONSERVATIVE,OVERLAP_RISK,MOCK,KIRI_2025_20|ASSUMPTION_V1
USR00141,32,30s,STABLE_GROWTH,DC_NEGLECT,MOCK,KIRI_2025_20|ASSUMPTION_V1
USR00142,51,50_plus,STABLE_GROWTH,DC_NEGLECT,MOCK,KIRI_2025_20|ASSUMPTION_V1
USR00143,54,50_plus,CONSERVATIVE,TAX_BENEFIT_IDLE,MOCK,KIRI_2025_20|ASSUMPTION_V1
USR00144,43,40s,BALANCED,OVERLAP_RISK,MOCK,KIRI_2025_20|ASSUMPTION_V1
USR00145,49,40s,BALANCED,TAX_BENEFIT_IDLE,MOCK,KIRI_2025_20|ASSUMPTION_V1
USR00146,37,30s,BALANCED,DC_NEGLECT,MOCK,KIRI_2025_20|ASSUMPTION_V1
USR00147,41,40s,STABLE_GROWTH,OVERLAP_RISK,MOCK,KIRI_2025_20|ASSUMPTION_V1
USR00148,54,50_plus,BALANCED,DC_NEGLECT,MOCK,KIRI_2025_20|ASSUMPTION_V1
USR00149,52,50_plus,STABLE_GROWTH,DC_NEGLECT,MOCK,KIRI_2025_20|ASSUMPTION_V1
USR00150,24,20s,GROWTH,TAX_BENEFIT_IDLE,MOCK,KIRI_2025_20|ASSUMPTION_V1
USR00151,37,30s,BALANCED,OVERLAP_RISK,MOCK,KIRI_2025_20|ASSUMPTION_V1
USR00152,56,50_plus,CONSERVATIVE,DC_NEGLECT,MOCK,KIRI_2025_20|ASSUMPTION_V1
USR00153,46,40s,BALANCED,TAX_BENEFIT_IDLE,MOCK,KIRI_2025_20|ASSUMPTION_V1
USR00154,55,50_plus,STABLE_GROWTH,TAX_BENEFIT_IDLE,MOCK,KIRI_2025_20|ASSUMPTION_V1
USR00155,50,50_plus,STABLE_GROWTH,DC_NEGLECT,MOCK,KIRI_2025_20|ASSUMPTION_V1
USR00156,46,40s,STABLE_GROWTH,OVERLAP_RISK,MOCK,KIRI_2025_20|ASSUMPTION_V1
USR00157,39,30s,GROWTH,DC_NEGLECT,MOCK,KIRI_2025_20|ASSUMPTION_V1
USR00158,38,30s,BALANCED,OVERLAP_RISK,MOCK,KIRI_2025_20|ASSUMPTION_V1
USR00159,59,50_plus,STABLE_GROWTH,OVERLAP_RISK,MOCK,KIRI_2025_20|ASSUMPTION_V1
USR00160,46,40s,BALANCED,OVERLAP_RISK,MOCK,KIRI_2025_20|ASSUMPTION_V1
USR00161,36,30s,BALANCED,OVERLAP_RISK,MOCK,KIRI_2025_20|ASSUMPTION_V1
USR00162,42,40s,GROWTH,TAX_BENEFIT_IDLE,MOCK,KIRI_2025_20|ASSUMPTION_V1
USR00163,30,30s,BALANCED,TAX_BENEFIT_IDLE,MOCK,KIRI_2025_20|ASSUMPTION_V1
USR00164,56,50_plus,BALANCED,OVERLAP_RISK,MOCK,KIRI_2025_20|ASSUMPTION_V1
USR00165,37,30s,AGGRESSIVE,DC_NEGLECT,MOCK,KIRI_2025_20|ASSUMPTION_V1
USR00166,45,40s,STABLE_GROWTH,TAX_BENEFIT_IDLE,MOCK,KIRI_2025_20|ASSUMPTION_V1
USR00167,42,40s,BALANCED,DC_NEGLECT,MOCK,KIRI_2025_20|ASSUMPTION_V1
USR00168,36,30s,BALANCED,OVERLAP_RISK,MOCK,KIRI_2025_20|ASSUMPTION_V1
USR00169,64,50_plus,STABLE_GROWTH,DC_NEGLECT,MOCK,KIRI_2025_20|ASSUMPTION_V1
USR00170,31,30s,GROWTH,OVERLAP_RISK,MOCK,KIRI_2025_20|ASSUMPTION_V1
USR00171,43,40s,BALANCED,OVERLAP_RISK,MOCK,KIRI_2025_20|ASSUMPTION_V1
USR00172,35,30s,AGGRESSIVE,DC_NEGLECT,MOCK,KIRI_2025_20|ASSUMPTION_V1
USR00173,22,20s,GROWTH,DC_NEGLECT,MOCK,KIRI_2025_20|ASSUMPTION_V1
USR00174,49,40s,BALANCED,TAX_BENEFIT_IDLE,MOCK,KIRI_2025_20|ASSUMPTION_V1
USR00175,48,40s,BALANCED,OVERLAP_RISK,MOCK,KIRI_2025_20|ASSUMPTION_V1
USR00176,23,20s,GROWTH,DC_NEGLECT,MOCK,KIRI_2025_20|ASSUMPTION_V1
USR00177,33,30s,AGGRESSIVE,OVERLAP_RISK,MOCK,KIRI_2025_20|ASSUMPTION_V1
USR00178,32,30s,BALANCED,DC_NEGLECT,MOCK,KIRI_2025_20|ASSUMPTION_V1
USR00179,34,30s,GROWTH,TAX_BENEFIT_IDLE,MOCK,KIRI_2025_20|ASSUMPTION_V1
USR00180,35,30s,STABLE_GROWTH,TAX_BENEFIT_IDLE,MOCK,KIRI_2025_20|ASSUMPTION_V1
USR00181,40,40s,BALANCED,TAX_BENEFIT_IDLE,MOCK,KIRI_2025_20|ASSUMPTION_V1
USR00182,41,40s,STABLE_GROWTH,TAX_BENEFIT_IDLE,MOCK,KIRI_2025_20|ASSUMPTION_V1
USR00183,39,30s,STABLE_GROWTH,TAX_BENEFIT_IDLE,MOCK,KIRI_2025_20|ASSUMPTION_V1
USR00184,54,50_plus,CONSERVATIVE,DC_NEGLECT,MOCK,KIRI_2025_20|ASSUMPTION_V1
USR00185,64,50_plus,STABLE_GROWTH,OVERLAP_RISK,MOCK,KIRI_2025_20|ASSUMPTION_V1
USR00186,34,30s,AGGRESSIVE,OVERLAP_RISK,MOCK,KIRI_2025_20|ASSUMPTION_V1
USR00187,30,30s,BALANCED,OVERLAP_RISK,MOCK,KIRI_2025_20|ASSUMPTION_V1
USR00188,47,40s,STABLE_GROWTH,TAX_BENEFIT_IDLE,MOCK,KIRI_2025_20|ASSUMPTION_V1
USR00189,45,40s,STABLE_GROWTH,DC_NEGLECT,MOCK,KIRI_2025_20|ASSUMPTION_V1
USR00190,41,40s,CONSERVATIVE,DC_NEGLECT,MOCK,KIRI_2025_20|ASSUMPTION_V1
USR00191,39,30s,BALANCED,TAX_BENEFIT_IDLE,MOCK,KIRI_2025_20|ASSUMPTION_V1
USR00192,38,30s,GROWTH,DC_NEGLECT,MOCK,KIRI_2025_20|ASSUMPTION_V1
USR00193,44,40s,GROWTH,OVERLAP_RISK,MOCK,KIRI_2025_20|ASSUMPTION_V1
USR00194,55,50_plus,STABLE_GROWTH,DC_NEGLECT,MOCK,KIRI_2025_20|ASSUMPTION_V1
USR00195,58,50_plus,GROWTH,DC_NEGLECT,MOCK,KIRI_2025_20|ASSUMPTION_V1
USR00196,32,30s,GROWTH,DC_NEGLECT,MOCK,KIRI_2025_20|ASSUMPTION_V1
USR00197,61,50_plus,BALANCED,OVERLAP_RISK,MOCK,KIRI_2025_20|ASSUMPTION_V1
USR00198,39,30s,AGGRESSIVE,TAX_BENEFIT_IDLE,MOCK,KIRI_2025_20|ASSUMPTION_V1
USR00199,29,20s,BALANCED,DC_NEGLECT,MOCK,KIRI_2025_20|ASSUMPTION_V1
USR00200,47,40s,BALANCED,TAX_BENEFIT_IDLE,MOCK,KIRI_2025_20|ASSUMPTION_V1
USR00201,33,30s,GROWTH,TAX_BENEFIT_IDLE,MOCK,KIRI_2025_20|ASSUMPTION_V1
USR00202,46,40s,AGGRESSIVE,OVERLAP_RISK,MOCK,KIRI_2025_20|ASSUMPTION_V1
USR00203,57,50_plus,GROWTH,OVERLAP_RISK,MOCK,KIRI_2025_20|ASSUMPTION_V1
USR00204,46,40s,BALANCED,TAX_BENEFIT_IDLE,MOCK,KIRI_2025_20|ASSUMPTION_V1
USR00205,23,20s,STABLE_GROWTH,TAX_BENEFIT_IDLE,MOCK,KIRI_2025_20|ASSUMPTION_V1
USR00206,54,50_plus,CONSERVATIVE,DC_NEGLECT,MOCK,KIRI_2025_20|ASSUMPTION_V1
USR00207,21,20s,AGGRESSIVE,DC_NEGLECT,MOCK,KIRI_2025_20|ASSUMPTION_V1
USR00208,48,40s,STABLE_GROWTH,DC_NEGLECT,MOCK,KIRI_2025_20|ASSUMPTION_V1
USR00209,42,40s,CONSERVATIVE,DC_NEGLECT,MOCK,KIRI_2025_20|ASSUMPTION_V1
USR00210,50,50_plus,STABLE_GROWTH,DC_NEGLECT,MOCK,KIRI_2025_20|ASSUMPTION_V1
USR00211,22,20s,GROWTH,OVERLAP_RISK,MOCK,KIRI_2025_20|ASSUMPTION_V1
USR00212,38,30s,GROWTH,TAX_BENEFIT_IDLE,MOCK,KIRI_2025_20|ASSUMPTION_V1
USR00213,47,40s,CONSERVATIVE,DC_NEGLECT,MOCK,KIRI_2025_20|ASSUMPTION_V1
USR00214,52,50_plus,CONSERVATIVE,TAX_BENEFIT_IDLE,MOCK,KIRI_2025_20|ASSUMPTION_V1
USR00215,59,50_plus,STABLE_GROWTH,OVERLAP_RISK,MOCK,KIRI_2025_20|ASSUMPTION_V1
USR00216,24,20s,GROWTH,DC_NEGLECT,MOCK,KIRI_2025_20|ASSUMPTION_V1
USR00217,33,30s,BALANCED,OVERLAP_RISK,MOCK,KIRI_2025_20|ASSUMPTION_V1
USR00218,41,40s,GROWTH,OVERLAP_RISK,MOCK,KIRI_2025_20|ASSUMPTION_V1
USR00219,48,40s,STABLE_GROWTH,DC_NEGLECT,MOCK,KIRI_2025_20|ASSUMPTION_V1
USR00220,34,30s,GROWTH,OVERLAP_RISK,MOCK,KIRI_2025_20|ASSUMPTION_V1
USR00221,57,50_plus,CONSERVATIVE,OVERLAP_RISK,MOCK,KIRI_2025_20|ASSUMPTION_V1
USR00222,21,20s,GROWTH,TAX_BENEFIT_IDLE,MOCK,KIRI_2025_20|ASSUMPTION_V1
USR00223,32,30s,STABLE_GROWTH,DC_NEGLECT,MOCK,KIRI_2025_20|ASSUMPTION_V1
USR00224,27,20s,BALANCED,DC_NEGLECT,MOCK,KIRI_2025_20|ASSUMPTION_V1
USR00225,21,20s,CONSERVATIVE,TAX_BENEFIT_IDLE,MOCK,KIRI_2025_20|ASSUMPTION_V1
USR00226,32,30s,BALANCED,DC_NEGLECT,MOCK,KIRI_2025_20|ASSUMPTION_V1
USR00227,28,20s,GROWTH,DC_NEGLECT,MOCK,KIRI_2025_20|ASSUMPTION_V1
USR00228,56,50_plus,CONSERVATIVE,OVERLAP_RISK,MOCK,KIRI_2025_20|ASSUMPTION_V1
USR00229,49,40s,STABLE_GROWTH,DC_NEGLECT,MOCK,KIRI_2025_20|ASSUMPTION_V1
USR00230,42,40s,STABLE_GROWTH,TAX_BENEFIT_IDLE,MOCK,KIRI_2025_20|ASSUMPTION_V1
USR00231,37,30s,GROWTH,OVERLAP_RISK,MOCK,KIRI_2025_20|ASSUMPTION_V1
USR00232,47,40s,BALANCED,OVERLAP_RISK,MOCK,KIRI_2025_20|ASSUMPTION_V1
USR00233,59,50_plus,GROWTH,DC_NEGLECT,MOCK,KIRI_2025_20|ASSUMPTION_V1
USR00234,43,40s,BALANCED,DC_NEGLECT,MOCK,KIRI_2025_20|ASSUMPTION_V1
USR00235,40,40s,STABLE_GROWTH,OVERLAP_RISK,MOCK,KIRI_2025_20|ASSUMPTION_V1
USR00236,25,20s,GROWTH,OVERLAP_RISK,MOCK,KIRI_2025_20|ASSUMPTION_V1
USR00237,26,20s,CONSERVATIVE,DC_NEGLECT,MOCK,KIRI_2025_20|ASSUMPTION_V1
USR00238,40,40s,GROWTH,OVERLAP_RISK,MOCK,KIRI_2025_20|ASSUMPTION_V1
USR00239,52,50_plus,CONSERVATIVE,OVERLAP_RISK,MOCK,KIRI_2025_20|ASSUMPTION_V1
USR00240,50,50_plus,AGGRESSIVE,DC_NEGLECT,MOCK,KIRI_2025_20|ASSUMPTION_V1
USR00241,63,50_plus,BALANCED,OVERLAP_RISK,MOCK,KIRI_2025_20|ASSUMPTION_V1
USR00242,32,30s,AGGRESSIVE,OVERLAP_RISK,MOCK,KIRI_2025_20|ASSUMPTION_V1
USR00243,62,50_plus,GROWTH,OVERLAP_RISK,MOCK,KIRI_2025_20|ASSUMPTION_V1
USR00244,55,50_plus,BALANCED,TAX_BENEFIT_IDLE,MOCK,KIRI_2025_20|ASSUMPTION_V1
USR00245,56,50_plus,GROWTH,DC_NEGLECT,MOCK,KIRI_2025_20|ASSUMPTION_V1
USR00246,47,40s,BALANCED,OVERLAP_RISK,MOCK,KIRI_2025_20|ASSUMPTION_V1
USR00247,30,30s,GROWTH,DC_NEGLECT,MOCK,KIRI_2025_20|ASSUMPTION_V1
USR00248,32,30s,BALANCED,TAX_BENEFIT_IDLE,MOCK,KIRI_2025_20|ASSUMPTION_V1
USR00249,51,50_plus,BALANCED,DC_NEGLECT,MOCK,KIRI_2025_20|ASSUMPTION_V1
USR00250,33,30s,GROWTH,DC_NEGLECT,MOCK,KIRI_2025_20|ASSUMPTION_V1
USR00251,50,50_plus,CONSERVATIVE,DC_NEGLECT,MOCK,KIRI_2025_20|ASSUMPTION_V1
USR00252,21,20s,STABLE_GROWTH,OVERLAP_RISK,MOCK,KIRI_2025_20|ASSUMPTION_V1
USR00253,47,40s,GROWTH,OVERLAP_RISK,MOCK,KIRI_2025_20|ASSUMPTION_V1
USR00254,44,40s,BALANCED,DC_NEGLECT,MOCK,KIRI_2025_20|ASSUMPTION_V1
USR00255,38,30s,AGGRESSIVE,DC_NEGLECT,MOCK,KIRI_2025_20|ASSUMPTION_V1
USR00256,30,30s,STABLE_GROWTH,DC_NEGLECT,MOCK,KIRI_2025_20|ASSUMPTION_V1
USR00257,43,40s,GROWTH,TAX_BENEFIT_IDLE,MOCK,KIRI_2025_20|ASSUMPTION_V1
USR00258,35,30s,STABLE_GROWTH,OVERLAP_RISK,MOCK,KIRI_2025_20|ASSUMPTION_V1
USR00259,40,40s,AGGRESSIVE,DC_NEGLECT,MOCK,KIRI_2025_20|ASSUMPTION_V1
USR00260,35,30s,GROWTH,TAX_BENEFIT_IDLE,MOCK,KIRI_2025_20|ASSUMPTION_V1
USR00261,33,30s,GROWTH,DC_NEGLECT,MOCK,KIRI_2025_20|ASSUMPTION_V1
USR00262,40,40s,STABLE_GROWTH,OVERLAP_RISK,MOCK,KIRI_2025_20|ASSUMPTION_V1
USR00263,46,40s,BALANCED,DC_NEGLECT,MOCK,KIRI_2025_20|ASSUMPTION_V1
USR00264,46,40s,BALANCED,OVERLAP_RISK,MOCK,KIRI_2025_20|ASSUMPTION_V1
USR00265,47,40s,CONSERVATIVE,DC_NEGLECT,MOCK,KIRI_2025_20|ASSUMPTION_V1
USR00266,39,30s,BALANCED,TAX_BENEFIT_IDLE,MOCK,KIRI_2025_20|ASSUMPTION_V1
USR00267,43,40s,BALANCED,TAX_BENEFIT_IDLE,MOCK,KIRI_2025_20|ASSUMPTION_V1
USR00268,35,30s,CONSERVATIVE,DC_NEGLECT,MOCK,KIRI_2025_20|ASSUMPTION_V1
USR00269,62,50_plus,BALANCED,DC_NEGLECT,MOCK,KIRI_2025_20|ASSUMPTION_V1
USR00270,30,30s,BALANCED,OVERLAP_RISK,MOCK,KIRI_2025_20|ASSUMPTION_V1
USR00271,49,40s,BALANCED,DC_NEGLECT,MOCK,KIRI_2025_20|ASSUMPTION_V1
USR00272,25,20s,AGGRESSIVE,OVERLAP_RISK,MOCK,KIRI_2025_20|ASSUMPTION_V1
USR00273,24,20s,GROWTH,DC_NEGLECT,MOCK,KIRI_2025_20|ASSUMPTION_V1
USR00274,31,30s,STABLE_GROWTH,DC_NEGLECT,MOCK,KIRI_2025_20|ASSUMPTION_V1
USR00275,38,30s,BALANCED,TAX_BENEFIT_IDLE,MOCK,KIRI_2025_20|ASSUMPTION_V1
USR00276,51,50_plus,CONSERVATIVE,TAX_BENEFIT_IDLE,MOCK,KIRI_2025_20|ASSUMPTION_V1
USR00277,43,40s,STABLE_GROWTH,DC_NEGLECT,MOCK,KIRI_2025_20|ASSUMPTION_V1
USR00278,49,40s,BALANCED,OVERLAP_RISK,MOCK,KIRI_2025_20|ASSUMPTION_V1
USR00279,58,50_plus,CONSERVATIVE,OVERLAP_RISK,MOCK,KIRI_2025_20|ASSUMPTION_V1
USR00280,43,40s,CONSERVATIVE,TAX_BENEFIT_IDLE,MOCK,KIRI_2025_20|ASSUMPTION_V1
USR00281,34,30s,GROWTH,DC_NEGLECT,MOCK,KIRI_2025_20|ASSUMPTION_V1
USR00282,39,30s,BALANCED,DC_NEGLECT,MOCK,KIRI_2025_20|ASSUMPTION_V1
USR00283,42,40s,STABLE_GROWTH,TAX_BENEFIT_IDLE,MOCK,KIRI_2025_20|ASSUMPTION_V1
USR00284,45,40s,STABLE_GROWTH,TAX_BENEFIT_IDLE,MOCK,KIRI_2025_20|ASSUMPTION_V1
USR00285,39,30s,GROWTH,DC_NEGLECT,MOCK,KIRI_2025_20|ASSUMPTION_V1
USR00286,51,50_plus,AGGRESSIVE,DC_NEGLECT,MOCK,KIRI_2025_20|ASSUMPTION_V1
USR00287,48,40s,GROWTH,OVERLAP_RISK,MOCK,KIRI_2025_20|ASSUMPTION_V1
USR00288,32,30s,BALANCED,DC_NEGLECT,MOCK,KIRI_2025_20|ASSUMPTION_V1
USR00289,33,30s,GROWTH,OVERLAP_RISK,MOCK,KIRI_2025_20|ASSUMPTION_V1
USR00290,34,30s,STABLE_GROWTH,TAX_BENEFIT_IDLE,MOCK,KIRI_2025_20|ASSUMPTION_V1
USR00291,42,40s,BALANCED,DC_NEGLECT,MOCK,KIRI_2025_20|ASSUMPTION_V1
USR00292,42,40s,GROWTH,DC_NEGLECT,MOCK,KIRI_2025_20|ASSUMPTION_V1
USR00293,63,50_plus,BALANCED,DC_NEGLECT,MOCK,KIRI_2025_20|ASSUMPTION_V1
USR00294,58,50_plus,GROWTH,OVERLAP_RISK,MOCK,KIRI_2025_20|ASSUMPTION_V1
USR00295,59,50_plus,BALANCED,TAX_BENEFIT_IDLE,MOCK,KIRI_2025_20|ASSUMPTION_V1
USR00296,37,30s,GROWTH,DC_NEGLECT,MOCK,KIRI_2025_20|ASSUMPTION_V1
USR00297,33,30s,GROWTH,DC_NEGLECT,MOCK,KIRI_2025_20|ASSUMPTION_V1
USR00298,37,30s,GROWTH,TAX_BENEFIT_IDLE,MOCK,KIRI_2025_20|ASSUMPTION_V1
USR00299,27,20s,BALANCED,OVERLAP_RISK,MOCK,KIRI_2025_20|ASSUMPTION_V1
USR00300,46,40s,STABLE_GROWTH,TAX_BENEFIT_IDLE,MOCK,KIRI_2025_20|ASSUMPTION_V1
USR00301,49,40s,STABLE_GROWTH,DC_NEGLECT,MOCK,KIRI_2025_20|ASSUMPTION_V1
USR00302,58,50_plus,STABLE_GROWTH,OVERLAP_RISK,MOCK,KIRI_2025_20|ASSUMPTION_V1
USR00303,55,50_plus,CONSERVATIVE,DC_NEGLECT,MOCK,KIRI_2025_20|ASSUMPTION_V1
USR00304,22,20s,STABLE_GROWTH,TAX_BENEFIT_IDLE,MOCK,KIRI_2025_20|ASSUMPTION_V1
USR00305,46,40s,GROWTH,TAX_BENEFIT_IDLE,MOCK,KIRI_2025_20|ASSUMPTION_V1
USR00306,64,50_plus,GROWTH,TAX_BENEFIT_IDLE,MOCK,KIRI_2025_20|ASSUMPTION_V1
USR00307,57,50_plus,AGGRESSIVE,DC_NEGLECT,MOCK,KIRI_2025_20|ASSUMPTION_V1
USR00308,22,20s,BALANCED,DC_NEGLECT,MOCK,KIRI_2025_20|ASSUMPTION_V1
USR00309,40,40s,GROWTH,DC_NEGLECT,MOCK,KIRI_2025_20|ASSUMPTION_V1
USR00310,52,50_plus,CONSERVATIVE,OVERLAP_RISK,MOCK,KIRI_2025_20|ASSUMPTION_V1
USR00311,27,20s,STABLE_GROWTH,TAX_BENEFIT_IDLE,MOCK,KIRI_2025_20|ASSUMPTION_V1
USR00312,40,40s,GROWTH,DC_NEGLECT,MOCK,KIRI_2025_20|ASSUMPTION_V1
USR00313,44,40s,CONSERVATIVE,DC_NEGLECT,MOCK,KIRI_2025_20|ASSUMPTION_V1
USR00314,21,20s,BALANCED,OVERLAP_RISK,MOCK,KIRI_2025_20|ASSUMPTION_V1
USR00315,39,30s,CONSERVATIVE,DC_NEGLECT,MOCK,KIRI_2025_20|ASSUMPTION_V1
USR00316,45,40s,AGGRESSIVE,DC_NEGLECT,MOCK,KIRI_2025_20|ASSUMPTION_V1
USR00317,34,30s,BALANCED,DC_NEGLECT,MOCK,KIRI_2025_20|ASSUMPTION_V1
USR00318,49,40s,BALANCED,OVERLAP_RISK,MOCK,KIRI_2025_20|ASSUMPTION_V1
USR00319,47,40s,STABLE_GROWTH,DC_NEGLECT,MOCK,KIRI_2025_20|ASSUMPTION_V1
USR00320,39,30s,STABLE_GROWTH,TAX_BENEFIT_IDLE,MOCK,KIRI_2025_20|ASSUMPTION_V1
USR00321,39,30s,CONSERVATIVE,OVERLAP_RISK,MOCK,KIRI_2025_20|ASSUMPTION_V1
USR00322,30,30s,AGGRESSIVE,DC_NEGLECT,MOCK,KIRI_2025_20|ASSUMPTION_V1
USR00323,32,30s,GROWTH,DC_NEGLECT,MOCK,KIRI_2025_20|ASSUMPTION_V1
USR00324,61,50_plus,STABLE_GROWTH,TAX_BENEFIT_IDLE,MOCK,KIRI_2025_20|ASSUMPTION_V1
USR00325,43,40s,BALANCED,TAX_BENEFIT_IDLE,MOCK,KIRI_2025_20|ASSUMPTION_V1
USR00326,58,50_plus,AGGRESSIVE,DC_NEGLECT,MOCK,KIRI_2025_20|ASSUMPTION_V1
USR00327,35,30s,BALANCED,DC_NEGLECT,MOCK,KIRI_2025_20|ASSUMPTION_V1
USR00328,63,50_plus,STABLE_GROWTH,TAX_BENEFIT_IDLE,MOCK,KIRI_2025_20|ASSUMPTION_V1
USR00329,47,40s,STABLE_GROWTH,DC_NEGLECT,MOCK,KIRI_2025_20|ASSUMPTION_V1
USR00330,31,30s,STABLE_GROWTH,TAX_BENEFIT_IDLE,MOCK,KIRI_2025_20|ASSUMPTION_V1
USR00331,49,40s,CONSERVATIVE,DC_NEGLECT,MOCK,KIRI_2025_20|ASSUMPTION_V1
USR00332,26,20s,BALANCED,OVERLAP_RISK,MOCK,KIRI_2025_20|ASSUMPTION_V1
USR00333,49,40s,STABLE_GROWTH,DC_NEGLECT,MOCK,KIRI_2025_20|ASSUMPTION_V1
USR00334,53,50_plus,STABLE_GROWTH,DC_NEGLECT,MOCK,KIRI_2025_20|ASSUMPTION_V1
USR00335,41,40s,STABLE_GROWTH,TAX_BENEFIT_IDLE,MOCK,KIRI_2025_20|ASSUMPTION_V1
USR00336,47,40s,CONSERVATIVE,DC_NEGLECT,MOCK,KIRI_2025_20|ASSUMPTION_V1
USR00337,33,30s,GROWTH,DC_NEGLECT,MOCK,KIRI_2025_20|ASSUMPTION_V1
USR00338,44,40s,STABLE_GROWTH,TAX_BENEFIT_IDLE,MOCK,KIRI_2025_20|ASSUMPTION_V1
USR00339,35,30s,BALANCED,OVERLAP_RISK,MOCK,KIRI_2025_20|ASSUMPTION_V1
USR00340,44,40s,STABLE_GROWTH,DC_NEGLECT,MOCK,KIRI_2025_20|ASSUMPTION_V1
USR00341,61,50_plus,STABLE_GROWTH,TAX_BENEFIT_IDLE,MOCK,KIRI_2025_20|ASSUMPTION_V1
USR00342,38,30s,STABLE_GROWTH,DC_NEGLECT,MOCK,KIRI_2025_20|ASSUMPTION_V1
USR00343,36,30s,STABLE_GROWTH,OVERLAP_RISK,MOCK,KIRI_2025_20|ASSUMPTION_V1
USR00344,59,50_plus,BALANCED,TAX_BENEFIT_IDLE,MOCK,KIRI_2025_20|ASSUMPTION_V1
USR00345,59,50_plus,BALANCED,DC_NEGLECT,MOCK,KIRI_2025_20|ASSUMPTION_V1
USR00346,42,40s,AGGRESSIVE,DC_NEGLECT,MOCK,KIRI_2025_20|ASSUMPTION_V1
USR00347,52,50_plus,STABLE_GROWTH,TAX_BENEFIT_IDLE,MOCK,KIRI_2025_20|ASSUMPTION_V1
USR00348,21,20s,AGGRESSIVE,TAX_BENEFIT_IDLE,MOCK,KIRI_2025_20|ASSUMPTION_V1
USR00349,43,40s,BALANCED,OVERLAP_RISK,MOCK,KIRI_2025_20|ASSUMPTION_V1
USR00350,61,50_plus,GROWTH,OVERLAP_RISK,MOCK,KIRI_2025_20|ASSUMPTION_V1
USR00351,54,50_plus,BALANCED,DC_NEGLECT,MOCK,KIRI_2025_20|ASSUMPTION_V1
USR00352,59,50_plus,GROWTH,OVERLAP_RISK,MOCK,KIRI_2025_20|ASSUMPTION_V1
USR00353,47,40s,STABLE_GROWTH,TAX_BENEFIT_IDLE,MOCK,KIRI_2025_20|ASSUMPTION_V1
USR00354,26,20s,BALANCED,TAX_BENEFIT_IDLE,MOCK,KIRI_2025_20|ASSUMPTION_V1
USR00355,49,40s,BALANCED,OVERLAP_RISK,MOCK,KIRI_2025_20|ASSUMPTION_V1
USR00356,21,20s,STABLE_GROWTH,DC_NEGLECT,MOCK,KIRI_2025_20|ASSUMPTION_V1
USR00357,39,30s,CONSERVATIVE,TAX_BENEFIT_IDLE,MOCK,KIRI_2025_20|ASSUMPTION_V1
USR00358,62,50_plus,BALANCED,OVERLAP_RISK,MOCK,KIRI_2025_20|ASSUMPTION_V1
USR00359,38,30s,BALANCED,DC_NEGLECT,MOCK,KIRI_2025_20|ASSUMPTION_V1
USR00360,42,40s,BALANCED,DC_NEGLECT,MOCK,KIRI_2025_20|ASSUMPTION_V1
USR00361,30,30s,STABLE_GROWTH,OVERLAP_RISK,MOCK,KIRI_2025_20|ASSUMPTION_V1
USR00362,43,40s,GROWTH,TAX_BENEFIT_IDLE,MOCK,KIRI_2025_20|ASSUMPTION_V1
USR00363,25,20s,STABLE_GROWTH,OVERLAP_RISK,MOCK,KIRI_2025_20|ASSUMPTION_V1
USR00364,34,30s,GROWTH,DC_NEGLECT,MOCK,KIRI_2025_20|ASSUMPTION_V1
USR00365,48,40s,STABLE_GROWTH,OVERLAP_RISK,MOCK,KIRI_2025_20|ASSUMPTION_V1
USR00366,39,30s,BALANCED,DC_NEGLECT,MOCK,KIRI_2025_20|ASSUMPTION_V1
USR00367,21,20s,GROWTH,OVERLAP_RISK,MOCK,KIRI_2025_20|ASSUMPTION_V1
USR00368,26,20s,STABLE_GROWTH,TAX_BENEFIT_IDLE,MOCK,KIRI_2025_20|ASSUMPTION_V1
USR00369,38,30s,GROWTH,DC_NEGLECT,MOCK,KIRI_2025_20|ASSUMPTION_V1
USR00370,43,40s,BALANCED,DC_NEGLECT,MOCK,KIRI_2025_20|ASSUMPTION_V1
USR00371,48,40s,CONSERVATIVE,TAX_BENEFIT_IDLE,MOCK,KIRI_2025_20|ASSUMPTION_V1
USR00372,32,30s,STABLE_GROWTH,DC_NEGLECT,MOCK,KIRI_2025_20|ASSUMPTION_V1
USR00373,33,30s,STABLE_GROWTH,OVERLAP_RISK,MOCK,KIRI_2025_20|ASSUMPTION_V1
USR00374,22,20s,CONSERVATIVE,DC_NEGLECT,MOCK,KIRI_2025_20|ASSUMPTION_V1
USR00375,48,40s,AGGRESSIVE,OVERLAP_RISK,MOCK,KIRI_2025_20|ASSUMPTION_V1
USR00376,38,30s,BALANCED,OVERLAP_RISK,MOCK,KIRI_2025_20|ASSUMPTION_V1
USR00377,47,40s,STABLE_GROWTH,TAX_BENEFIT_IDLE,MOCK,KIRI_2025_20|ASSUMPTION_V1
USR00378,64,50_plus,BALANCED,TAX_BENEFIT_IDLE,MOCK,KIRI_2025_20|ASSUMPTION_V1
USR00379,60,50_plus,BALANCED,TAX_BENEFIT_IDLE,MOCK,KIRI_2025_20|ASSUMPTION_V1
USR00380,31,30s,STABLE_GROWTH,DC_NEGLECT,MOCK,KIRI_2025_20|ASSUMPTION_V1
USR00381,32,30s,GROWTH,OVERLAP_RISK,MOCK,KIRI_2025_20|ASSUMPTION_V1
USR00382,41,40s,AGGRESSIVE,TAX_BENEFIT_IDLE,MOCK,KIRI_2025_20|ASSUMPTION_V1
USR00383,23,20s,CONSERVATIVE,DC_NEGLECT,MOCK,KIRI_2025_20|ASSUMPTION_V1
USR00384,60,50_plus,STABLE_GROWTH,TAX_BENEFIT_IDLE,MOCK,KIRI_2025_20|ASSUMPTION_V1
USR00385,49,40s,STABLE_GROWTH,OVERLAP_RISK,MOCK,KIRI_2025_20|ASSUMPTION_V1
USR00386,48,40s,BALANCED,OVERLAP_RISK,MOCK,KIRI_2025_20|ASSUMPTION_V1
USR00387,36,30s,BALANCED,TAX_BENEFIT_IDLE,MOCK,KIRI_2025_20|ASSUMPTION_V1
USR00388,46,40s,STABLE_GROWTH,TAX_BENEFIT_IDLE,MOCK,KIRI_2025_20|ASSUMPTION_V1
USR00389,46,40s,STABLE_GROWTH,DC_NEGLECT,MOCK,KIRI_2025_20|ASSUMPTION_V1
USR00390,49,40s,STABLE_GROWTH,DC_NEGLECT,MOCK,KIRI_2025_20|ASSUMPTION_V1
USR00391,29,20s,BALANCED,TAX_BENEFIT_IDLE,MOCK,KIRI_2025_20|ASSUMPTION_V1
USR00392,55,50_plus,CONSERVATIVE,OVERLAP_RISK,MOCK,KIRI_2025_20|ASSUMPTION_V1
USR00393,48,40s,CONSERVATIVE,OVERLAP_RISK,MOCK,KIRI_2025_20|ASSUMPTION_V1
USR00394,57,50_plus,STABLE_GROWTH,DC_NEGLECT,MOCK,KIRI_2025_20|ASSUMPTION_V1
USR00395,29,20s,STABLE_GROWTH,DC_NEGLECT,MOCK,KIRI_2025_20|ASSUMPTION_V1
USR00396,50,50_plus,BALANCED,TAX_BENEFIT_IDLE,MOCK,KIRI_2025_20|ASSUMPTION_V1
USR00397,46,40s,GROWTH,OVERLAP_RISK,MOCK,KIRI_2025_20|ASSUMPTION_V1
USR00398,36,30s,AGGRESSIVE,DC_NEGLECT,MOCK,KIRI_2025_20|ASSUMPTION_V1
USR00399,63,50_plus,STABLE_GROWTH,DC_NEGLECT,MOCK,KIRI_2025_20|ASSUMPTION_V1
USR00400,44,40s,CONSERVATIVE,TAX_BENEFIT_IDLE,MOCK,KIRI_2025_20|ASSUMPTION_V1
USR00401,56,50_plus,GROWTH,DC_NEGLECT,MOCK,KIRI_2025_20|ASSUMPTION_V1
USR00402,53,50_plus,BALANCED,OVERLAP_RISK,MOCK,KIRI_2025_20|ASSUMPTION_V1
USR00403,32,30s,GROWTH,OVERLAP_RISK,MOCK,KIRI_2025_20|ASSUMPTION_V1
USR00404,60,50_plus,CONSERVATIVE,DC_NEGLECT,MOCK,KIRI_2025_20|ASSUMPTION_V1
USR00405,34,30s,CONSERVATIVE,DC_NEGLECT,MOCK,KIRI_2025_20|ASSUMPTION_V1
USR00406,51,50_plus,BALANCED,OVERLAP_RISK,MOCK,KIRI_2025_20|ASSUMPTION_V1
USR00407,52,50_plus,STABLE_GROWTH,TAX_BENEFIT_IDLE,MOCK,KIRI_2025_20|ASSUMPTION_V1
USR00408,23,20s,AGGRESSIVE,DC_NEGLECT,MOCK,KIRI_2025_20|ASSUMPTION_V1
USR00409,48,40s,STABLE_GROWTH,DC_NEGLECT,MOCK,KIRI_2025_20|ASSUMPTION_V1
USR00410,48,40s,BALANCED,DC_NEGLECT,MOCK,KIRI_2025_20|ASSUMPTION_V1
USR00411,45,40s,GROWTH,DC_NEGLECT,MOCK,KIRI_2025_20|ASSUMPTION_V1
USR00412,58,50_plus,CONSERVATIVE,OVERLAP_RISK,MOCK,KIRI_2025_20|ASSUMPTION_V1
USR00413,56,50_plus,CONSERVATIVE,TAX_BENEFIT_IDLE,MOCK,KIRI_2025_20|ASSUMPTION_V1
USR00414,61,50_plus,AGGRESSIVE,TAX_BENEFIT_IDLE,MOCK,KIRI_2025_20|ASSUMPTION_V1
USR00415,44,40s,BALANCED,OVERLAP_RISK,MOCK,KIRI_2025_20|ASSUMPTION_V1
USR00416,40,40s,BALANCED,OVERLAP_RISK,MOCK,KIRI_2025_20|ASSUMPTION_V1
USR00417,46,40s,BALANCED,TAX_BENEFIT_IDLE,MOCK,KIRI_2025_20|ASSUMPTION_V1
USR00418,46,40s,BALANCED,DC_NEGLECT,MOCK,KIRI_2025_20|ASSUMPTION_V1
USR00419,51,50_plus,BALANCED,OVERLAP_RISK,MOCK,KIRI_2025_20|ASSUMPTION_V1
USR00420,44,40s,BALANCED,TAX_BENEFIT_IDLE,MOCK,KIRI_2025_20|ASSUMPTION_V1
USR00421,40,40s,BALANCED,OVERLAP_RISK,MOCK,KIRI_2025_20|ASSUMPTION_V1
USR00422,64,50_plus,GROWTH,OVERLAP_RISK,MOCK,KIRI_2025_20|ASSUMPTION_V1
USR00423,48,40s,AGGRESSIVE,OVERLAP_RISK,MOCK,KIRI_2025_20|ASSUMPTION_V1
USR00424,36,30s,AGGRESSIVE,TAX_BENEFIT_IDLE,MOCK,KIRI_2025_20|ASSUMPTION_V1
USR00425,30,30s,BALANCED,TAX_BENEFIT_IDLE,MOCK,KIRI_2025_20|ASSUMPTION_V1
USR00426,29,20s,BALANCED,DC_NEGLECT,MOCK,KIRI_2025_20|ASSUMPTION_V1
USR00427,49,40s,BALANCED,DC_NEGLECT,MOCK,KIRI_2025_20|ASSUMPTION_V1
USR00428,52,50_plus,BALANCED,DC_NEGLECT,MOCK,KIRI_2025_20|ASSUMPTION_V1
USR00429,37,30s,STABLE_GROWTH,DC_NEGLECT,MOCK,KIRI_2025_20|ASSUMPTION_V1
USR00430,33,30s,CONSERVATIVE,OVERLAP_RISK,MOCK,KIRI_2025_20|ASSUMPTION_V1
USR00431,29,20s,AGGRESSIVE,OVERLAP_RISK,MOCK,KIRI_2025_20|ASSUMPTION_V1
USR00432,37,30s,GROWTH,DC_NEGLECT,MOCK,KIRI_2025_20|ASSUMPTION_V1
USR00433,46,40s,CONSERVATIVE,DC_NEGLECT,MOCK,KIRI_2025_20|ASSUMPTION_V1
USR00434,44,40s,BALANCED,TAX_BENEFIT_IDLE,MOCK,KIRI_2025_20|ASSUMPTION_V1
USR00435,50,50_plus,CONSERVATIVE,DC_NEGLECT,MOCK,KIRI_2025_20|ASSUMPTION_V1
USR00436,36,30s,STABLE_GROWTH,TAX_BENEFIT_IDLE,MOCK,KIRI_2025_20|ASSUMPTION_V1
USR00437,21,20s,AGGRESSIVE,TAX_BENEFIT_IDLE,MOCK,KIRI_2025_20|ASSUMPTION_V1
USR00438,46,40s,BALANCED,TAX_BENEFIT_IDLE,MOCK,KIRI_2025_20|ASSUMPTION_V1
USR00439,20,20s,GROWTH,DC_NEGLECT,MOCK,KIRI_2025_20|ASSUMPTION_V1
USR00440,55,50_plus,BALANCED,DC_NEGLECT,MOCK,KIRI_2025_20|ASSUMPTION_V1
USR00441,25,20s,CONSERVATIVE,OVERLAP_RISK,MOCK,KIRI_2025_20|ASSUMPTION_V1
USR00442,56,50_plus,CONSERVATIVE,DC_NEGLECT,MOCK,KIRI_2025_20|ASSUMPTION_V1
USR00443,46,40s,GROWTH,DC_NEGLECT,MOCK,KIRI_2025_20|ASSUMPTION_V1
USR00444,33,30s,STABLE_GROWTH,OVERLAP_RISK,MOCK,KIRI_2025_20|ASSUMPTION_V1
USR00445,55,50_plus,CONSERVATIVE,DC_NEGLECT,MOCK,KIRI_2025_20|ASSUMPTION_V1
USR00446,23,20s,CONSERVATIVE,DC_NEGLECT,MOCK,KIRI_2025_20|ASSUMPTION_V1
USR00447,45,40s,STABLE_GROWTH,OVERLAP_RISK,MOCK,KIRI_2025_20|ASSUMPTION_V1
USR00448,43,40s,CONSERVATIVE,OVERLAP_RISK,MOCK,KIRI_2025_20|ASSUMPTION_V1
USR00449,32,30s,AGGRESSIVE,TAX_BENEFIT_IDLE,MOCK,KIRI_2025_20|ASSUMPTION_V1
USR00450,28,20s,AGGRESSIVE,OVERLAP_RISK,MOCK,KIRI_2025_20|ASSUMPTION_V1
USR00451,62,50_plus,STABLE_GROWTH,OVERLAP_RISK,MOCK,KIRI_2025_20|ASSUMPTION_V1
USR00452,62,50_plus,CONSERVATIVE,OVERLAP_RISK,MOCK,KIRI_2025_20|ASSUMPTION_V1
USR00453,49,40s,AGGRESSIVE,DC_NEGLECT,MOCK,KIRI_2025_20|ASSUMPTION_V1
USR00454,30,30s,CONSERVATIVE,TAX_BENEFIT_IDLE,MOCK,KIRI_2025_20|ASSUMPTION_V1
USR00455,35,30s,BALANCED,OVERLAP_RISK,MOCK,KIRI_2025_20|ASSUMPTION_V1
USR00456,32,30s,STABLE_GROWTH,DC_NEGLECT,MOCK,KIRI_2025_20|ASSUMPTION_V1
USR00457,38,30s,GROWTH,DC_NEGLECT,MOCK,KIRI_2025_20|ASSUMPTION_V1
USR00458,42,40s,CONSERVATIVE,DC_NEGLECT,MOCK,KIRI_2025_20|ASSUMPTION_V1
USR00459,40,40s,GROWTH,TAX_BENEFIT_IDLE,MOCK,KIRI_2025_20|ASSUMPTION_V1
USR00460,45,40s,AGGRESSIVE,OVERLAP_RISK,MOCK,KIRI_2025_20|ASSUMPTION_V1
USR00461,44,40s,STABLE_GROWTH,DC_NEGLECT,MOCK,KIRI_2025_20|ASSUMPTION_V1
USR00462,61,50_plus,STABLE_GROWTH,DC_NEGLECT,MOCK,KIRI_2025_20|ASSUMPTION_V1
USR00463,63,50_plus,CONSERVATIVE,DC_NEGLECT,MOCK,KIRI_2025_20|ASSUMPTION_V1
USR00464,31,30s,BALANCED,DC_NEGLECT,MOCK,KIRI_2025_20|ASSUMPTION_V1
USR00465,59,50_plus,STABLE_GROWTH,DC_NEGLECT,MOCK,KIRI_2025_20|ASSUMPTION_V1
USR00466,45,40s,STABLE_GROWTH,TAX_BENEFIT_IDLE,MOCK,KIRI_2025_20|ASSUMPTION_V1
USR00467,54,50_plus,CONSERVATIVE,DC_NEGLECT,MOCK,KIRI_2025_20|ASSUMPTION_V1
USR00468,34,30s,GROWTH,OVERLAP_RISK,MOCK,KIRI_2025_20|ASSUMPTION_V1
USR00469,58,50_plus,BALANCED,DC_NEGLECT,MOCK,KIRI_2025_20|ASSUMPTION_V1
USR00470,32,30s,GROWTH,TAX_BENEFIT_IDLE,MOCK,KIRI_2025_20|ASSUMPTION_V1
USR00471,35,30s,STABLE_GROWTH,DC_NEGLECT,MOCK,KIRI_2025_20|ASSUMPTION_V1
USR00472,64,50_plus,CONSERVATIVE,OVERLAP_RISK,MOCK,KIRI_2025_20|ASSUMPTION_V1
USR00473,32,30s,BALANCED,TAX_BENEFIT_IDLE,MOCK,KIRI_2025_20|ASSUMPTION_V1
USR00474,34,30s,BALANCED,TAX_BENEFIT_IDLE,MOCK,KIRI_2025_20|ASSUMPTION_V1
USR00475,62,50_plus,STABLE_GROWTH,TAX_BENEFIT_IDLE,MOCK,KIRI_2025_20|ASSUMPTION_V1
USR00476,35,30s,AGGRESSIVE,TAX_BENEFIT_IDLE,MOCK,KIRI_2025_20|ASSUMPTION_V1
USR00477,52,50_plus,STABLE_GROWTH,DC_NEGLECT,MOCK,KIRI_2025_20|ASSUMPTION_V1
USR00478,64,50_plus,CONSERVATIVE,TAX_BENEFIT_IDLE,MOCK,KIRI_2025_20|ASSUMPTION_V1
USR00479,56,50_plus,BALANCED,DC_NEGLECT,MOCK,KIRI_2025_20|ASSUMPTION_V1
USR00480,31,30s,STABLE_GROWTH,DC_NEGLECT,MOCK,KIRI_2025_20|ASSUMPTION_V1
USR00481,31,30s,GROWTH,OVERLAP_RISK,MOCK,KIRI_2025_20|ASSUMPTION_V1
USR00482,30,30s,GROWTH,OVERLAP_RISK,MOCK,KIRI_2025_20|ASSUMPTION_V1
USR00483,45,40s,BALANCED,OVERLAP_RISK,MOCK,KIRI_2025_20|ASSUMPTION_V1
USR00484,40,40s,CONSERVATIVE,OVERLAP_RISK,MOCK,KIRI_2025_20|ASSUMPTION_V1
USR00485,47,40s,STABLE_GROWTH,TAX_BENEFIT_IDLE,MOCK,KIRI_2025_20|ASSUMPTION_V1
USR00486,36,30s,GROWTH,DC_NEGLECT,MOCK,KIRI_2025_20|ASSUMPTION_V1
USR00487,51,50_plus,STABLE_GROWTH,TAX_BENEFIT_IDLE,MOCK,KIRI_2025_20|ASSUMPTION_V1
USR00488,55,50_plus,STABLE_GROWTH,DC_NEGLECT,MOCK,KIRI_2025_20|ASSUMPTION_V1
USR00489,41,40s,STABLE_GROWTH,TAX_BENEFIT_IDLE,MOCK,KIRI_2025_20|ASSUMPTION_V1
USR00490,61,50_plus,STABLE_GROWTH,OVERLAP_RISK,MOCK,KIRI_2025_20|ASSUMPTION_V1
USR00491,35,30s,AGGRESSIVE,DC_NEGLECT,MOCK,KIRI_2025_20|ASSUMPTION_V1
USR00492,39,30s,STABLE_GROWTH,OVERLAP_RISK,MOCK,KIRI_2025_20|ASSUMPTION_V1
USR00493,43,40s,GROWTH,DC_NEGLECT,MOCK,KIRI_2025_20|ASSUMPTION_V1
USR00494,64,50_plus,CONSERVATIVE,DC_NEGLECT,MOCK,KIRI_2025_20|ASSUMPTION_V1
USR00495,28,20s,AGGRESSIVE,OVERLAP_RISK,MOCK,KIRI_2025_20|ASSUMPTION_V1
USR00496,53,50_plus,STABLE_GROWTH,DC_NEGLECT,MOCK,KIRI_2025_20|ASSUMPTION_V1
USR00497,46,40s,BALANCED,DC_NEGLECT,MOCK,KIRI_2025_20|ASSUMPTION_V1
USR00498,44,40s,AGGRESSIVE,TAX_BENEFIT_IDLE,MOCK,KIRI_2025_20|ASSUMPTION_V1
USR00499,51,50_plus,BALANCED,DC_NEGLECT,MOCK,KIRI_2025_20|ASSUMPTION_V1
USR00500,60,50_plus,CONSERVATIVE,TAX_BENEFIT_IDLE,MOCK,KIRI_2025_20|ASSUMPTION_V1
USR00501,28,20s,AGGRESSIVE,DC_NEGLECT,MOCK,KIRI_2025_20|ASSUMPTION_V1
USR00502,38,30s,CONSERVATIVE,OVERLAP_RISK,MOCK,KIRI_2025_20|ASSUMPTION_V1
USR00503,46,40s,BALANCED,DC_NEGLECT,MOCK,KIRI_2025_20|ASSUMPTION_V1
USR00504,48,40s,STABLE_GROWTH,DC_NEGLECT,MOCK,KIRI_2025_20|ASSUMPTION_V1
USR00505,48,40s,STABLE_GROWTH,OVERLAP_RISK,MOCK,KIRI_2025_20|ASSUMPTION_V1
USR00506,64,50_plus,GROWTH,TAX_BENEFIT_IDLE,MOCK,KIRI_2025_20|ASSUMPTION_V1
USR00507,27,20s,BALANCED,DC_NEGLECT,MOCK,KIRI_2025_20|ASSUMPTION_V1
USR00508,30,30s,STABLE_GROWTH,TAX_BENEFIT_IDLE,MOCK,KIRI_2025_20|ASSUMPTION_V1
USR00509,46,40s,GROWTH,DC_NEGLECT,MOCK,KIRI_2025_20|ASSUMPTION_V1
USR00510,33,30s,CONSERVATIVE,DC_NEGLECT,MOCK,KIRI_2025_20|ASSUMPTION_V1
USR00511,27,20s,CONSERVATIVE,OVERLAP_RISK,MOCK,KIRI_2025_20|ASSUMPTION_V1
USR00512,52,50_plus,STABLE_GROWTH,DC_NEGLECT,MOCK,KIRI_2025_20|ASSUMPTION_V1
USR00513,51,50_plus,CONSERVATIVE,TAX_BENEFIT_IDLE,MOCK,KIRI_2025_20|ASSUMPTION_V1
USR00514,60,50_plus,BALANCED,OVERLAP_RISK,MOCK,KIRI_2025_20|ASSUMPTION_V1
USR00515,32,30s,STABLE_GROWTH,DC_NEGLECT,MOCK,KIRI_2025_20|ASSUMPTION_V1
USR00516,48,40s,CONSERVATIVE,DC_NEGLECT,MOCK,KIRI_2025_20|ASSUMPTION_V1
USR00517,38,30s,BALANCED,DC_NEGLECT,MOCK,KIRI_2025_20|ASSUMPTION_V1
USR00518,58,50_plus,AGGRESSIVE,OVERLAP_RISK,MOCK,KIRI_2025_20|ASSUMPTION_V1
USR00519,43,40s,STABLE_GROWTH,DC_NEGLECT,MOCK,KIRI_2025_20|ASSUMPTION_V1
USR00520,37,30s,BALANCED,TAX_BENEFIT_IDLE,MOCK,KIRI_2025_20|ASSUMPTION_V1
USR00521,43,40s,CONSERVATIVE,TAX_BENEFIT_IDLE,MOCK,KIRI_2025_20|ASSUMPTION_V1
USR00522,56,50_plus,AGGRESSIVE,TAX_BENEFIT_IDLE,MOCK,KIRI_2025_20|ASSUMPTION_V1
USR00523,63,50_plus,STABLE_GROWTH,OVERLAP_RISK,MOCK,KIRI_2025_20|ASSUMPTION_V1
USR00524,59,50_plus,BALANCED,DC_NEGLECT,MOCK,KIRI_2025_20|ASSUMPTION_V1
USR00525,44,40s,CONSERVATIVE,DC_NEGLECT,MOCK,KIRI_2025_20|ASSUMPTION_V1
USR00526,36,30s,AGGRESSIVE,DC_NEGLECT,MOCK,KIRI_2025_20|ASSUMPTION_V1
USR00527,49,40s,GROWTH,DC_NEGLECT,MOCK,KIRI_2025_20|ASSUMPTION_V1
USR00528,34,30s,GROWTH,TAX_BENEFIT_IDLE,MOCK,KIRI_2025_20|ASSUMPTION_V1
USR00529,53,50_plus,STABLE_GROWTH,OVERLAP_RISK,MOCK,KIRI_2025_20|ASSUMPTION_V1
USR00530,49,40s,STABLE_GROWTH,OVERLAP_RISK,MOCK,KIRI_2025_20|ASSUMPTION_V1
USR00531,35,30s,AGGRESSIVE,TAX_BENEFIT_IDLE,MOCK,KIRI_2025_20|ASSUMPTION_V1
USR00532,22,20s,GROWTH,TAX_BENEFIT_IDLE,MOCK,KIRI_2025_20|ASSUMPTION_V1
USR00533,63,50_plus,STABLE_GROWTH,DC_NEGLECT,MOCK,KIRI_2025_20|ASSUMPTION_V1
USR00534,46,40s,GROWTH,DC_NEGLECT,MOCK,KIRI_2025_20|ASSUMPTION_V1
USR00535,45,40s,BALANCED,DC_NEGLECT,MOCK,KIRI_2025_20|ASSUMPTION_V1
USR00536,60,50_plus,BALANCED,OVERLAP_RISK,MOCK,KIRI_2025_20|ASSUMPTION_V1
USR00537,43,40s,AGGRESSIVE,OVERLAP_RISK,MOCK,KIRI_2025_20|ASSUMPTION_V1
USR00538,31,30s,STABLE_GROWTH,DC_NEGLECT,MOCK,KIRI_2025_20|ASSUMPTION_V1
USR00539,35,30s,BALANCED,TAX_BENEFIT_IDLE,MOCK,KIRI_2025_20|ASSUMPTION_V1
USR00540,44,40s,BALANCED,TAX_BENEFIT_IDLE,MOCK,KIRI_2025_20|ASSUMPTION_V1
USR00541,27,20s,BALANCED,OVERLAP_RISK,MOCK,KIRI_2025_20|ASSUMPTION_V1
USR00542,20,20s,STABLE_GROWTH,DC_NEGLECT,MOCK,KIRI_2025_20|ASSUMPTION_V1
USR00543,51,50_plus,BALANCED,TAX_BENEFIT_IDLE,MOCK,KIRI_2025_20|ASSUMPTION_V1
USR00544,55,50_plus,CONSERVATIVE,OVERLAP_RISK,MOCK,KIRI_2025_20|ASSUMPTION_V1
USR00545,36,30s,BALANCED,OVERLAP_RISK,MOCK,KIRI_2025_20|ASSUMPTION_V1
USR00546,40,40s,GROWTH,OVERLAP_RISK,MOCK,KIRI_2025_20|ASSUMPTION_V1
USR00547,47,40s,STABLE_GROWTH,DC_NEGLECT,MOCK,KIRI_2025_20|ASSUMPTION_V1
USR00548,41,40s,GROWTH,DC_NEGLECT,MOCK,KIRI_2025_20|ASSUMPTION_V1
USR00549,59,50_plus,STABLE_GROWTH,OVERLAP_RISK,MOCK,KIRI_2025_20|ASSUMPTION_V1
USR00550,57,50_plus,AGGRESSIVE,TAX_BENEFIT_IDLE,MOCK,KIRI_2025_20|ASSUMPTION_V1
USR00551,47,40s,BALANCED,TAX_BENEFIT_IDLE,MOCK,KIRI_2025_20|ASSUMPTION_V1
USR00552,38,30s,BALANCED,OVERLAP_RISK,MOCK,KIRI_2025_20|ASSUMPTION_V1
USR00553,28,20s,BALANCED,OVERLAP_RISK,MOCK,KIRI_2025_20|ASSUMPTION_V1
USR00554,41,40s,CONSERVATIVE,TAX_BENEFIT_IDLE,MOCK,KIRI_2025_20|ASSUMPTION_V1
USR00555,32,30s,AGGRESSIVE,TAX_BENEFIT_IDLE,MOCK,KIRI_2025_20|ASSUMPTION_V1
USR00556,31,30s,CONSERVATIVE,DC_NEGLECT,MOCK,KIRI_2025_20|ASSUMPTION_V1
USR00557,54,50_plus,STABLE_GROWTH,DC_NEGLECT,MOCK,KIRI_2025_20|ASSUMPTION_V1
USR00558,50,50_plus,GROWTH,DC_NEGLECT,MOCK,KIRI_2025_20|ASSUMPTION_V1
USR00559,32,30s,BALANCED,TAX_BENEFIT_IDLE,MOCK,KIRI_2025_20|ASSUMPTION_V1
USR00560,55,50_plus,STABLE_GROWTH,TAX_BENEFIT_IDLE,MOCK,KIRI_2025_20|ASSUMPTION_V1
USR00561,21,20s,BALANCED,DC_NEGLECT,MOCK,KIRI_2025_20|ASSUMPTION_V1
USR00562,40,40s,BALANCED,OVERLAP_RISK,MOCK,KIRI_2025_20|ASSUMPTION_V1
USR00563,30,30s,BALANCED,DC_NEGLECT,MOCK,KIRI_2025_20|ASSUMPTION_V1
USR00564,34,30s,STABLE_GROWTH,TAX_BENEFIT_IDLE,MOCK,KIRI_2025_20|ASSUMPTION_V1
USR00565,53,50_plus,GROWTH,DC_NEGLECT,MOCK,KIRI_2025_20|ASSUMPTION_V1
USR00566,39,30s,CONSERVATIVE,DC_NEGLECT,MOCK,KIRI_2025_20|ASSUMPTION_V1
USR00567,35,30s,STABLE_GROWTH,OVERLAP_RISK,MOCK,KIRI_2025_20|ASSUMPTION_V1
USR00568,45,40s,STABLE_GROWTH,OVERLAP_RISK,MOCK,KIRI_2025_20|ASSUMPTION_V1
USR00569,43,40s,CONSERVATIVE,TAX_BENEFIT_IDLE,MOCK,KIRI_2025_20|ASSUMPTION_V1
USR00570,39,30s,STABLE_GROWTH,DC_NEGLECT,MOCK,KIRI_2025_20|ASSUMPTION_V1
USR00571,63,50_plus,GROWTH,DC_NEGLECT,MOCK,KIRI_2025_20|ASSUMPTION_V1
USR00572,59,50_plus,CONSERVATIVE,OVERLAP_RISK,MOCK,KIRI_2025_20|ASSUMPTION_V1
USR00573,34,30s,CONSERVATIVE,OVERLAP_RISK,MOCK,KIRI_2025_20|ASSUMPTION_V1
USR00574,51,50_plus,AGGRESSIVE,TAX_BENEFIT_IDLE,MOCK,KIRI_2025_20|ASSUMPTION_V1
USR00575,49,40s,CONSERVATIVE,OVERLAP_RISK,MOCK,KIRI_2025_20|ASSUMPTION_V1
USR00576,38,30s,AGGRESSIVE,OVERLAP_RISK,MOCK,KIRI_2025_20|ASSUMPTION_V1
USR00577,37,30s,BALANCED,DC_NEGLECT,MOCK,KIRI_2025_20|ASSUMPTION_V1
USR00578,45,40s,BALANCED,DC_NEGLECT,MOCK,KIRI_2025_20|ASSUMPTION_V1
USR00579,32,30s,STABLE_GROWTH,TAX_BENEFIT_IDLE,MOCK,KIRI_2025_20|ASSUMPTION_V1
USR00580,38,30s,AGGRESSIVE,TAX_BENEFIT_IDLE,MOCK,KIRI_2025_20|ASSUMPTION_V1
USR00581,41,40s,STABLE_GROWTH,DC_NEGLECT,MOCK,KIRI_2025_20|ASSUMPTION_V1
USR00582,38,30s,GROWTH,OVERLAP_RISK,MOCK,KIRI_2025_20|ASSUMPTION_V1
USR00583,40,40s,BALANCED,TAX_BENEFIT_IDLE,MOCK,KIRI_2025_20|ASSUMPTION_V1
USR00584,37,30s,AGGRESSIVE,DC_NEGLECT,MOCK,KIRI_2025_20|ASSUMPTION_V1
USR00585,45,40s,BALANCED,OVERLAP_RISK,MOCK,KIRI_2025_20|ASSUMPTION_V1
USR00586,21,20s,STABLE_GROWTH,DC_NEGLECT,MOCK,KIRI_2025_20|ASSUMPTION_V1
USR00587,40,40s,STABLE_GROWTH,OVERLAP_RISK,MOCK,KIRI_2025_20|ASSUMPTION_V1
USR00588,42,40s,CONSERVATIVE,DC_NEGLECT,MOCK,KIRI_2025_20|ASSUMPTION_V1
USR00589,52,50_plus,CONSERVATIVE,DC_NEGLECT,MOCK,KIRI_2025_20|ASSUMPTION_V1
USR00590,21,20s,CONSERVATIVE,OVERLAP_RISK,MOCK,KIRI_2025_20|ASSUMPTION_V1
USR00591,31,30s,BALANCED,TAX_BENEFIT_IDLE,MOCK,KIRI_2025_20|ASSUMPTION_V1
USR00592,39,30s,BALANCED,DC_NEGLECT,MOCK,KIRI_2025_20|ASSUMPTION_V1
USR00593,24,20s,GROWTH,DC_NEGLECT,MOCK,KIRI_2025_20|ASSUMPTION_V1
USR00594,39,30s,GROWTH,DC_NEGLECT,MOCK,KIRI_2025_20|ASSUMPTION_V1
USR00595,38,30s,AGGRESSIVE,DC_NEGLECT,MOCK,KIRI_2025_20|ASSUMPTION_V1
USR00596,43,40s,BALANCED,TAX_BENEFIT_IDLE,MOCK,KIRI_2025_20|ASSUMPTION_V1
USR00597,51,50_plus,CONSERVATIVE,TAX_BENEFIT_IDLE,MOCK,KIRI_2025_20|ASSUMPTION_V1
USR00598,43,40s,GROWTH,OVERLAP_RISK,MOCK,KIRI_2025_20|ASSUMPTION_V1
USR00599,30,30s,AGGRESSIVE,OVERLAP_RISK,MOCK,KIRI_2025_20|ASSUMPTION_V1
USR00600,30,30s,BALANCED,TAX_BENEFIT_IDLE,MOCK,KIRI_2025_20|ASSUMPTION_V1
USR00601,42,40s,GROWTH,TAX_BENEFIT_IDLE,MOCK,KIRI_2025_20|ASSUMPTION_V1
USR00602,21,20s,AGGRESSIVE,DC_NEGLECT,MOCK,KIRI_2025_20|ASSUMPTION_V1
USR00603,48,40s,CONSERVATIVE,OVERLAP_RISK,MOCK,KIRI_2025_20|ASSUMPTION_V1
USR00604,42,40s,GROWTH,DC_NEGLECT,MOCK,KIRI_2025_20|ASSUMPTION_V1
USR00605,39,30s,AGGRESSIVE,DC_NEGLECT,MOCK,KIRI_2025_20|ASSUMPTION_V1
USR00606,33,30s,GROWTH,TAX_BENEFIT_IDLE,MOCK,KIRI_2025_20|ASSUMPTION_V1
USR00607,49,40s,BALANCED,OVERLAP_RISK,MOCK,KIRI_2025_20|ASSUMPTION_V1
USR00608,45,40s,STABLE_GROWTH,DC_NEGLECT,MOCK,KIRI_2025_20|ASSUMPTION_V1
USR00609,35,30s,GROWTH,OVERLAP_RISK,MOCK,KIRI_2025_20|ASSUMPTION_V1
USR00610,49,40s,STABLE_GROWTH,TAX_BENEFIT_IDLE,MOCK,KIRI_2025_20|ASSUMPTION_V1
USR00611,56,50_plus,GROWTH,TAX_BENEFIT_IDLE,MOCK,KIRI_2025_20|ASSUMPTION_V1
USR00612,49,40s,GROWTH,OVERLAP_RISK,MOCK,KIRI_2025_20|ASSUMPTION_V1
USR00613,44,40s,STABLE_GROWTH,OVERLAP_RISK,MOCK,KIRI_2025_20|ASSUMPTION_V1
USR00614,40,40s,STABLE_GROWTH,OVERLAP_RISK,MOCK,KIRI_2025_20|ASSUMPTION_V1
USR00615,41,40s,BALANCED,OVERLAP_RISK,MOCK,KIRI_2025_20|ASSUMPTION_V1
USR00616,64,50_plus,GROWTH,TAX_BENEFIT_IDLE,MOCK,KIRI_2025_20|ASSUMPTION_V1
USR00617,32,30s,STABLE_GROWTH,OVERLAP_RISK,MOCK,KIRI_2025_20|ASSUMPTION_V1
USR00618,49,40s,CONSERVATIVE,DC_NEGLECT,MOCK,KIRI_2025_20|ASSUMPTION_V1
USR00619,28,20s,STABLE_GROWTH,DC_NEGLECT,MOCK,KIRI_2025_20|ASSUMPTION_V1
USR00620,27,20s,BALANCED,DC_NEGLECT,MOCK,KIRI_2025_20|ASSUMPTION_V1
USR00621,24,20s,CONSERVATIVE,DC_NEGLECT,MOCK,KIRI_2025_20|ASSUMPTION_V1
USR00622,62,50_plus,STABLE_GROWTH,TAX_BENEFIT_IDLE,MOCK,KIRI_2025_20|ASSUMPTION_V1
USR00623,35,30s,STABLE_GROWTH,DC_NEGLECT,MOCK,KIRI_2025_20|ASSUMPTION_V1
USR00624,33,30s,GROWTH,OVERLAP_RISK,MOCK,KIRI_2025_20|ASSUMPTION_V1
USR00625,50,50_plus,CONSERVATIVE,DC_NEGLECT,MOCK,KIRI_2025_20|ASSUMPTION_V1
USR00626,58,50_plus,GROWTH,DC_NEGLECT,MOCK,KIRI_2025_20|ASSUMPTION_V1
USR00627,57,50_plus,STABLE_GROWTH,OVERLAP_RISK,MOCK,KIRI_2025_20|ASSUMPTION_V1
USR00628,48,40s,GROWTH,OVERLAP_RISK,MOCK,KIRI_2025_20|ASSUMPTION_V1
USR00629,31,30s,BALANCED,DC_NEGLECT,MOCK,KIRI_2025_20|ASSUMPTION_V1
USR00630,59,50_plus,GROWTH,TAX_BENEFIT_IDLE,MOCK,KIRI_2025_20|ASSUMPTION_V1
USR00631,32,30s,AGGRESSIVE,TAX_BENEFIT_IDLE,MOCK,KIRI_2025_20|ASSUMPTION_V1
USR00632,41,40s,STABLE_GROWTH,TAX_BENEFIT_IDLE,MOCK,KIRI_2025_20|ASSUMPTION_V1
USR00633,24,20s,STABLE_GROWTH,DC_NEGLECT,MOCK,KIRI_2025_20|ASSUMPTION_V1
USR00634,53,50_plus,GROWTH,DC_NEGLECT,MOCK,KIRI_2025_20|ASSUMPTION_V1
USR00635,40,40s,CONSERVATIVE,DC_NEGLECT,MOCK,KIRI_2025_20|ASSUMPTION_V1
USR00636,46,40s,STABLE_GROWTH,OVERLAP_RISK,MOCK,KIRI_2025_20|ASSUMPTION_V1
USR00637,59,50_plus,STABLE_GROWTH,TAX_BENEFIT_IDLE,MOCK,KIRI_2025_20|ASSUMPTION_V1
USR00638,40,40s,BALANCED,OVERLAP_RISK,MOCK,KIRI_2025_20|ASSUMPTION_V1
USR00639,20,20s,AGGRESSIVE,DC_NEGLECT,MOCK,KIRI_2025_20|ASSUMPTION_V1
USR00640,54,50_plus,CONSERVATIVE,DC_NEGLECT,MOCK,KIRI_2025_20|ASSUMPTION_V1
USR00641,44,40s,BALANCED,OVERLAP_RISK,MOCK,KIRI_2025_20|ASSUMPTION_V1
USR00642,45,40s,CONSERVATIVE,TAX_BENEFIT_IDLE,MOCK,KIRI_2025_20|ASSUMPTION_V1
USR00643,63,50_plus,STABLE_GROWTH,DC_NEGLECT,MOCK,KIRI_2025_20|ASSUMPTION_V1
USR00644,31,30s,BALANCED,OVERLAP_RISK,MOCK,KIRI_2025_20|ASSUMPTION_V1
USR00645,42,40s,BALANCED,DC_NEGLECT,MOCK,KIRI_2025_20|ASSUMPTION_V1
USR00646,26,20s,STABLE_GROWTH,DC_NEGLECT,MOCK,KIRI_2025_20|ASSUMPTION_V1
USR00647,32,30s,GROWTH,TAX_BENEFIT_IDLE,MOCK,KIRI_2025_20|ASSUMPTION_V1
USR00648,43,40s,CONSERVATIVE,DC_NEGLECT,MOCK,KIRI_2025_20|ASSUMPTION_V1
USR00649,60,50_plus,CONSERVATIVE,TAX_BENEFIT_IDLE,MOCK,KIRI_2025_20|ASSUMPTION_V1
USR00650,27,20s,GROWTH,OVERLAP_RISK,MOCK,KIRI_2025_20|ASSUMPTION_V1
USR00651,44,40s,STABLE_GROWTH,TAX_BENEFIT_IDLE,MOCK,KIRI_2025_20|ASSUMPTION_V1
USR00652,31,30s,GROWTH,OVERLAP_RISK,MOCK,KIRI_2025_20|ASSUMPTION_V1
USR00653,26,20s,GROWTH,DC_NEGLECT,MOCK,KIRI_2025_20|ASSUMPTION_V1
USR00654,26,20s,AGGRESSIVE,TAX_BENEFIT_IDLE,MOCK,KIRI_2025_20|ASSUMPTION_V1
USR00655,36,30s,GROWTH,OVERLAP_RISK,MOCK,KIRI_2025_20|ASSUMPTION_V1
USR00656,56,50_plus,BALANCED,TAX_BENEFIT_IDLE,MOCK,KIRI_2025_20|ASSUMPTION_V1
USR00657,53,50_plus,CONSERVATIVE,OVERLAP_RISK,MOCK,KIRI_2025_20|ASSUMPTION_V1
USR00658,35,30s,AGGRESSIVE,OVERLAP_RISK,MOCK,KIRI_2025_20|ASSUMPTION_V1
USR00659,41,40s,BALANCED,TAX_BENEFIT_IDLE,MOCK,KIRI_2025_20|ASSUMPTION_V1
USR00660,36,30s,BALANCED,DC_NEGLECT,MOCK,KIRI_2025_20|ASSUMPTION_V1
USR00661,38,30s,CONSERVATIVE,OVERLAP_RISK,MOCK,KIRI_2025_20|ASSUMPTION_V1
USR00662,49,40s,STABLE_GROWTH,DC_NEGLECT,MOCK,KIRI_2025_20|ASSUMPTION_V1
USR00663,20,20s,CONSERVATIVE,OVERLAP_RISK,MOCK,KIRI_2025_20|ASSUMPTION_V1
USR00664,35,30s,CONSERVATIVE,TAX_BENEFIT_IDLE,MOCK,KIRI_2025_20|ASSUMPTION_V1
USR00665,50,50_plus,BALANCED,DC_NEGLECT,MOCK,KIRI_2025_20|ASSUMPTION_V1
USR00666,42,40s,GROWTH,OVERLAP_RISK,MOCK,KIRI_2025_20|ASSUMPTION_V1
USR00667,37,30s,GROWTH,DC_NEGLECT,MOCK,KIRI_2025_20|ASSUMPTION_V1
USR00668,49,40s,BALANCED,OVERLAP_RISK,MOCK,KIRI_2025_20|ASSUMPTION_V1
USR00669,54,50_plus,STABLE_GROWTH,DC_NEGLECT,MOCK,KIRI_2025_20|ASSUMPTION_V1
USR00670,34,30s,BALANCED,TAX_BENEFIT_IDLE,MOCK,KIRI_2025_20|ASSUMPTION_V1
USR00671,30,30s,STABLE_GROWTH,DC_NEGLECT,MOCK,KIRI_2025_20|ASSUMPTION_V1
USR00672,45,40s,GROWTH,OVERLAP_RISK,MOCK,KIRI_2025_20|ASSUMPTION_V1
USR00673,44,40s,STABLE_GROWTH,TAX_BENEFIT_IDLE,MOCK,KIRI_2025_20|ASSUMPTION_V1
USR00674,20,20s,BALANCED,TAX_BENEFIT_IDLE,MOCK,KIRI_2025_20|ASSUMPTION_V1
USR00675,50,50_plus,CONSERVATIVE,DC_NEGLECT,MOCK,KIRI_2025_20|ASSUMPTION_V1
USR00676,51,50_plus,STABLE_GROWTH,DC_NEGLECT,MOCK,KIRI_2025_20|ASSUMPTION_V1
USR00677,44,40s,STABLE_GROWTH,TAX_BENEFIT_IDLE,MOCK,KIRI_2025_20|ASSUMPTION_V1
USR00678,20,20s,BALANCED,TAX_BENEFIT_IDLE,MOCK,KIRI_2025_20|ASSUMPTION_V1
USR00679,33,30s,GROWTH,OVERLAP_RISK,MOCK,KIRI_2025_20|ASSUMPTION_V1
USR00680,39,30s,GROWTH,TAX_BENEFIT_IDLE,MOCK,KIRI_2025_20|ASSUMPTION_V1
USR00681,63,50_plus,CONSERVATIVE,DC_NEGLECT,MOCK,KIRI_2025_20|ASSUMPTION_V1
USR00682,40,40s,BALANCED,OVERLAP_RISK,MOCK,KIRI_2025_20|ASSUMPTION_V1
USR00683,46,40s,STABLE_GROWTH,DC_NEGLECT,MOCK,KIRI_2025_20|ASSUMPTION_V1
USR00684,21,20s,GROWTH,DC_NEGLECT,MOCK,KIRI_2025_20|ASSUMPTION_V1
USR00685,47,40s,STABLE_GROWTH,DC_NEGLECT,MOCK,KIRI_2025_20|ASSUMPTION_V1
USR00686,39,30s,AGGRESSIVE,OVERLAP_RISK,MOCK,KIRI_2025_20|ASSUMPTION_V1
USR00687,48,40s,BALANCED,OVERLAP_RISK,MOCK,KIRI_2025_20|ASSUMPTION_V1
USR00688,23,20s,GROWTH,DC_NEGLECT,MOCK,KIRI_2025_20|ASSUMPTION_V1
USR00689,34,30s,STABLE_GROWTH,TAX_BENEFIT_IDLE,MOCK,KIRI_2025_20|ASSUMPTION_V1
USR00690,25,20s,GROWTH,OVERLAP_RISK,MOCK,KIRI_2025_20|ASSUMPTION_V1
USR00691,35,30s,GROWTH,DC_NEGLECT,MOCK,KIRI_2025_20|ASSUMPTION_V1
USR00692,45,40s,GROWTH,OVERLAP_RISK,MOCK,KIRI_2025_20|ASSUMPTION_V1
USR00693,34,30s,GROWTH,OVERLAP_RISK,MOCK,KIRI_2025_20|ASSUMPTION_V1
USR00694,33,30s,BALANCED,OVERLAP_RISK,MOCK,KIRI_2025_20|ASSUMPTION_V1
USR00695,41,40s,STABLE_GROWTH,TAX_BENEFIT_IDLE,MOCK,KIRI_2025_20|ASSUMPTION_V1
USR00696,43,40s,GROWTH,TAX_BENEFIT_IDLE,MOCK,KIRI_2025_20|ASSUMPTION_V1
USR00697,41,40s,BALANCED,OVERLAP_RISK,MOCK,KIRI_2025_20|ASSUMPTION_V1
USR00698,48,40s,GROWTH,DC_NEGLECT,MOCK,KIRI_2025_20|ASSUMPTION_V1
USR00699,63,50_plus,CONSERVATIVE,DC_NEGLECT,MOCK,KIRI_2025_20|ASSUMPTION_V1
USR00700,34,30s,STABLE_GROWTH,TAX_BENEFIT_IDLE,MOCK,KIRI_2025_20|ASSUMPTION_V1
USR00701,38,30s,CONSERVATIVE,OVERLAP_RISK,MOCK,KIRI_2025_20|ASSUMPTION_V1
USR00702,53,50_plus,STABLE_GROWTH,DC_NEGLECT,MOCK,KIRI_2025_20|ASSUMPTION_V1
USR00703,21,20s,BALANCED,OVERLAP_RISK,MOCK,KIRI_2025_20|ASSUMPTION_V1
USR00704,46,40s,BALANCED,TAX_BENEFIT_IDLE,MOCK,KIRI_2025_20|ASSUMPTION_V1
USR00705,56,50_plus,CONSERVATIVE,TAX_BENEFIT_IDLE,MOCK,KIRI_2025_20|ASSUMPTION_V1
USR00706,45,40s,BALANCED,TAX_BENEFIT_IDLE,MOCK,KIRI_2025_20|ASSUMPTION_V1
USR00707,46,40s,GROWTH,OVERLAP_RISK,MOCK,KIRI_2025_20|ASSUMPTION_V1
USR00708,41,40s,STABLE_GROWTH,TAX_BENEFIT_IDLE,MOCK,KIRI_2025_20|ASSUMPTION_V1
USR00709,37,30s,CONSERVATIVE,TAX_BENEFIT_IDLE,MOCK,KIRI_2025_20|ASSUMPTION_V1
USR00710,54,50_plus,CONSERVATIVE,OVERLAP_RISK,MOCK,KIRI_2025_20|ASSUMPTION_V1
USR00711,47,40s,GROWTH,TAX_BENEFIT_IDLE,MOCK,KIRI_2025_20|ASSUMPTION_V1
USR00712,33,30s,AGGRESSIVE,OVERLAP_RISK,MOCK,KIRI_2025_20|ASSUMPTION_V1
USR00713,24,20s,GROWTH,OVERLAP_RISK,MOCK,KIRI_2025_20|ASSUMPTION_V1
USR00714,50,50_plus,BALANCED,TAX_BENEFIT_IDLE,MOCK,KIRI_2025_20|ASSUMPTION_V1
USR00715,50,50_plus,GROWTH,OVERLAP_RISK,MOCK,KIRI_2025_20|ASSUMPTION_V1
USR00716,45,40s,BALANCED,TAX_BENEFIT_IDLE,MOCK,KIRI_2025_20|ASSUMPTION_V1
USR00717,56,50_plus,STABLE_GROWTH,DC_NEGLECT,MOCK,KIRI_2025_20|ASSUMPTION_V1
USR00718,33,30s,BALANCED,DC_NEGLECT,MOCK,KIRI_2025_20|ASSUMPTION_V1
USR00719,61,50_plus,STABLE_GROWTH,DC_NEGLECT,MOCK,KIRI_2025_20|ASSUMPTION_V1
USR00720,27,20s,CONSERVATIVE,OVERLAP_RISK,MOCK,KIRI_2025_20|ASSUMPTION_V1
USR00721,49,40s,STABLE_GROWTH,DC_NEGLECT,MOCK,KIRI_2025_20|ASSUMPTION_V1
USR00722,42,40s,CONSERVATIVE,DC_NEGLECT,MOCK,KIRI_2025_20|ASSUMPTION_V1
USR00723,42,40s,STABLE_GROWTH,DC_NEGLECT,MOCK,KIRI_2025_20|ASSUMPTION_V1
USR00724,38,30s,BALANCED,OVERLAP_RISK,MOCK,KIRI_2025_20|ASSUMPTION_V1
USR00725,32,30s,BALANCED,DC_NEGLECT,MOCK,KIRI_2025_20|ASSUMPTION_V1
USR00726,41,40s,STABLE_GROWTH,OVERLAP_RISK,MOCK,KIRI_2025_20|ASSUMPTION_V1
USR00727,37,30s,GROWTH,TAX_BENEFIT_IDLE,MOCK,KIRI_2025_20|ASSUMPTION_V1
USR00728,34,30s,GROWTH,TAX_BENEFIT_IDLE,MOCK,KIRI_2025_20|ASSUMPTION_V1
USR00729,61,50_plus,STABLE_GROWTH,TAX_BENEFIT_IDLE,MOCK,KIRI_2025_20|ASSUMPTION_V1
USR00730,38,30s,BALANCED,DC_NEGLECT,MOCK,KIRI_2025_20|ASSUMPTION_V1
USR00731,59,50_plus,STABLE_GROWTH,DC_NEGLECT,MOCK,KIRI_2025_20|ASSUMPTION_V1
USR00732,48,40s,CONSERVATIVE,DC_NEGLECT,MOCK,KIRI_2025_20|ASSUMPTION_V1
USR00733,30,30s,BALANCED,DC_NEGLECT,MOCK,KIRI_2025_20|ASSUMPTION_V1
USR00734,59,50_plus,STABLE_GROWTH,DC_NEGLECT,MOCK,KIRI_2025_20|ASSUMPTION_V1
USR00735,49,40s,STABLE_GROWTH,DC_NEGLECT,MOCK,KIRI_2025_20|ASSUMPTION_V1
USR00736,30,30s,GROWTH,DC_NEGLECT,MOCK,KIRI_2025_20|ASSUMPTION_V1
USR00737,54,50_plus,BALANCED,DC_NEGLECT,MOCK,KIRI_2025_20|ASSUMPTION_V1
USR00738,57,50_plus,BALANCED,DC_NEGLECT,MOCK,KIRI_2025_20|ASSUMPTION_V1
USR00739,49,40s,CONSERVATIVE,TAX_BENEFIT_IDLE,MOCK,KIRI_2025_20|ASSUMPTION_V1
USR00740,40,40s,BALANCED,DC_NEGLECT,MOCK,KIRI_2025_20|ASSUMPTION_V1
USR00741,44,40s,AGGRESSIVE,OVERLAP_RISK,MOCK,KIRI_2025_20|ASSUMPTION_V1
USR00742,33,30s,GROWTH,DC_NEGLECT,MOCK,KIRI_2025_20|ASSUMPTION_V1
USR00743,54,50_plus,BALANCED,TAX_BENEFIT_IDLE,MOCK,KIRI_2025_20|ASSUMPTION_V1
USR00744,46,40s,CONSERVATIVE,DC_NEGLECT,MOCK,KIRI_2025_20|ASSUMPTION_V1
USR00745,36,30s,BALANCED,TAX_BENEFIT_IDLE,MOCK,KIRI_2025_20|ASSUMPTION_V1
USR00746,23,20s,GROWTH,TAX_BENEFIT_IDLE,MOCK,KIRI_2025_20|ASSUMPTION_V1
USR00747,58,50_plus,CONSERVATIVE,OVERLAP_RISK,MOCK,KIRI_2025_20|ASSUMPTION_V1
USR00748,55,50_plus,BALANCED,TAX_BENEFIT_IDLE,MOCK,KIRI_2025_20|ASSUMPTION_V1
USR00749,44,40s,CONSERVATIVE,OVERLAP_RISK,MOCK,KIRI_2025_20|ASSUMPTION_V1
USR00750,54,50_plus,GROWTH,OVERLAP_RISK,MOCK,KIRI_2025_20|ASSUMPTION_V1
USR00751,27,20s,BALANCED,DC_NEGLECT,MOCK,KIRI_2025_20|ASSUMPTION_V1
USR00752,38,30s,BALANCED,DC_NEGLECT,MOCK,KIRI_2025_20|ASSUMPTION_V1
USR00753,43,40s,BALANCED,DC_NEGLECT,MOCK,KIRI_2025_20|ASSUMPTION_V1
USR00754,33,30s,GROWTH,DC_NEGLECT,MOCK,KIRI_2025_20|ASSUMPTION_V1
USR00755,46,40s,AGGRESSIVE,OVERLAP_RISK,MOCK,KIRI_2025_20|ASSUMPTION_V1
USR00756,54,50_plus,STABLE_GROWTH,OVERLAP_RISK,MOCK,KIRI_2025_20|ASSUMPTION_V1
USR00757,24,20s,BALANCED,DC_NEGLECT,MOCK,KIRI_2025_20|ASSUMPTION_V1
USR00758,42,40s,BALANCED,DC_NEGLECT,MOCK,KIRI_2025_20|ASSUMPTION_V1
USR00759,38,30s,AGGRESSIVE,OVERLAP_RISK,MOCK,KIRI_2025_20|ASSUMPTION_V1
USR00760,30,30s,BALANCED,OVERLAP_RISK,MOCK,KIRI_2025_20|ASSUMPTION_V1
USR00761,47,40s,BALANCED,TAX_BENEFIT_IDLE,MOCK,KIRI_2025_20|ASSUMPTION_V1
USR00762,47,40s,AGGRESSIVE,TAX_BENEFIT_IDLE,MOCK,KIRI_2025_20|ASSUMPTION_V1
USR00763,62,50_plus,STABLE_GROWTH,OVERLAP_RISK,MOCK,KIRI_2025_20|ASSUMPTION_V1
USR00764,37,30s,STABLE_GROWTH,TAX_BENEFIT_IDLE,MOCK,KIRI_2025_20|ASSUMPTION_V1
USR00765,44,40s,CONSERVATIVE,DC_NEGLECT,MOCK,KIRI_2025_20|ASSUMPTION_V1
USR00766,32,30s,STABLE_GROWTH,OVERLAP_RISK,MOCK,KIRI_2025_20|ASSUMPTION_V1
USR00767,52,50_plus,STABLE_GROWTH,TAX_BENEFIT_IDLE,MOCK,KIRI_2025_20|ASSUMPTION_V1
USR00768,30,30s,BALANCED,TAX_BENEFIT_IDLE,MOCK,KIRI_2025_20|ASSUMPTION_V1
USR00769,51,50_plus,BALANCED,DC_NEGLECT,MOCK,KIRI_2025_20|ASSUMPTION_V1
USR00770,38,30s,BALANCED,OVERLAP_RISK,MOCK,KIRI_2025_20|ASSUMPTION_V1
USR00771,44,40s,STABLE_GROWTH,TAX_BENEFIT_IDLE,MOCK,KIRI_2025_20|ASSUMPTION_V1
USR00772,35,30s,GROWTH,TAX_BENEFIT_IDLE,MOCK,KIRI_2025_20|ASSUMPTION_V1
USR00773,36,30s,STABLE_GROWTH,OVERLAP_RISK,MOCK,KIRI_2025_20|ASSUMPTION_V1
USR00774,34,30s,GROWTH,OVERLAP_RISK,MOCK,KIRI_2025_20|ASSUMPTION_V1
USR00775,63,50_plus,CONSERVATIVE,OVERLAP_RISK,MOCK,KIRI_2025_20|ASSUMPTION_V1
USR00776,59,50_plus,GROWTH,DC_NEGLECT,MOCK,KIRI_2025_20|ASSUMPTION_V1
USR00777,25,20s,STABLE_GROWTH,TAX_BENEFIT_IDLE,MOCK,KIRI_2025_20|ASSUMPTION_V1
USR00778,44,40s,GROWTH,DC_NEGLECT,MOCK,KIRI_2025_20|ASSUMPTION_V1
USR00779,23,20s,CONSERVATIVE,TAX_BENEFIT_IDLE,MOCK,KIRI_2025_20|ASSUMPTION_V1
USR00780,55,50_plus,CONSERVATIVE,OVERLAP_RISK,MOCK,KIRI_2025_20|ASSUMPTION_V1
USR00781,43,40s,STABLE_GROWTH,DC_NEGLECT,MOCK,KIRI_2025_20|ASSUMPTION_V1
USR00782,42,40s,CONSERVATIVE,DC_NEGLECT,MOCK,KIRI_2025_20|ASSUMPTION_V1
USR00783,62,50_plus,CONSERVATIVE,TAX_BENEFIT_IDLE,MOCK,KIRI_2025_20|ASSUMPTION_V1
USR00784,39,30s,BALANCED,DC_NEGLECT,MOCK,KIRI_2025_20|ASSUMPTION_V1
USR00785,25,20s,AGGRESSIVE,TAX_BENEFIT_IDLE,MOCK,KIRI_2025_20|ASSUMPTION_V1
USR00786,30,30s,BALANCED,OVERLAP_RISK,MOCK,KIRI_2025_20|ASSUMPTION_V1
USR00787,44,40s,BALANCED,TAX_BENEFIT_IDLE,MOCK,KIRI_2025_20|ASSUMPTION_V1
USR00788,56,50_plus,STABLE_GROWTH,OVERLAP_RISK,MOCK,KIRI_2025_20|ASSUMPTION_V1
USR00789,38,30s,GROWTH,OVERLAP_RISK,MOCK,KIRI_2025_20|ASSUMPTION_V1
USR00790,46,40s,STABLE_GROWTH,OVERLAP_RISK,MOCK,KIRI_2025_20|ASSUMPTION_V1
USR00791,37,30s,STABLE_GROWTH,OVERLAP_RISK,MOCK,KIRI_2025_20|ASSUMPTION_V1
USR00792,33,30s,CONSERVATIVE,DC_NEGLECT,MOCK,KIRI_2025_20|ASSUMPTION_V1
USR00793,30,30s,BALANCED,TAX_BENEFIT_IDLE,MOCK,KIRI_2025_20|ASSUMPTION_V1
USR00794,30,30s,BALANCED,TAX_BENEFIT_IDLE,MOCK,KIRI_2025_20|ASSUMPTION_V1
USR00795,46,40s,GROWTH,DC_NEGLECT,MOCK,KIRI_2025_20|ASSUMPTION_V1
USR00796,27,20s,GROWTH,OVERLAP_RISK,MOCK,KIRI_2025_20|ASSUMPTION_V1
USR00797,43,40s,BALANCED,TAX_BENEFIT_IDLE,MOCK,KIRI_2025_20|ASSUMPTION_V1
USR00798,45,40s,BALANCED,OVERLAP_RISK,MOCK,KIRI_2025_20|ASSUMPTION_V1
USR00799,57,50_plus,BALANCED,OVERLAP_RISK,MOCK,KIRI_2025_20|ASSUMPTION_V1
USR00800,60,50_plus,BALANCED,DC_NEGLECT,MOCK,KIRI_2025_20|ASSUMPTION_V1
USR00801,46,40s,BALANCED,TAX_BENEFIT_IDLE,MOCK,KIRI_2025_20|ASSUMPTION_V1
USR00802,40,40s,STABLE_GROWTH,DC_NEGLECT,MOCK,KIRI_2025_20|ASSUMPTION_V1
USR00803,37,30s,AGGRESSIVE,OVERLAP_RISK,MOCK,KIRI_2025_20|ASSUMPTION_V1
USR00804,54,50_plus,BALANCED,OVERLAP_RISK,MOCK,KIRI_2025_20|ASSUMPTION_V1
USR00805,56,50_plus,CONSERVATIVE,DC_NEGLECT,MOCK,KIRI_2025_20|ASSUMPTION_V1
USR00806,25,20s,BALANCED,OVERLAP_RISK,MOCK,KIRI_2025_20|ASSUMPTION_V1
USR00807,52,50_plus,CONSERVATIVE,OVERLAP_RISK,MOCK,KIRI_2025_20|ASSUMPTION_V1
USR00808,50,50_plus,CONSERVATIVE,TAX_BENEFIT_IDLE,MOCK,KIRI_2025_20|ASSUMPTION_V1
USR00809,55,50_plus,STABLE_GROWTH,OVERLAP_RISK,MOCK,KIRI_2025_20|ASSUMPTION_V1
USR00810,37,30s,STABLE_GROWTH,OVERLAP_RISK,MOCK,KIRI_2025_20|ASSUMPTION_V1
USR00811,48,40s,STABLE_GROWTH,DC_NEGLECT,MOCK,KIRI_2025_20|ASSUMPTION_V1
USR00812,61,50_plus,BALANCED,DC_NEGLECT,MOCK,KIRI_2025_20|ASSUMPTION_V1
USR00813,44,40s,STABLE_GROWTH,DC_NEGLECT,MOCK,KIRI_2025_20|ASSUMPTION_V1
USR00814,21,20s,BALANCED,OVERLAP_RISK,MOCK,KIRI_2025_20|ASSUMPTION_V1
USR00815,40,40s,STABLE_GROWTH,DC_NEGLECT,MOCK,KIRI_2025_20|ASSUMPTION_V1
USR00816,20,20s,GROWTH,TAX_BENEFIT_IDLE,MOCK,KIRI_2025_20|ASSUMPTION_V1
USR00817,56,50_plus,BALANCED,DC_NEGLECT,MOCK,KIRI_2025_20|ASSUMPTION_V1
USR00818,59,50_plus,CONSERVATIVE,DC_NEGLECT,MOCK,KIRI_2025_20|ASSUMPTION_V1
USR00819,41,40s,STABLE_GROWTH,OVERLAP_RISK,MOCK,KIRI_2025_20|ASSUMPTION_V1
USR00820,36,30s,BALANCED,DC_NEGLECT,MOCK,KIRI_2025_20|ASSUMPTION_V1
USR00821,26,20s,BALANCED,DC_NEGLECT,MOCK,KIRI_2025_20|ASSUMPTION_V1
USR00822,48,40s,BALANCED,DC_NEGLECT,MOCK,KIRI_2025_20|ASSUMPTION_V1
USR00823,57,50_plus,STABLE_GROWTH,DC_NEGLECT,MOCK,KIRI_2025_20|ASSUMPTION_V1
USR00824,36,30s,GROWTH,TAX_BENEFIT_IDLE,MOCK,KIRI_2025_20|ASSUMPTION_V1
USR00825,34,30s,STABLE_GROWTH,TAX_BENEFIT_IDLE,MOCK,KIRI_2025_20|ASSUMPTION_V1
USR00826,56,50_plus,CONSERVATIVE,DC_NEGLECT,MOCK,KIRI_2025_20|ASSUMPTION_V1
USR00827,62,50_plus,BALANCED,DC_NEGLECT,MOCK,KIRI_2025_20|ASSUMPTION_V1
USR00828,30,30s,GROWTH,OVERLAP_RISK,MOCK,KIRI_2025_20|ASSUMPTION_V1
USR00829,39,30s,GROWTH,OVERLAP_RISK,MOCK,KIRI_2025_20|ASSUMPTION_V1
USR00830,42,40s,STABLE_GROWTH,OVERLAP_RISK,MOCK,KIRI_2025_20|ASSUMPTION_V1
USR00831,51,50_plus,CONSERVATIVE,TAX_BENEFIT_IDLE,MOCK,KIRI_2025_20|ASSUMPTION_V1
USR00832,31,30s,BALANCED,OVERLAP_RISK,MOCK,KIRI_2025_20|ASSUMPTION_V1
USR00833,57,50_plus,BALANCED,DC_NEGLECT,MOCK,KIRI_2025_20|ASSUMPTION_V1
USR00834,29,20s,BALANCED,OVERLAP_RISK,MOCK,KIRI_2025_20|ASSUMPTION_V1
USR00835,46,40s,STABLE_GROWTH,TAX_BENEFIT_IDLE,MOCK,KIRI_2025_20|ASSUMPTION_V1
USR00836,30,30s,GROWTH,DC_NEGLECT,MOCK,KIRI_2025_20|ASSUMPTION_V1
USR00837,35,30s,GROWTH,OVERLAP_RISK,MOCK,KIRI_2025_20|ASSUMPTION_V1
USR00838,44,40s,STABLE_GROWTH,DC_NEGLECT,MOCK,KIRI_2025_20|ASSUMPTION_V1
USR00839,45,40s,BALANCED,DC_NEGLECT,MOCK,KIRI_2025_20|ASSUMPTION_V1
USR00840,33,30s,BALANCED,TAX_BENEFIT_IDLE,MOCK,KIRI_2025_20|ASSUMPTION_V1
USR00841,61,50_plus,CONSERVATIVE,TAX_BENEFIT_IDLE,MOCK,KIRI_2025_20|ASSUMPTION_V1
USR00842,47,40s,AGGRESSIVE,TAX_BENEFIT_IDLE,MOCK,KIRI_2025_20|ASSUMPTION_V1
USR00843,56,50_plus,GROWTH,TAX_BENEFIT_IDLE,MOCK,KIRI_2025_20|ASSUMPTION_V1
USR00844,40,40s,STABLE_GROWTH,TAX_BENEFIT_IDLE,MOCK,KIRI_2025_20|ASSUMPTION_V1
USR00845,51,50_plus,CONSERVATIVE,OVERLAP_RISK,MOCK,KIRI_2025_20|ASSUMPTION_V1
USR00846,48,40s,BALANCED,TAX_BENEFIT_IDLE,MOCK,KIRI_2025_20|ASSUMPTION_V1
USR00847,46,40s,CONSERVATIVE,DC_NEGLECT,MOCK,KIRI_2025_20|ASSUMPTION_V1
USR00848,34,30s,CONSERVATIVE,OVERLAP_RISK,MOCK,KIRI_2025_20|ASSUMPTION_V1
USR00849,35,30s,GROWTH,DC_NEGLECT,MOCK,KIRI_2025_20|ASSUMPTION_V1
USR00850,50,50_plus,STABLE_GROWTH,OVERLAP_RISK,MOCK,KIRI_2025_20|ASSUMPTION_V1
USR00851,42,40s,STABLE_GROWTH,TAX_BENEFIT_IDLE,MOCK,KIRI_2025_20|ASSUMPTION_V1
USR00852,44,40s,GROWTH,OVERLAP_RISK,MOCK,KIRI_2025_20|ASSUMPTION_V1
USR00853,26,20s,GROWTH,DC_NEGLECT,MOCK,KIRI_2025_20|ASSUMPTION_V1
USR00854,23,20s,STABLE_GROWTH,DC_NEGLECT,MOCK,KIRI_2025_20|ASSUMPTION_V1
USR00855,60,50_plus,STABLE_GROWTH,TAX_BENEFIT_IDLE,MOCK,KIRI_2025_20|ASSUMPTION_V1
USR00856,35,30s,BALANCED,OVERLAP_RISK,MOCK,KIRI_2025_20|ASSUMPTION_V1
USR00857,24,20s,GROWTH,TAX_BENEFIT_IDLE,MOCK,KIRI_2025_20|ASSUMPTION_V1
USR00858,63,50_plus,CONSERVATIVE,DC_NEGLECT,MOCK,KIRI_2025_20|ASSUMPTION_V1
USR00859,40,40s,STABLE_GROWTH,OVERLAP_RISK,MOCK,KIRI_2025_20|ASSUMPTION_V1
USR00860,20,20s,AGGRESSIVE,DC_NEGLECT,MOCK,KIRI_2025_20|ASSUMPTION_V1
USR00861,61,50_plus,GROWTH,TAX_BENEFIT_IDLE,MOCK,KIRI_2025_20|ASSUMPTION_V1
USR00862,53,50_plus,CONSERVATIVE,DC_NEGLECT,MOCK,KIRI_2025_20|ASSUMPTION_V1
USR00863,31,30s,BALANCED,OVERLAP_RISK,MOCK,KIRI_2025_20|ASSUMPTION_V1
USR00864,41,40s,GROWTH,OVERLAP_RISK,MOCK,KIRI_2025_20|ASSUMPTION_V1
USR00865,35,30s,AGGRESSIVE,OVERLAP_RISK,MOCK,KIRI_2025_20|ASSUMPTION_V1
USR00866,42,40s,STABLE_GROWTH,DC_NEGLECT,MOCK,KIRI_2025_20|ASSUMPTION_V1
USR00867,46,40s,BALANCED,OVERLAP_RISK,MOCK,KIRI_2025_20|ASSUMPTION_V1
USR00868,46,40s,AGGRESSIVE,OVERLAP_RISK,MOCK,KIRI_2025_20|ASSUMPTION_V1
USR00869,23,20s,AGGRESSIVE,DC_NEGLECT,MOCK,KIRI_2025_20|ASSUMPTION_V1
USR00870,40,40s,STABLE_GROWTH,OVERLAP_RISK,MOCK,KIRI_2025_20|ASSUMPTION_V1
USR00871,32,30s,STABLE_GROWTH,TAX_BENEFIT_IDLE,MOCK,KIRI_2025_20|ASSUMPTION_V1
USR00872,30,30s,STABLE_GROWTH,OVERLAP_RISK,MOCK,KIRI_2025_20|ASSUMPTION_V1
USR00873,44,40s,BALANCED,TAX_BENEFIT_IDLE,MOCK,KIRI_2025_20|ASSUMPTION_V1
USR00874,20,20s,AGGRESSIVE,TAX_BENEFIT_IDLE,MOCK,KIRI_2025_20|ASSUMPTION_V1
USR00875,35,30s,STABLE_GROWTH,TAX_BENEFIT_IDLE,MOCK,KIRI_2025_20|ASSUMPTION_V1
USR00876,29,20s,BALANCED,OVERLAP_RISK,MOCK,KIRI_2025_20|ASSUMPTION_V1
USR00877,45,40s,CONSERVATIVE,DC_NEGLECT,MOCK,KIRI_2025_20|ASSUMPTION_V1
USR00878,43,40s,BALANCED,DC_NEGLECT,MOCK,KIRI_2025_20|ASSUMPTION_V1
USR00879,52,50_plus,BALANCED,TAX_BENEFIT_IDLE,MOCK,KIRI_2025_20|ASSUMPTION_V1
USR00880,25,20s,GROWTH,TAX_BENEFIT_IDLE,MOCK,KIRI_2025_20|ASSUMPTION_V1
USR00881,38,30s,GROWTH,OVERLAP_RISK,MOCK,KIRI_2025_20|ASSUMPTION_V1
USR00882,41,40s,CONSERVATIVE,TAX_BENEFIT_IDLE,MOCK,KIRI_2025_20|ASSUMPTION_V1
USR00883,50,50_plus,CONSERVATIVE,DC_NEGLECT,MOCK,KIRI_2025_20|ASSUMPTION_V1
USR00884,39,30s,STABLE_GROWTH,TAX_BENEFIT_IDLE,MOCK,KIRI_2025_20|ASSUMPTION_V1
USR00885,38,30s,BALANCED,DC_NEGLECT,MOCK,KIRI_2025_20|ASSUMPTION_V1
USR00886,28,20s,STABLE_GROWTH,DC_NEGLECT,MOCK,KIRI_2025_20|ASSUMPTION_V1
USR00887,22,20s,BALANCED,DC_NEGLECT,MOCK,KIRI_2025_20|ASSUMPTION_V1
USR00888,32,30s,STABLE_GROWTH,DC_NEGLECT,MOCK,KIRI_2025_20|ASSUMPTION_V1
USR00889,55,50_plus,STABLE_GROWTH,DC_NEGLECT,MOCK,KIRI_2025_20|ASSUMPTION_V1
USR00890,44,40s,AGGRESSIVE,DC_NEGLECT,MOCK,KIRI_2025_20|ASSUMPTION_V1
USR00891,45,40s,STABLE_GROWTH,OVERLAP_RISK,MOCK,KIRI_2025_20|ASSUMPTION_V1
USR00892,46,40s,STABLE_GROWTH,OVERLAP_RISK,MOCK,KIRI_2025_20|ASSUMPTION_V1
USR00893,43,40s,GROWTH,DC_NEGLECT,MOCK,KIRI_2025_20|ASSUMPTION_V1
USR00894,47,40s,BALANCED,TAX_BENEFIT_IDLE,MOCK,KIRI_2025_20|ASSUMPTION_V1
USR00895,20,20s,BALANCED,DC_NEGLECT,MOCK,KIRI_2025_20|ASSUMPTION_V1
USR00896,55,50_plus,CONSERVATIVE,DC_NEGLECT,MOCK,KIRI_2025_20|ASSUMPTION_V1
USR00897,54,50_plus,STABLE_GROWTH,OVERLAP_RISK,MOCK,KIRI_2025_20|ASSUMPTION_V1
USR00898,30,30s,STABLE_GROWTH,OVERLAP_RISK,MOCK,KIRI_2025_20|ASSUMPTION_V1
USR00899,58,50_plus,STABLE_GROWTH,OVERLAP_RISK,MOCK,KIRI_2025_20|ASSUMPTION_V1
USR00900,34,30s,STABLE_GROWTH,DC_NEGLECT,MOCK,KIRI_2025_20|ASSUMPTION_V1
USR00901,37,30s,GROWTH,DC_NEGLECT,MOCK,KIRI_2025_20|ASSUMPTION_V1
USR00902,46,40s,GROWTH,TAX_BENEFIT_IDLE,MOCK,KIRI_2025_20|ASSUMPTION_V1
USR00903,31,30s,STABLE_GROWTH,OVERLAP_RISK,MOCK,KIRI_2025_20|ASSUMPTION_V1
USR00904,33,30s,GROWTH,DC_NEGLECT,MOCK,KIRI_2025_20|ASSUMPTION_V1
USR00905,61,50_plus,CONSERVATIVE,TAX_BENEFIT_IDLE,MOCK,KIRI_2025_20|ASSUMPTION_V1
USR00906,28,20s,STABLE_GROWTH,OVERLAP_RISK,MOCK,KIRI_2025_20|ASSUMPTION_V1
USR00907,26,20s,GROWTH,TAX_BENEFIT_IDLE,MOCK,KIRI_2025_20|ASSUMPTION_V1
USR00908,61,50_plus,STABLE_GROWTH,TAX_BENEFIT_IDLE,MOCK,KIRI_2025_20|ASSUMPTION_V1
USR00909,47,40s,CONSERVATIVE,TAX_BENEFIT_IDLE,MOCK,KIRI_2025_20|ASSUMPTION_V1
USR00910,50,50_plus,CONSERVATIVE,OVERLAP_RISK,MOCK,KIRI_2025_20|ASSUMPTION_V1
USR00911,42,40s,STABLE_GROWTH,TAX_BENEFIT_IDLE,MOCK,KIRI_2025_20|ASSUMPTION_V1
USR00912,48,40s,BALANCED,TAX_BENEFIT_IDLE,MOCK,KIRI_2025_20|ASSUMPTION_V1
USR00913,48,40s,BALANCED,DC_NEGLECT,MOCK,KIRI_2025_20|ASSUMPTION_V1
USR00914,45,40s,BALANCED,OVERLAP_RISK,MOCK,KIRI_2025_20|ASSUMPTION_V1
USR00915,56,50_plus,CONSERVATIVE,TAX_BENEFIT_IDLE,MOCK,KIRI_2025_20|ASSUMPTION_V1
USR00916,57,50_plus,STABLE_GROWTH,DC_NEGLECT,MOCK,KIRI_2025_20|ASSUMPTION_V1
USR00917,47,40s,STABLE_GROWTH,TAX_BENEFIT_IDLE,MOCK,KIRI_2025_20|ASSUMPTION_V1
USR00918,36,30s,GROWTH,OVERLAP_RISK,MOCK,KIRI_2025_20|ASSUMPTION_V1
USR00919,49,40s,STABLE_GROWTH,DC_NEGLECT,MOCK,KIRI_2025_20|ASSUMPTION_V1
USR00920,47,40s,BALANCED,DC_NEGLECT,MOCK,KIRI_2025_20|ASSUMPTION_V1
USR00921,21,20s,GROWTH,DC_NEGLECT,MOCK,KIRI_2025_20|ASSUMPTION_V1
USR00922,51,50_plus,STABLE_GROWTH,TAX_BENEFIT_IDLE,MOCK,KIRI_2025_20|ASSUMPTION_V1
USR00923,26,20s,STABLE_GROWTH,TAX_BENEFIT_IDLE,MOCK,KIRI_2025_20|ASSUMPTION_V1
USR00924,48,40s,GROWTH,DC_NEGLECT,MOCK,KIRI_2025_20|ASSUMPTION_V1
USR00925,54,50_plus,STABLE_GROWTH,TAX_BENEFIT_IDLE,MOCK,KIRI_2025_20|ASSUMPTION_V1
USR00926,61,50_plus,STABLE_GROWTH,DC_NEGLECT,MOCK,KIRI_2025_20|ASSUMPTION_V1
USR00927,61,50_plus,BALANCED,DC_NEGLECT,MOCK,KIRI_2025_20|ASSUMPTION_V1
USR00928,51,50_plus,AGGRESSIVE,DC_NEGLECT,MOCK,KIRI_2025_20|ASSUMPTION_V1
USR00929,48,40s,STABLE_GROWTH,OVERLAP_RISK,MOCK,KIRI_2025_20|ASSUMPTION_V1
USR00930,53,50_plus,GROWTH,TAX_BENEFIT_IDLE,MOCK,KIRI_2025_20|ASSUMPTION_V1
USR00931,28,20s,CONSERVATIVE,TAX_BENEFIT_IDLE,MOCK,KIRI_2025_20|ASSUMPTION_V1
USR00932,38,30s,STABLE_GROWTH,DC_NEGLECT,MOCK,KIRI_2025_20|ASSUMPTION_V1
USR00933,41,40s,CONSERVATIVE,OVERLAP_RISK,MOCK,KIRI_2025_20|ASSUMPTION_V1
USR00934,36,30s,STABLE_GROWTH,TAX_BENEFIT_IDLE,MOCK,KIRI_2025_20|ASSUMPTION_V1
USR00935,49,40s,BALANCED,TAX_BENEFIT_IDLE,MOCK,KIRI_2025_20|ASSUMPTION_V1
USR00936,31,30s,AGGRESSIVE,DC_NEGLECT,MOCK,KIRI_2025_20|ASSUMPTION_V1
USR00937,61,50_plus,BALANCED,OVERLAP_RISK,MOCK,KIRI_2025_20|ASSUMPTION_V1
USR00938,47,40s,BALANCED,DC_NEGLECT,MOCK,KIRI_2025_20|ASSUMPTION_V1
USR00939,40,40s,GROWTH,DC_NEGLECT,MOCK,KIRI_2025_20|ASSUMPTION_V1
USR00940,45,40s,BALANCED,TAX_BENEFIT_IDLE,MOCK,KIRI_2025_20|ASSUMPTION_V1
USR00941,51,50_plus,GROWTH,DC_NEGLECT,MOCK,KIRI_2025_20|ASSUMPTION_V1
USR00942,61,50_plus,CONSERVATIVE,OVERLAP_RISK,MOCK,KIRI_2025_20|ASSUMPTION_V1
USR00943,38,30s,CONSERVATIVE,DC_NEGLECT,MOCK,KIRI_2025_20|ASSUMPTION_V1
USR00944,48,40s,BALANCED,OVERLAP_RISK,MOCK,KIRI_2025_20|ASSUMPTION_V1
USR00945,46,40s,GROWTH,OVERLAP_RISK,MOCK,KIRI_2025_20|ASSUMPTION_V1
USR00946,42,40s,GROWTH,TAX_BENEFIT_IDLE,MOCK,KIRI_2025_20|ASSUMPTION_V1
USR00947,37,30s,STABLE_GROWTH,DC_NEGLECT,MOCK,KIRI_2025_20|ASSUMPTION_V1
USR00948,61,50_plus,STABLE_GROWTH,DC_NEGLECT,MOCK,KIRI_2025_20|ASSUMPTION_V1
USR00949,34,30s,STABLE_GROWTH,DC_NEGLECT,MOCK,KIRI_2025_20|ASSUMPTION_V1
USR00950,20,20s,AGGRESSIVE,DC_NEGLECT,MOCK,KIRI_2025_20|ASSUMPTION_V1
USR00951,53,50_plus,BALANCED,TAX_BENEFIT_IDLE,MOCK,KIRI_2025_20|ASSUMPTION_V1
USR00952,39,30s,BALANCED,OVERLAP_RISK,MOCK,KIRI_2025_20|ASSUMPTION_V1
USR00953,62,50_plus,CONSERVATIVE,DC_NEGLECT,MOCK,KIRI_2025_20|ASSUMPTION_V1
USR00954,30,30s,BALANCED,TAX_BENEFIT_IDLE,MOCK,KIRI_2025_20|ASSUMPTION_V1
USR00955,62,50_plus,STABLE_GROWTH,DC_NEGLECT,MOCK,KIRI_2025_20|ASSUMPTION_V1
USR00956,23,20s,GROWTH,TAX_BENEFIT_IDLE,MOCK,KIRI_2025_20|ASSUMPTION_V1
USR00957,41,40s,GROWTH,OVERLAP_RISK,MOCK,KIRI_2025_20|ASSUMPTION_V1
USR00958,22,20s,GROWTH,OVERLAP_RISK,MOCK,KIRI_2025_20|ASSUMPTION_V1
USR00959,55,50_plus,BALANCED,DC_NEGLECT,MOCK,KIRI_2025_20|ASSUMPTION_V1
USR00960,23,20s,GROWTH,DC_NEGLECT,MOCK,KIRI_2025_20|ASSUMPTION_V1
USR00961,54,50_plus,CONSERVATIVE,DC_NEGLECT,MOCK,KIRI_2025_20|ASSUMPTION_V1
USR00962,41,40s,STABLE_GROWTH,DC_NEGLECT,MOCK,KIRI_2025_20|ASSUMPTION_V1
USR00963,46,40s,GROWTH,TAX_BENEFIT_IDLE,MOCK,KIRI_2025_20|ASSUMPTION_V1
USR00964,25,20s,CONSERVATIVE,TAX_BENEFIT_IDLE,MOCK,KIRI_2025_20|ASSUMPTION_V1
USR00965,53,50_plus,BALANCED,TAX_BENEFIT_IDLE,MOCK,KIRI_2025_20|ASSUMPTION_V1
USR00966,49,40s,CONSERVATIVE,TAX_BENEFIT_IDLE,MOCK,KIRI_2025_20|ASSUMPTION_V1
USR00967,36,30s,BALANCED,DC_NEGLECT,MOCK,KIRI_2025_20|ASSUMPTION_V1
USR00968,42,40s,STABLE_GROWTH,DC_NEGLECT,MOCK,KIRI_2025_20|ASSUMPTION_V1
USR00969,50,50_plus,CONSERVATIVE,DC_NEGLECT,MOCK,KIRI_2025_20|ASSUMPTION_V1
USR00970,61,50_plus,CONSERVATIVE,DC_NEGLECT,MOCK,KIRI_2025_20|ASSUMPTION_V1
USR00971,51,50_plus,CONSERVATIVE,TAX_BENEFIT_IDLE,MOCK,KIRI_2025_20|ASSUMPTION_V1
USR00972,55,50_plus,CONSERVATIVE,TAX_BENEFIT_IDLE,MOCK,KIRI_2025_20|ASSUMPTION_V1
USR00973,49,40s,BALANCED,OVERLAP_RISK,MOCK,KIRI_2025_20|ASSUMPTION_V1
USR00974,40,40s,CONSERVATIVE,TAX_BENEFIT_IDLE,MOCK,KIRI_2025_20|ASSUMPTION_V1
USR00975,39,30s,STABLE_GROWTH,OVERLAP_RISK,MOCK,KIRI_2025_20|ASSUMPTION_V1
USR00976,44,40s,STABLE_GROWTH,TAX_BENEFIT_IDLE,MOCK,KIRI_2025_20|ASSUMPTION_V1
USR00977,48,40s,STABLE_GROWTH,OVERLAP_RISK,MOCK,KIRI_2025_20|ASSUMPTION_V1
USR00978,31,30s,STABLE_GROWTH,DC_NEGLECT,MOCK,KIRI_2025_20|ASSUMPTION_V1
USR00979,31,30s,GROWTH,OVERLAP_RISK,MOCK,KIRI_2025_20|ASSUMPTION_V1
USR00980,27,20s,GROWTH,TAX_BENEFIT_IDLE,MOCK,KIRI_2025_20|ASSUMPTION_V1
USR00981,53,50_plus,CONSERVATIVE,DC_NEGLECT,MOCK,KIRI_2025_20|ASSUMPTION_V1
USR00982,61,50_plus,STABLE_GROWTH,OVERLAP_RISK,MOCK,KIRI_2025_20|ASSUMPTION_V1
USR00983,46,40s,STABLE_GROWTH,DC_NEGLECT,MOCK,KIRI_2025_20|ASSUMPTION_V1
USR00984,42,40s,STABLE_GROWTH,DC_NEGLECT,MOCK,KIRI_2025_20|ASSUMPTION_V1
USR00985,60,50_plus,GROWTH,DC_NEGLECT,MOCK,KIRI_2025_20|ASSUMPTION_V1
USR00986,30,30s,GROWTH,DC_NEGLECT,MOCK,KIRI_2025_20|ASSUMPTION_V1
USR00987,41,40s,STABLE_GROWTH,TAX_BENEFIT_IDLE,MOCK,KIRI_2025_20|ASSUMPTION_V1
USR00988,44,40s,CONSERVATIVE,TAX_BENEFIT_IDLE,MOCK,KIRI_2025_20|ASSUMPTION_V1
USR00989,38,30s,GROWTH,DC_NEGLECT,MOCK,KIRI_2025_20|ASSUMPTION_V1
USR00990,36,30s,GROWTH,DC_NEGLECT,MOCK,KIRI_2025_20|ASSUMPTION_V1
USR00991,38,30s,BALANCED,TAX_BENEFIT_IDLE,MOCK,KIRI_2025_20|ASSUMPTION_V1
USR00992,49,40s,STABLE_GROWTH,OVERLAP_RISK,MOCK,KIRI_2025_20|ASSUMPTION_V1
USR00993,49,40s,STABLE_GROWTH,TAX_BENEFIT_IDLE,MOCK,KIRI_2025_20|ASSUMPTION_V1
USR00994,35,30s,AGGRESSIVE,TAX_BENEFIT_IDLE,MOCK,KIRI_2025_20|ASSUMPTION_V1
USR00995,56,50_plus,BALANCED,TAX_BENEFIT_IDLE,MOCK,KIRI_2025_20|ASSUMPTION_V1
USR00996,49,40s,BALANCED,OVERLAP_RISK,MOCK,KIRI_2025_20|ASSUMPTION_V1
USR00997,50,50_plus,CONSERVATIVE,TAX_BENEFIT_IDLE,MOCK,KIRI_2025_20|ASSUMPTION_V1
USR00998,41,40s,BALANCED,OVERLAP_RISK,MOCK,KIRI_2025_20|ASSUMPTION_V1
USR00999,56,50_plus,STABLE_GROWTH,DC_NEGLECT,MOCK,KIRI_2025_20|ASSUMPTION_V1
USR01000,38,30s,STABLE_GROWTH,OVERLAP_RISK,MOCK,KIRI_2025_20|ASSUMPTION_V1
USR01001,61,50_plus,STABLE_GROWTH,OVERLAP_RISK,MOCK,KIRI_2025_20|ASSUMPTION_V1
USR01002,25,20s,GROWTH,TAX_BENEFIT_IDLE,MOCK,KIRI_2025_20|ASSUMPTION_V1
USR01003,21,20s,CONSERVATIVE,TAX_BENEFIT_IDLE,MOCK,KIRI_2025_20|ASSUMPTION_V1
USR01004,41,40s,BALANCED,TAX_BENEFIT_IDLE,MOCK,KIRI_2025_20|ASSUMPTION_V1
USR01005,57,50_plus,STABLE_GROWTH,DC_NEGLECT,MOCK,KIRI_2025_20|ASSUMPTION_V1
USR01006,42,40s,STABLE_GROWTH,OVERLAP_RISK,MOCK,KIRI_2025_20|ASSUMPTION_V1
USR01007,26,20s,AGGRESSIVE,TAX_BENEFIT_IDLE,MOCK,KIRI_2025_20|ASSUMPTION_V1
USR01008,55,50_plus,STABLE_GROWTH,DC_NEGLECT,MOCK,KIRI_2025_20|ASSUMPTION_V1
USR01009,32,30s,GROWTH,OVERLAP_RISK,MOCK,KIRI_2025_20|ASSUMPTION_V1
USR01010,35,30s,CONSERVATIVE,TAX_BENEFIT_IDLE,MOCK,KIRI_2025_20|ASSUMPTION_V1
USR01011,57,50_plus,STABLE_GROWTH,TAX_BENEFIT_IDLE,MOCK,KIRI_2025_20|ASSUMPTION_V1
USR01012,28,20s,BALANCED,OVERLAP_RISK,MOCK,KIRI_2025_20|ASSUMPTION_V1
USR01013,36,30s,STABLE_GROWTH,OVERLAP_RISK,MOCK,KIRI_2025_20|ASSUMPTION_V1
USR01014,36,30s,BALANCED,OVERLAP_RISK,MOCK,KIRI_2025_20|ASSUMPTION_V1
USR01015,46,40s,GROWTH,DC_NEGLECT,MOCK,KIRI_2025_20|ASSUMPTION_V1
USR01016,39,30s,STABLE_GROWTH,OVERLAP_RISK,MOCK,KIRI_2025_20|ASSUMPTION_V1
USR01017,33,30s,GROWTH,OVERLAP_RISK,MOCK,KIRI_2025_20|ASSUMPTION_V1
USR01018,60,50_plus,CONSERVATIVE,OVERLAP_RISK,MOCK,KIRI_2025_20|ASSUMPTION_V1
USR01019,45,40s,CONSERVATIVE,OVERLAP_RISK,MOCK,KIRI_2025_20|ASSUMPTION_V1
USR01020,40,40s,CONSERVATIVE,DC_NEGLECT,MOCK,KIRI_2025_20|ASSUMPTION_V1
USR01021,20,20s,AGGRESSIVE,DC_NEGLECT,MOCK,KIRI_2025_20|ASSUMPTION_V1
USR01022,50,50_plus,STABLE_GROWTH,TAX_BENEFIT_IDLE,MOCK,KIRI_2025_20|ASSUMPTION_V1
USR01023,53,50_plus,STABLE_GROWTH,TAX_BENEFIT_IDLE,MOCK,KIRI_2025_20|ASSUMPTION_V1
USR01024,33,30s,GROWTH,TAX_BENEFIT_IDLE,MOCK,KIRI_2025_20|ASSUMPTION_V1
USR01025,53,50_plus,CONSERVATIVE,OVERLAP_RISK,MOCK,KIRI_2025_20|ASSUMPTION_V1
USR01026,33,30s,AGGRESSIVE,DC_NEGLECT,MOCK,KIRI_2025_20|ASSUMPTION_V1
USR01027,55,50_plus,CONSERVATIVE,OVERLAP_RISK,MOCK,KIRI_2025_20|ASSUMPTION_V1
USR01028,49,40s,GROWTH,OVERLAP_RISK,MOCK,KIRI_2025_20|ASSUMPTION_V1
USR01029,62,50_plus,CONSERVATIVE,DC_NEGLECT,MOCK,KIRI_2025_20|ASSUMPTION_V1
USR01030,49,40s,AGGRESSIVE,TAX_BENEFIT_IDLE,MOCK,KIRI_2025_20|ASSUMPTION_V1
USR01031,42,40s,BALANCED,TAX_BENEFIT_IDLE,MOCK,KIRI_2025_20|ASSUMPTION_V1
USR01032,30,30s,CONSERVATIVE,OVERLAP_RISK,MOCK,KIRI_2025_20|ASSUMPTION_V1
USR01033,35,30s,BALANCED,DC_NEGLECT,MOCK,KIRI_2025_20|ASSUMPTION_V1
USR01034,31,30s,STABLE_GROWTH,OVERLAP_RISK,MOCK,KIRI_2025_20|ASSUMPTION_V1
USR01035,41,40s,BALANCED,DC_NEGLECT,MOCK,KIRI_2025_20|ASSUMPTION_V1
USR01036,36,30s,GROWTH,DC_NEGLECT,MOCK,KIRI_2025_20|ASSUMPTION_V1
USR01037,56,50_plus,BALANCED,DC_NEGLECT,MOCK,KIRI_2025_20|ASSUMPTION_V1
USR01038,30,30s,AGGRESSIVE,OVERLAP_RISK,MOCK,KIRI_2025_20|ASSUMPTION_V1
USR01039,62,50_plus,BALANCED,OVERLAP_RISK,MOCK,KIRI_2025_20|ASSUMPTION_V1
USR01040,61,50_plus,CONSERVATIVE,OVERLAP_RISK,MOCK,KIRI_2025_20|ASSUMPTION_V1
USR01041,46,40s,GROWTH,OVERLAP_RISK,MOCK,KIRI_2025_20|ASSUMPTION_V1
USR01042,63,50_plus,GROWTH,TAX_BENEFIT_IDLE,MOCK,KIRI_2025_20|ASSUMPTION_V1
USR01043,32,30s,STABLE_GROWTH,DC_NEGLECT,MOCK,KIRI_2025_20|ASSUMPTION_V1
USR01044,39,30s,CONSERVATIVE,TAX_BENEFIT_IDLE,MOCK,KIRI_2025_20|ASSUMPTION_V1
USR01045,60,50_plus,BALANCED,TAX_BENEFIT_IDLE,MOCK,KIRI_2025_20|ASSUMPTION_V1
USR01046,41,40s,BALANCED,OVERLAP_RISK,MOCK,KIRI_2025_20|ASSUMPTION_V1
USR01047,46,40s,GROWTH,OVERLAP_RISK,MOCK,KIRI_2025_20|ASSUMPTION_V1
USR01048,36,30s,STABLE_GROWTH,DC_NEGLECT,MOCK,KIRI_2025_20|ASSUMPTION_V1
USR01049,63,50_plus,STABLE_GROWTH,TAX_BENEFIT_IDLE,MOCK,KIRI_2025_20|ASSUMPTION_V1
USR01050,49,40s,GROWTH,DC_NEGLECT,MOCK,KIRI_2025_20|ASSUMPTION_V1
USR01051,35,30s,BALANCED,TAX_BENEFIT_IDLE,MOCK,KIRI_2025_20|ASSUMPTION_V1
USR01052,38,30s,STABLE_GROWTH,TAX_BENEFIT_IDLE,MOCK,KIRI_2025_20|ASSUMPTION_V1
USR01053,59,50_plus,STABLE_GROWTH,TAX_BENEFIT_IDLE,MOCK,KIRI_2025_20|ASSUMPTION_V1
USR01054,43,40s,BALANCED,DC_NEGLECT,MOCK,KIRI_2025_20|ASSUMPTION_V1
USR01055,60,50_plus,CONSERVATIVE,DC_NEGLECT,MOCK,KIRI_2025_20|ASSUMPTION_V1
USR01056,49,40s,STABLE_GROWTH,DC_NEGLECT,MOCK,KIRI_2025_20|ASSUMPTION_V1
USR01057,41,40s,BALANCED,DC_NEGLECT,MOCK,KIRI_2025_20|ASSUMPTION_V1
USR01058,25,20s,BALANCED,TAX_BENEFIT_IDLE,MOCK,KIRI_2025_20|ASSUMPTION_V1
USR01059,57,50_plus,STABLE_GROWTH,DC_NEGLECT,MOCK,KIRI_2025_20|ASSUMPTION_V1
USR01060,59,50_plus,STABLE_GROWTH,TAX_BENEFIT_IDLE,MOCK,KIRI_2025_20|ASSUMPTION_V1
USR01061,40,40s,STABLE_GROWTH,TAX_BENEFIT_IDLE,MOCK,KIRI_2025_20|ASSUMPTION_V1
USR01062,33,30s,BALANCED,TAX_BENEFIT_IDLE,MOCK,KIRI_2025_20|ASSUMPTION_V1
USR01063,45,40s,AGGRESSIVE,OVERLAP_RISK,MOCK,KIRI_2025_20|ASSUMPTION_V1
USR01064,33,30s,BALANCED,OVERLAP_RISK,MOCK,KIRI_2025_20|ASSUMPTION_V1
USR01065,41,40s,BALANCED,TAX_BENEFIT_IDLE,MOCK,KIRI_2025_20|ASSUMPTION_V1
USR01066,59,50_plus,STABLE_GROWTH,OVERLAP_RISK,MOCK,KIRI_2025_20|ASSUMPTION_V1
USR01067,33,30s,BALANCED,DC_NEGLECT,MOCK,KIRI_2025_20|ASSUMPTION_V1
USR01068,45,40s,GROWTH,DC_NEGLECT,MOCK,KIRI_2025_20|ASSUMPTION_V1
USR01069,43,40s,STABLE_GROWTH,OVERLAP_RISK,MOCK,KIRI_2025_20|ASSUMPTION_V1
USR01070,34,30s,GROWTH,OVERLAP_RISK,MOCK,KIRI_2025_20|ASSUMPTION_V1
USR01071,59,50_plus,CONSERVATIVE,OVERLAP_RISK,MOCK,KIRI_2025_20|ASSUMPTION_V1
USR01072,41,40s,BALANCED,DC_NEGLECT,MOCK,KIRI_2025_20|ASSUMPTION_V1
USR01073,63,50_plus,STABLE_GROWTH,TAX_BENEFIT_IDLE,MOCK,KIRI_2025_20|ASSUMPTION_V1
USR01074,46,40s,CONSERVATIVE,DC_NEGLECT,MOCK,KIRI_2025_20|ASSUMPTION_V1
USR01075,42,40s,BALANCED,TAX_BENEFIT_IDLE,MOCK,KIRI_2025_20|ASSUMPTION_V1
USR01076,42,40s,STABLE_GROWTH,OVERLAP_RISK,MOCK,KIRI_2025_20|ASSUMPTION_V1
USR01077,37,30s,AGGRESSIVE,TAX_BENEFIT_IDLE,MOCK,KIRI_2025_20|ASSUMPTION_V1
USR01078,53,50_plus,CONSERVATIVE,TAX_BENEFIT_IDLE,MOCK,KIRI_2025_20|ASSUMPTION_V1
USR01079,44,40s,GROWTH,DC_NEGLECT,MOCK,KIRI_2025_20|ASSUMPTION_V1
USR01080,50,50_plus,STABLE_GROWTH,DC_NEGLECT,MOCK,KIRI_2025_20|ASSUMPTION_V1
USR01081,64,50_plus,BALANCED,TAX_BENEFIT_IDLE,MOCK,KIRI_2025_20|ASSUMPTION_V1
USR01082,24,20s,STABLE_GROWTH,TAX_BENEFIT_IDLE,MOCK,KIRI_2025_20|ASSUMPTION_V1
USR01083,44,40s,AGGRESSIVE,OVERLAP_RISK,MOCK,KIRI_2025_20|ASSUMPTION_V1
USR01084,44,40s,CONSERVATIVE,DC_NEGLECT,MOCK,KIRI_2025_20|ASSUMPTION_V1
USR01085,43,40s,STABLE_GROWTH,TAX_BENEFIT_IDLE,MOCK,KIRI_2025_20|ASSUMPTION_V1
USR01086,54,50_plus,GROWTH,TAX_BENEFIT_IDLE,MOCK,KIRI_2025_20|ASSUMPTION_V1
USR01087,48,40s,STABLE_GROWTH,DC_NEGLECT,MOCK,KIRI_2025_20|ASSUMPTION_V1
USR01088,60,50_plus,CONSERVATIVE,TAX_BENEFIT_IDLE,MOCK,KIRI_2025_20|ASSUMPTION_V1
USR01089,26,20s,BALANCED,DC_NEGLECT,MOCK,KIRI_2025_20|ASSUMPTION_V1
USR01090,56,50_plus,CONSERVATIVE,DC_NEGLECT,MOCK,KIRI_2025_20|ASSUMPTION_V1
USR01091,31,30s,BALANCED,TAX_BENEFIT_IDLE,MOCK,KIRI_2025_20|ASSUMPTION_V1
USR01092,41,40s,STABLE_GROWTH,TAX_BENEFIT_IDLE,MOCK,KIRI_2025_20|ASSUMPTION_V1
USR01093,64,50_plus,CONSERVATIVE,OVERLAP_RISK,MOCK,KIRI_2025_20|ASSUMPTION_V1
USR01094,52,50_plus,CONSERVATIVE,DC_NEGLECT,MOCK,KIRI_2025_20|ASSUMPTION_V1
USR01095,57,50_plus,CONSERVATIVE,TAX_BENEFIT_IDLE,MOCK,KIRI_2025_20|ASSUMPTION_V1
USR01096,43,40s,CONSERVATIVE,DC_NEGLECT,MOCK,KIRI_2025_20|ASSUMPTION_V1
USR01097,48,40s,BALANCED,TAX_BENEFIT_IDLE,MOCK,KIRI_2025_20|ASSUMPTION_V1
USR01098,41,40s,BALANCED,DC_NEGLECT,MOCK,KIRI_2025_20|ASSUMPTION_V1
USR01099,40,40s,GROWTH,DC_NEGLECT,MOCK,KIRI_2025_20|ASSUMPTION_V1
USR01100,45,40s,GROWTH,OVERLAP_RISK,MOCK,KIRI_2025_20|ASSUMPTION_V1
USR01101,45,40s,CONSERVATIVE,TAX_BENEFIT_IDLE,MOCK,KIRI_2025_20|ASSUMPTION_V1
USR01102,43,40s,CONSERVATIVE,DC_NEGLECT,MOCK,KIRI_2025_20|ASSUMPTION_V1
USR01103,48,40s,CONSERVATIVE,OVERLAP_RISK,MOCK,KIRI_2025_20|ASSUMPTION_V1
USR01104,32,30s,GROWTH,TAX_BENEFIT_IDLE,MOCK,KIRI_2025_20|ASSUMPTION_V1
USR01105,24,20s,STABLE_GROWTH,OVERLAP_RISK,MOCK,KIRI_2025_20|ASSUMPTION_V1
USR01106,23,20s,CONSERVATIVE,OVERLAP_RISK,MOCK,KIRI_2025_20|ASSUMPTION_V1
USR01107,32,30s,GROWTH,DC_NEGLECT,MOCK,KIRI_2025_20|ASSUMPTION_V1
USR01108,32,30s,CONSERVATIVE,DC_NEGLECT,MOCK,KIRI_2025_20|ASSUMPTION_V1
USR01109,22,20s,BALANCED,DC_NEGLECT,MOCK,KIRI_2025_20|ASSUMPTION_V1
USR01110,36,30s,GROWTH,OVERLAP_RISK,MOCK,KIRI_2025_20|ASSUMPTION_V1
USR01111,38,30s,STABLE_GROWTH,TAX_BENEFIT_IDLE,MOCK,KIRI_2025_20|ASSUMPTION_V1
USR01112,46,40s,BALANCED,OVERLAP_RISK,MOCK,KIRI_2025_20|ASSUMPTION_V1
USR01113,37,30s,CONSERVATIVE,OVERLAP_RISK,MOCK,KIRI_2025_20|ASSUMPTION_V1
USR01114,33,30s,GROWTH,DC_NEGLECT,MOCK,KIRI_2025_20|ASSUMPTION_V1
USR01115,47,40s,STABLE_GROWTH,DC_NEGLECT,MOCK,KIRI_2025_20|ASSUMPTION_V1
USR01116,46,40s,GROWTH,DC_NEGLECT,MOCK,KIRI_2025_20|ASSUMPTION_V1
USR01117,45,40s,AGGRESSIVE,OVERLAP_RISK,MOCK,KIRI_2025_20|ASSUMPTION_V1
USR01118,46,40s,STABLE_GROWTH,TAX_BENEFIT_IDLE,MOCK,KIRI_2025_20|ASSUMPTION_V1
USR01119,49,40s,BALANCED,DC_NEGLECT,MOCK,KIRI_2025_20|ASSUMPTION_V1
USR01120,46,40s,GROWTH,TAX_BENEFIT_IDLE,MOCK,KIRI_2025_20|ASSUMPTION_V1
USR01121,23,20s,STABLE_GROWTH,DC_NEGLECT,MOCK,KIRI_2025_20|ASSUMPTION_V1
USR01122,61,50_plus,GROWTH,DC_NEGLECT,MOCK,KIRI_2025_20|ASSUMPTION_V1
USR01123,34,30s,GROWTH,OVERLAP_RISK,MOCK,KIRI_2025_20|ASSUMPTION_V1
USR01124,46,40s,CONSERVATIVE,DC_NEGLECT,MOCK,KIRI_2025_20|ASSUMPTION_V1
USR01125,41,40s,STABLE_GROWTH,TAX_BENEFIT_IDLE,MOCK,KIRI_2025_20|ASSUMPTION_V1
USR01126,36,30s,STABLE_GROWTH,TAX_BENEFIT_IDLE,MOCK,KIRI_2025_20|ASSUMPTION_V1
USR01127,39,30s,GROWTH,TAX_BENEFIT_IDLE,MOCK,KIRI_2025_20|ASSUMPTION_V1
USR01128,31,30s,BALANCED,DC_NEGLECT,MOCK,KIRI_2025_20|ASSUMPTION_V1
USR01129,22,20s,AGGRESSIVE,DC_NEGLECT,MOCK,KIRI_2025_20|ASSUMPTION_V1
USR01130,41,40s,GROWTH,OVERLAP_RISK,MOCK,KIRI_2025_20|ASSUMPTION_V1
USR01131,50,50_plus,STABLE_GROWTH,DC_NEGLECT,MOCK,KIRI_2025_20|ASSUMPTION_V1
USR01132,36,30s,BALANCED,OVERLAP_RISK,MOCK,KIRI_2025_20|ASSUMPTION_V1
USR01133,44,40s,GROWTH,OVERLAP_RISK,MOCK,KIRI_2025_20|ASSUMPTION_V1
USR01134,54,50_plus,BALANCED,OVERLAP_RISK,MOCK,KIRI_2025_20|ASSUMPTION_V1
USR01135,31,30s,BALANCED,DC_NEGLECT,MOCK,KIRI_2025_20|ASSUMPTION_V1
USR01136,29,20s,STABLE_GROWTH,DC_NEGLECT,MOCK,KIRI_2025_20|ASSUMPTION_V1
USR01137,59,50_plus,STABLE_GROWTH,DC_NEGLECT,MOCK,KIRI_2025_20|ASSUMPTION_V1
USR01138,48,40s,BALANCED,OVERLAP_RISK,MOCK,KIRI_2025_20|ASSUMPTION_V1
USR01139,40,40s,GROWTH,TAX_BENEFIT_IDLE,MOCK,KIRI_2025_20|ASSUMPTION_V1
USR01140,46,40s,BALANCED,DC_NEGLECT,MOCK,KIRI_2025_20|ASSUMPTION_V1
USR01141,42,40s,GROWTH,TAX_BENEFIT_IDLE,MOCK,KIRI_2025_20|ASSUMPTION_V1
USR01142,29,20s,GROWTH,TAX_BENEFIT_IDLE,MOCK,KIRI_2025_20|ASSUMPTION_V1
USR01143,41,40s,STABLE_GROWTH,OVERLAP_RISK,MOCK,KIRI_2025_20|ASSUMPTION_V1
USR01144,38,30s,BALANCED,DC_NEGLECT,MOCK,KIRI_2025_20|ASSUMPTION_V1
USR01145,43,40s,BALANCED,TAX_BENEFIT_IDLE,MOCK,KIRI_2025_20|ASSUMPTION_V1
USR01146,30,30s,BALANCED,DC_NEGLECT,MOCK,KIRI_2025_20|ASSUMPTION_V1
USR01147,53,50_plus,BALANCED,TAX_BENEFIT_IDLE,MOCK,KIRI_2025_20|ASSUMPTION_V1
USR01148,38,30s,BALANCED,TAX_BENEFIT_IDLE,MOCK,KIRI_2025_20|ASSUMPTION_V1
USR01149,24,20s,GROWTH,OVERLAP_RISK,MOCK,KIRI_2025_20|ASSUMPTION_V1
USR01150,55,50_plus,STABLE_GROWTH,DC_NEGLECT,MOCK,KIRI_2025_20|ASSUMPTION_V1
USR01151,33,30s,GROWTH,TAX_BENEFIT_IDLE,MOCK,KIRI_2025_20|ASSUMPTION_V1
USR01152,48,40s,GROWTH,TAX_BENEFIT_IDLE,MOCK,KIRI_2025_20|ASSUMPTION_V1
USR01153,22,20s,GROWTH,TAX_BENEFIT_IDLE,MOCK,KIRI_2025_20|ASSUMPTION_V1
USR01154,29,20s,BALANCED,TAX_BENEFIT_IDLE,MOCK,KIRI_2025_20|ASSUMPTION_V1
USR01155,33,30s,STABLE_GROWTH,TAX_BENEFIT_IDLE,MOCK,KIRI_2025_20|ASSUMPTION_V1
USR01156,37,30s,STABLE_GROWTH,DC_NEGLECT,MOCK,KIRI_2025_20|ASSUMPTION_V1
USR01157,45,40s,CONSERVATIVE,DC_NEGLECT,MOCK,KIRI_2025_20|ASSUMPTION_V1
USR01158,32,30s,BALANCED,DC_NEGLECT,MOCK,KIRI_2025_20|ASSUMPTION_V1
USR01159,56,50_plus,STABLE_GROWTH,TAX_BENEFIT_IDLE,MOCK,KIRI_2025_20|ASSUMPTION_V1
USR01160,55,50_plus,STABLE_GROWTH,DC_NEGLECT,MOCK,KIRI_2025_20|ASSUMPTION_V1
USR01161,40,40s,CONSERVATIVE,DC_NEGLECT,MOCK,KIRI_2025_20|ASSUMPTION_V1
USR01162,39,30s,STABLE_GROWTH,DC_NEGLECT,MOCK,KIRI_2025_20|ASSUMPTION_V1
USR01163,32,30s,BALANCED,TAX_BENEFIT_IDLE,MOCK,KIRI_2025_20|ASSUMPTION_V1
USR01164,34,30s,GROWTH,TAX_BENEFIT_IDLE,MOCK,KIRI_2025_20|ASSUMPTION_V1
USR01165,64,50_plus,STABLE_GROWTH,OVERLAP_RISK,MOCK,KIRI_2025_20|ASSUMPTION_V1
USR01166,42,40s,CONSERVATIVE,DC_NEGLECT,MOCK,KIRI_2025_20|ASSUMPTION_V1
USR01167,32,30s,BALANCED,TAX_BENEFIT_IDLE,MOCK,KIRI_2025_20|ASSUMPTION_V1
USR01168,38,30s,BALANCED,OVERLAP_RISK,MOCK,KIRI_2025_20|ASSUMPTION_V1
USR01169,62,50_plus,BALANCED,OVERLAP_RISK,MOCK,KIRI_2025_20|ASSUMPTION_V1
USR01170,63,50_plus,STABLE_GROWTH,DC_NEGLECT,MOCK,KIRI_2025_20|ASSUMPTION_V1
USR01171,44,40s,BALANCED,OVERLAP_RISK,MOCK,KIRI_2025_20|ASSUMPTION_V1
USR01172,50,50_plus,STABLE_GROWTH,TAX_BENEFIT_IDLE,MOCK,KIRI_2025_20|ASSUMPTION_V1
USR01173,23,20s,BALANCED,DC_NEGLECT,MOCK,KIRI_2025_20|ASSUMPTION_V1
USR01174,40,40s,BALANCED,TAX_BENEFIT_IDLE,MOCK,KIRI_2025_20|ASSUMPTION_V1
USR01175,40,40s,STABLE_GROWTH,OVERLAP_RISK,MOCK,KIRI_2025_20|ASSUMPTION_V1
USR01176,53,50_plus,STABLE_GROWTH,OVERLAP_RISK,MOCK,KIRI_2025_20|ASSUMPTION_V1
USR01177,29,20s,STABLE_GROWTH,OVERLAP_RISK,MOCK,KIRI_2025_20|ASSUMPTION_V1
USR01178,64,50_plus,GROWTH,OVERLAP_RISK,MOCK,KIRI_2025_20|ASSUMPTION_V1
USR01179,60,50_plus,BALANCED,DC_NEGLECT,MOCK,KIRI_2025_20|ASSUMPTION_V1
USR01180,47,40s,STABLE_GROWTH,OVERLAP_RISK,MOCK,KIRI_2025_20|ASSUMPTION_V1
USR01181,58,50_plus,GROWTH,DC_NEGLECT,MOCK,KIRI_2025_20|ASSUMPTION_V1
USR01182,45,40s,CONSERVATIVE,DC_NEGLECT,MOCK,KIRI_2025_20|ASSUMPTION_V1
USR01183,47,40s,CONSERVATIVE,DC_NEGLECT,MOCK,KIRI_2025_20|ASSUMPTION_V1
USR01184,38,30s,GROWTH,DC_NEGLECT,MOCK,KIRI_2025_20|ASSUMPTION_V1
USR01185,49,40s,STABLE_GROWTH,OVERLAP_RISK,MOCK,KIRI_2025_20|ASSUMPTION_V1
USR01186,44,40s,BALANCED,DC_NEGLECT,MOCK,KIRI_2025_20|ASSUMPTION_V1
USR01187,41,40s,CONSERVATIVE,OVERLAP_RISK,MOCK,KIRI_2025_20|ASSUMPTION_V1
USR01188,59,50_plus,STABLE_GROWTH,DC_NEGLECT,MOCK,KIRI_2025_20|ASSUMPTION_V1
USR01189,42,40s,BALANCED,TAX_BENEFIT_IDLE,MOCK,KIRI_2025_20|ASSUMPTION_V1
USR01190,28,20s,BALANCED,OVERLAP_RISK,MOCK,KIRI_2025_20|ASSUMPTION_V1
USR01191,36,30s,STABLE_GROWTH,TAX_BENEFIT_IDLE,MOCK,KIRI_2025_20|ASSUMPTION_V1
USR01192,35,30s,CONSERVATIVE,OVERLAP_RISK,MOCK,KIRI_2025_20|ASSUMPTION_V1
USR01193,36,30s,CONSERVATIVE,DC_NEGLECT,MOCK,KIRI_2025_20|ASSUMPTION_V1
USR01194,43,40s,GROWTH,DC_NEGLECT,MOCK,KIRI_2025_20|ASSUMPTION_V1
USR01195,43,40s,GROWTH,DC_NEGLECT,MOCK,KIRI_2025_20|ASSUMPTION_V1
USR01196,63,50_plus,BALANCED,DC_NEGLECT,MOCK,KIRI_2025_20|ASSUMPTION_V1
USR01197,32,30s,AGGRESSIVE,TAX_BENEFIT_IDLE,MOCK,KIRI_2025_20|ASSUMPTION_V1
USR01198,38,30s,BALANCED,DC_NEGLECT,MOCK,KIRI_2025_20|ASSUMPTION_V1
USR01199,27,20s,STABLE_GROWTH,TAX_BENEFIT_IDLE,MOCK,KIRI_2025_20|ASSUMPTION_V1
USR01200,39,30s,STABLE_GROWTH,TAX_BENEFIT_IDLE,MOCK,KIRI_2025_20|ASSUMPTION_V1
USR01201,50,50_plus,CONSERVATIVE,OVERLAP_RISK,MOCK,KIRI_2025_20|ASSUMPTION_V1
USR01202,46,40s,BALANCED,DC_NEGLECT,MOCK,KIRI_2025_20|ASSUMPTION_V1
USR01203,63,50_plus,BALANCED,TAX_BENEFIT_IDLE,MOCK,KIRI_2025_20|ASSUMPTION_V1
USR01204,30,30s,STABLE_GROWTH,TAX_BENEFIT_IDLE,MOCK,KIRI_2025_20|ASSUMPTION_V1
USR01205,39,30s,STABLE_GROWTH,TAX_BENEFIT_IDLE,MOCK,KIRI_2025_20|ASSUMPTION_V1
USR01206,34,30s,STABLE_GROWTH,TAX_BENEFIT_IDLE,MOCK,KIRI_2025_20|ASSUMPTION_V1
USR01207,49,40s,STABLE_GROWTH,DC_NEGLECT,MOCK,KIRI_2025_20|ASSUMPTION_V1
USR01208,29,20s,GROWTH,DC_NEGLECT,MOCK,KIRI_2025_20|ASSUMPTION_V1
USR01209,40,40s,BALANCED,TAX_BENEFIT_IDLE,MOCK,KIRI_2025_20|ASSUMPTION_V1
USR01210,50,50_plus,STABLE_GROWTH,TAX_BENEFIT_IDLE,MOCK,KIRI_2025_20|ASSUMPTION_V1
USR01211,30,30s,CONSERVATIVE,OVERLAP_RISK,MOCK,KIRI_2025_20|ASSUMPTION_V1
USR01212,37,30s,AGGRESSIVE,OVERLAP_RISK,MOCK,KIRI_2025_20|ASSUMPTION_V1
USR01213,55,50_plus,STABLE_GROWTH,DC_NEGLECT,MOCK,KIRI_2025_20|ASSUMPTION_V1
USR01214,46,40s,STABLE_GROWTH,DC_NEGLECT,MOCK,KIRI_2025_20|ASSUMPTION_V1
USR01215,43,40s,GROWTH,DC_NEGLECT,MOCK,KIRI_2025_20|ASSUMPTION_V1
USR01216,59,50_plus,CONSERVATIVE,TAX_BENEFIT_IDLE,MOCK,KIRI_2025_20|ASSUMPTION_V1
USR01217,61,50_plus,STABLE_GROWTH,DC_NEGLECT,MOCK,KIRI_2025_20|ASSUMPTION_V1
USR01218,27,20s,BALANCED,OVERLAP_RISK,MOCK,KIRI_2025_20|ASSUMPTION_V1
USR01219,45,40s,STABLE_GROWTH,DC_NEGLECT,MOCK,KIRI_2025_20|ASSUMPTION_V1
USR01220,49,40s,BALANCED,DC_NEGLECT,MOCK,KIRI_2025_20|ASSUMPTION_V1
USR01221,42,40s,STABLE_GROWTH,DC_NEGLECT,MOCK,KIRI_2025_20|ASSUMPTION_V1
USR01222,48,40s,BALANCED,DC_NEGLECT,MOCK,KIRI_2025_20|ASSUMPTION_V1
USR01223,39,30s,CONSERVATIVE,DC_NEGLECT,MOCK,KIRI_2025_20|ASSUMPTION_V1
USR01224,47,40s,STABLE_GROWTH,OVERLAP_RISK,MOCK,KIRI_2025_20|ASSUMPTION_V1
USR01225,39,30s,GROWTH,TAX_BENEFIT_IDLE,MOCK,KIRI_2025_20|ASSUMPTION_V1
USR01226,27,20s,AGGRESSIVE,DC_NEGLECT,MOCK,KIRI_2025_20|ASSUMPTION_V1
USR01227,53,50_plus,BALANCED,DC_NEGLECT,MOCK,KIRI_2025_20|ASSUMPTION_V1
USR01228,27,20s,BALANCED,TAX_BENEFIT_IDLE,MOCK,KIRI_2025_20|ASSUMPTION_V1
USR01229,34,30s,GROWTH,OVERLAP_RISK,MOCK,KIRI_2025_20|ASSUMPTION_V1
USR01230,51,50_plus,STABLE_GROWTH,DC_NEGLECT,MOCK,KIRI_2025_20|ASSUMPTION_V1
USR01231,43,40s,GROWTH,OVERLAP_RISK,MOCK,KIRI_2025_20|ASSUMPTION_V1
USR01232,33,30s,STABLE_GROWTH,DC_NEGLECT,MOCK,KIRI_2025_20|ASSUMPTION_V1
USR01233,50,50_plus,CONSERVATIVE,DC_NEGLECT,MOCK,KIRI_2025_20|ASSUMPTION_V1
USR01234,40,40s,CONSERVATIVE,DC_NEGLECT,MOCK,KIRI_2025_20|ASSUMPTION_V1
USR01235,63,50_plus,AGGRESSIVE,OVERLAP_RISK,MOCK,KIRI_2025_20|ASSUMPTION_V1
USR01236,58,50_plus,STABLE_GROWTH,DC_NEGLECT,MOCK,KIRI_2025_20|ASSUMPTION_V1
USR01237,20,20s,GROWTH,TAX_BENEFIT_IDLE,MOCK,KIRI_2025_20|ASSUMPTION_V1
USR01238,34,30s,GROWTH,TAX_BENEFIT_IDLE,MOCK,KIRI_2025_20|ASSUMPTION_V1
USR01239,37,30s,STABLE_GROWTH,TAX_BENEFIT_IDLE,MOCK,KIRI_2025_20|ASSUMPTION_V1
USR01240,35,30s,BALANCED,OVERLAP_RISK,MOCK,KIRI_2025_20|ASSUMPTION_V1
USR01241,38,30s,BALANCED,TAX_BENEFIT_IDLE,MOCK,KIRI_2025_20|ASSUMPTION_V1
USR01242,46,40s,STABLE_GROWTH,DC_NEGLECT,MOCK,KIRI_2025_20|ASSUMPTION_V1
USR01243,23,20s,GROWTH,DC_NEGLECT,MOCK,KIRI_2025_20|ASSUMPTION_V1
USR01244,53,50_plus,STABLE_GROWTH,TAX_BENEFIT_IDLE,MOCK,KIRI_2025_20|ASSUMPTION_V1
USR01245,42,40s,CONSERVATIVE,TAX_BENEFIT_IDLE,MOCK,KIRI_2025_20|ASSUMPTION_V1
USR01246,46,40s,BALANCED,DC_NEGLECT,MOCK,KIRI_2025_20|ASSUMPTION_V1
USR01247,39,30s,GROWTH,DC_NEGLECT,MOCK,KIRI_2025_20|ASSUMPTION_V1
USR01248,46,40s,STABLE_GROWTH,OVERLAP_RISK,MOCK,KIRI_2025_20|ASSUMPTION_V1
USR01249,46,40s,STABLE_GROWTH,OVERLAP_RISK,MOCK,KIRI_2025_20|ASSUMPTION_V1
USR01250,39,30s,BALANCED,DC_NEGLECT,MOCK,KIRI_2025_20|ASSUMPTION_V1
USR01251,63,50_plus,STABLE_GROWTH,OVERLAP_RISK,MOCK,KIRI_2025_20|ASSUMPTION_V1
USR01252,40,40s,STABLE_GROWTH,DC_NEGLECT,MOCK,KIRI_2025_20|ASSUMPTION_V1
USR01253,43,40s,GROWTH,DC_NEGLECT,MOCK,KIRI_2025_20|ASSUMPTION_V1
USR01254,44,40s,CONSERVATIVE,OVERLAP_RISK,MOCK,KIRI_2025_20|ASSUMPTION_V1
USR01255,36,30s,BALANCED,DC_NEGLECT,MOCK,KIRI_2025_20|ASSUMPTION_V1
USR01256,58,50_plus,STABLE_GROWTH,DC_NEGLECT,MOCK,KIRI_2025_20|ASSUMPTION_V1
USR01257,51,50_plus,CONSERVATIVE,DC_NEGLECT,MOCK,KIRI_2025_20|ASSUMPTION_V1
USR01258,21,20s,BALANCED,OVERLAP_RISK,MOCK,KIRI_2025_20|ASSUMPTION_V1
USR01259,40,40s,BALANCED,TAX_BENEFIT_IDLE,MOCK,KIRI_2025_20|ASSUMPTION_V1
USR01260,61,50_plus,BALANCED,OVERLAP_RISK,MOCK,KIRI_2025_20|ASSUMPTION_V1
USR01261,52,50_plus,CONSERVATIVE,TAX_BENEFIT_IDLE,MOCK,KIRI_2025_20|ASSUMPTION_V1
USR01262,52,50_plus,BALANCED,DC_NEGLECT,MOCK,KIRI_2025_20|ASSUMPTION_V1
USR01263,42,40s,CONSERVATIVE,TAX_BENEFIT_IDLE,MOCK,KIRI_2025_20|ASSUMPTION_V1
USR01264,29,20s,STABLE_GROWTH,TAX_BENEFIT_IDLE,MOCK,KIRI_2025_20|ASSUMPTION_V1
USR01265,39,30s,STABLE_GROWTH,DC_NEGLECT,MOCK,KIRI_2025_20|ASSUMPTION_V1
USR01266,54,50_plus,STABLE_GROWTH,DC_NEGLECT,MOCK,KIRI_2025_20|ASSUMPTION_V1
USR01267,42,40s,STABLE_GROWTH,TAX_BENEFIT_IDLE,MOCK,KIRI_2025_20|ASSUMPTION_V1
USR01268,56,50_plus,BALANCED,TAX_BENEFIT_IDLE,MOCK,KIRI_2025_20|ASSUMPTION_V1
USR01269,56,50_plus,CONSERVATIVE,TAX_BENEFIT_IDLE,MOCK,KIRI_2025_20|ASSUMPTION_V1
USR01270,37,30s,STABLE_GROWTH,TAX_BENEFIT_IDLE,MOCK,KIRI_2025_20|ASSUMPTION_V1
USR01271,35,30s,STABLE_GROWTH,DC_NEGLECT,MOCK,KIRI_2025_20|ASSUMPTION_V1
USR01272,45,40s,AGGRESSIVE,TAX_BENEFIT_IDLE,MOCK,KIRI_2025_20|ASSUMPTION_V1
USR01273,29,20s,BALANCED,DC_NEGLECT,MOCK,KIRI_2025_20|ASSUMPTION_V1
USR01274,47,40s,BALANCED,OVERLAP_RISK,MOCK,KIRI_2025_20|ASSUMPTION_V1
USR01275,27,20s,STABLE_GROWTH,DC_NEGLECT,MOCK,KIRI_2025_20|ASSUMPTION_V1
USR01276,46,40s,STABLE_GROWTH,DC_NEGLECT,MOCK,KIRI_2025_20|ASSUMPTION_V1
USR01277,58,50_plus,CONSERVATIVE,OVERLAP_RISK,MOCK,KIRI_2025_20|ASSUMPTION_V1
USR01278,38,30s,GROWTH,TAX_BENEFIT_IDLE,MOCK,KIRI_2025_20|ASSUMPTION_V1
USR01279,28,20s,STABLE_GROWTH,TAX_BENEFIT_IDLE,MOCK,KIRI_2025_20|ASSUMPTION_V1
USR01280,31,30s,GROWTH,OVERLAP_RISK,MOCK,KIRI_2025_20|ASSUMPTION_V1
USR01281,36,30s,AGGRESSIVE,OVERLAP_RISK,MOCK,KIRI_2025_20|ASSUMPTION_V1
USR01282,51,50_plus,STABLE_GROWTH,DC_NEGLECT,MOCK,KIRI_2025_20|ASSUMPTION_V1
USR01283,40,40s,STABLE_GROWTH,OVERLAP_RISK,MOCK,KIRI_2025_20|ASSUMPTION_V1
USR01284,25,20s,BALANCED,DC_NEGLECT,MOCK,KIRI_2025_20|ASSUMPTION_V1
USR01285,32,30s,CONSERVATIVE,OVERLAP_RISK,MOCK,KIRI_2025_20|ASSUMPTION_V1
USR01286,48,40s,BALANCED,TAX_BENEFIT_IDLE,MOCK,KIRI_2025_20|ASSUMPTION_V1
USR01287,46,40s,GROWTH,TAX_BENEFIT_IDLE,MOCK,KIRI_2025_20|ASSUMPTION_V1
USR01288,39,30s,BALANCED,TAX_BENEFIT_IDLE,MOCK,KIRI_2025_20|ASSUMPTION_V1
USR01289,59,50_plus,BALANCED,OVERLAP_RISK,MOCK,KIRI_2025_20|ASSUMPTION_V1
USR01290,58,50_plus,CONSERVATIVE,OVERLAP_RISK,MOCK,KIRI_2025_20|ASSUMPTION_V1
USR01291,53,50_plus,STABLE_GROWTH,OVERLAP_RISK,MOCK,KIRI_2025_20|ASSUMPTION_V1
USR01292,33,30s,BALANCED,TAX_BENEFIT_IDLE,MOCK,KIRI_2025_20|ASSUMPTION_V1
USR01293,48,40s,AGGRESSIVE,TAX_BENEFIT_IDLE,MOCK,KIRI_2025_20|ASSUMPTION_V1
USR01294,50,50_plus,CONSERVATIVE,OVERLAP_RISK,MOCK,KIRI_2025_20|ASSUMPTION_V1
USR01295,43,40s,BALANCED,OVERLAP_RISK,MOCK,KIRI_2025_20|ASSUMPTION_V1
USR01296,48,40s,AGGRESSIVE,TAX_BENEFIT_IDLE,MOCK,KIRI_2025_20|ASSUMPTION_V1
USR01297,63,50_plus,GROWTH,TAX_BENEFIT_IDLE,MOCK,KIRI_2025_20|ASSUMPTION_V1
USR01298,39,30s,AGGRESSIVE,DC_NEGLECT,MOCK,KIRI_2025_20|ASSUMPTION_V1
USR01299,56,50_plus,STABLE_GROWTH,OVERLAP_RISK,MOCK,KIRI_2025_20|ASSUMPTION_V1
USR01300,50,50_plus,CONSERVATIVE,TAX_BENEFIT_IDLE,MOCK,KIRI_2025_20|ASSUMPTION_V1
USR01301,33,30s,STABLE_GROWTH,OVERLAP_RISK,MOCK,KIRI_2025_20|ASSUMPTION_V1
USR01302,49,40s,CONSERVATIVE,TAX_BENEFIT_IDLE,MOCK,KIRI_2025_20|ASSUMPTION_V1
USR01303,29,20s,BALANCED,DC_NEGLECT,MOCK,KIRI_2025_20|ASSUMPTION_V1
USR01304,49,40s,GROWTH,DC_NEGLECT,MOCK,KIRI_2025_20|ASSUMPTION_V1
USR01305,31,30s,AGGRESSIVE,TAX_BENEFIT_IDLE,MOCK,KIRI_2025_20|ASSUMPTION_V1
USR01306,47,40s,STABLE_GROWTH,DC_NEGLECT,MOCK,KIRI_2025_20|ASSUMPTION_V1
USR01307,57,50_plus,BALANCED,OVERLAP_RISK,MOCK,KIRI_2025_20|ASSUMPTION_V1
USR01308,25,20s,BALANCED,DC_NEGLECT,MOCK,KIRI_2025_20|ASSUMPTION_V1
USR01309,54,50_plus,CONSERVATIVE,TAX_BENEFIT_IDLE,MOCK,KIRI_2025_20|ASSUMPTION_V1
USR01310,35,30s,BALANCED,OVERLAP_RISK,MOCK,KIRI_2025_20|ASSUMPTION_V1
USR01311,35,30s,BALANCED,OVERLAP_RISK,MOCK,KIRI_2025_20|ASSUMPTION_V1
USR01312,32,30s,AGGRESSIVE,OVERLAP_RISK,MOCK,KIRI_2025_20|ASSUMPTION_V1
USR01313,42,40s,STABLE_GROWTH,TAX_BENEFIT_IDLE,MOCK,KIRI_2025_20|ASSUMPTION_V1
USR01314,34,30s,GROWTH,TAX_BENEFIT_IDLE,MOCK,KIRI_2025_20|ASSUMPTION_V1
USR01315,61,50_plus,GROWTH,OVERLAP_RISK,MOCK,KIRI_2025_20|ASSUMPTION_V1
USR01316,57,50_plus,STABLE_GROWTH,TAX_BENEFIT_IDLE,MOCK,KIRI_2025_20|ASSUMPTION_V1
USR01317,42,40s,STABLE_GROWTH,TAX_BENEFIT_IDLE,MOCK,KIRI_2025_20|ASSUMPTION_V1
USR01318,54,50_plus,CONSERVATIVE,TAX_BENEFIT_IDLE,MOCK,KIRI_2025_20|ASSUMPTION_V1
USR01319,37,30s,GROWTH,TAX_BENEFIT_IDLE,MOCK,KIRI_2025_20|ASSUMPTION_V1
USR01320,49,40s,STABLE_GROWTH,OVERLAP_RISK,MOCK,KIRI_2025_20|ASSUMPTION_V1
USR01321,25,20s,BALANCED,DC_NEGLECT,MOCK,KIRI_2025_20|ASSUMPTION_V1
USR01322,36,30s,GROWTH,TAX_BENEFIT_IDLE,MOCK,KIRI_2025_20|ASSUMPTION_V1
USR01323,34,30s,AGGRESSIVE,TAX_BENEFIT_IDLE,MOCK,KIRI_2025_20|ASSUMPTION_V1
USR01324,44,40s,STABLE_GROWTH,TAX_BENEFIT_IDLE,MOCK,KIRI_2025_20|ASSUMPTION_V1
USR01325,49,40s,GROWTH,DC_NEGLECT,MOCK,KIRI_2025_20|ASSUMPTION_V1
USR01326,37,30s,STABLE_GROWTH,TAX_BENEFIT_IDLE,MOCK,KIRI_2025_20|ASSUMPTION_V1
USR01327,39,30s,GROWTH,DC_NEGLECT,MOCK,KIRI_2025_20|ASSUMPTION_V1
USR01328,61,50_plus,BALANCED,TAX_BENEFIT_IDLE,MOCK,KIRI_2025_20|ASSUMPTION_V1
USR01329,32,30s,AGGRESSIVE,TAX_BENEFIT_IDLE,MOCK,KIRI_2025_20|ASSUMPTION_V1
USR01330,63,50_plus,BALANCED,DC_NEGLECT,MOCK,KIRI_2025_20|ASSUMPTION_V1
USR01331,64,50_plus,STABLE_GROWTH,TAX_BENEFIT_IDLE,MOCK,KIRI_2025_20|ASSUMPTION_V1
USR01332,60,50_plus,STABLE_GROWTH,OVERLAP_RISK,MOCK,KIRI_2025_20|ASSUMPTION_V1
USR01333,36,30s,GROWTH,DC_NEGLECT,MOCK,KIRI_2025_20|ASSUMPTION_V1
USR01334,45,40s,CONSERVATIVE,DC_NEGLECT,MOCK,KIRI_2025_20|ASSUMPTION_V1
USR01335,50,50_plus,CONSERVATIVE,DC_NEGLECT,MOCK,KIRI_2025_20|ASSUMPTION_V1
USR01336,62,50_plus,GROWTH,TAX_BENEFIT_IDLE,MOCK,KIRI_2025_20|ASSUMPTION_V1
USR01337,46,40s,STABLE_GROWTH,OVERLAP_RISK,MOCK,KIRI_2025_20|ASSUMPTION_V1
USR01338,30,30s,GROWTH,OVERLAP_RISK,MOCK,KIRI_2025_20|ASSUMPTION_V1
USR01339,42,40s,STABLE_GROWTH,DC_NEGLECT,MOCK,KIRI_2025_20|ASSUMPTION_V1
USR01340,60,50_plus,CONSERVATIVE,DC_NEGLECT,MOCK,KIRI_2025_20|ASSUMPTION_V1
USR01341,40,40s,BALANCED,DC_NEGLECT,MOCK,KIRI_2025_20|ASSUMPTION_V1
USR01342,47,40s,AGGRESSIVE,DC_NEGLECT,MOCK,KIRI_2025_20|ASSUMPTION_V1
USR01343,57,50_plus,CONSERVATIVE,DC_NEGLECT,MOCK,KIRI_2025_20|ASSUMPTION_V1
USR01344,49,40s,STABLE_GROWTH,DC_NEGLECT,MOCK,KIRI_2025_20|ASSUMPTION_V1
USR01345,36,30s,CONSERVATIVE,DC_NEGLECT,MOCK,KIRI_2025_20|ASSUMPTION_V1
USR01346,35,30s,BALANCED,DC_NEGLECT,MOCK,KIRI_2025_20|ASSUMPTION_V1
USR01347,20,20s,BALANCED,DC_NEGLECT,MOCK,KIRI_2025_20|ASSUMPTION_V1
USR01348,39,30s,CONSERVATIVE,OVERLAP_RISK,MOCK,KIRI_2025_20|ASSUMPTION_V1
USR01349,42,40s,GROWTH,TAX_BENEFIT_IDLE,MOCK,KIRI_2025_20|ASSUMPTION_V1
USR01350,45,40s,STABLE_GROWTH,DC_NEGLECT,MOCK,KIRI_2025_20|ASSUMPTION_V1
USR01351,44,40s,GROWTH,OVERLAP_RISK,MOCK,KIRI_2025_20|ASSUMPTION_V1
USR01352,34,30s,AGGRESSIVE,DC_NEGLECT,MOCK,KIRI_2025_20|ASSUMPTION_V1
USR01353,46,40s,BALANCED,DC_NEGLECT,MOCK,KIRI_2025_20|ASSUMPTION_V1
USR01354,38,30s,GROWTH,DC_NEGLECT,MOCK,KIRI_2025_20|ASSUMPTION_V1
USR01355,36,30s,STABLE_GROWTH,DC_NEGLECT,MOCK,KIRI_2025_20|ASSUMPTION_V1
USR01356,49,40s,STABLE_GROWTH,DC_NEGLECT,MOCK,KIRI_2025_20|ASSUMPTION_V1
USR01357,64,50_plus,CONSERVATIVE,DC_NEGLECT,MOCK,KIRI_2025_20|ASSUMPTION_V1
USR01358,64,50_plus,STABLE_GROWTH,OVERLAP_RISK,MOCK,KIRI_2025_20|ASSUMPTION_V1
USR01359,47,40s,CONSERVATIVE,OVERLAP_RISK,MOCK,KIRI_2025_20|ASSUMPTION_V1
USR01360,42,40s,STABLE_GROWTH,DC_NEGLECT,MOCK,KIRI_2025_20|ASSUMPTION_V1
USR01361,60,50_plus,AGGRESSIVE,DC_NEGLECT,MOCK,KIRI_2025_20|ASSUMPTION_V1
USR01362,30,30s,BALANCED,DC_NEGLECT,MOCK,KIRI_2025_20|ASSUMPTION_V1
USR01363,46,40s,BALANCED,OVERLAP_RISK,MOCK,KIRI_2025_20|ASSUMPTION_V1
USR01364,40,40s,GROWTH,DC_NEGLECT,MOCK,KIRI_2025_20|ASSUMPTION_V1
USR01365,34,30s,GROWTH,TAX_BENEFIT_IDLE,MOCK,KIRI_2025_20|ASSUMPTION_V1
USR01366,45,40s,BALANCED,TAX_BENEFIT_IDLE,MOCK,KIRI_2025_20|ASSUMPTION_V1
USR01367,30,30s,GROWTH,TAX_BENEFIT_IDLE,MOCK,KIRI_2025_20|ASSUMPTION_V1
USR01368,40,40s,STABLE_GROWTH,DC_NEGLECT,MOCK,KIRI_2025_20|ASSUMPTION_V1
USR01369,41,40s,BALANCED,DC_NEGLECT,MOCK,KIRI_2025_20|ASSUMPTION_V1
USR01370,58,50_plus,BALANCED,DC_NEGLECT,MOCK,KIRI_2025_20|ASSUMPTION_V1
USR01371,32,30s,GROWTH,TAX_BENEFIT_IDLE,MOCK,KIRI_2025_20|ASSUMPTION_V1
USR01372,24,20s,BALANCED,DC_NEGLECT,MOCK,KIRI_2025_20|ASSUMPTION_V1
USR01373,44,40s,STABLE_GROWTH,OVERLAP_RISK,MOCK,KIRI_2025_20|ASSUMPTION_V1
USR01374,60,50_plus,BALANCED,OVERLAP_RISK,MOCK,KIRI_2025_20|ASSUMPTION_V1
USR01375,49,40s,AGGRESSIVE,TAX_BENEFIT_IDLE,MOCK,KIRI_2025_20|ASSUMPTION_V1
USR01376,21,20s,STABLE_GROWTH,DC_NEGLECT,MOCK,KIRI_2025_20|ASSUMPTION_V1
USR01377,29,20s,BALANCED,OVERLAP_RISK,MOCK,KIRI_2025_20|ASSUMPTION_V1
USR01378,49,40s,AGGRESSIVE,DC_NEGLECT,MOCK,KIRI_2025_20|ASSUMPTION_V1
USR01379,48,40s,CONSERVATIVE,DC_NEGLECT,MOCK,KIRI_2025_20|ASSUMPTION_V1
USR01380,63,50_plus,GROWTH,TAX_BENEFIT_IDLE,MOCK,KIRI_2025_20|ASSUMPTION_V1
USR01381,32,30s,BALANCED,OVERLAP_RISK,MOCK,KIRI_2025_20|ASSUMPTION_V1
USR01382,32,30s,BALANCED,DC_NEGLECT,MOCK,KIRI_2025_20|ASSUMPTION_V1
USR01383,42,40s,STABLE_GROWTH,DC_NEGLECT,MOCK,KIRI_2025_20|ASSUMPTION_V1
USR01384,62,50_plus,BALANCED,DC_NEGLECT,MOCK,KIRI_2025_20|ASSUMPTION_V1
USR01385,57,50_plus,BALANCED,DC_NEGLECT,MOCK,KIRI_2025_20|ASSUMPTION_V1
USR01386,43,40s,BALANCED,DC_NEGLECT,MOCK,KIRI_2025_20|ASSUMPTION_V1
USR01387,45,40s,GROWTH,OVERLAP_RISK,MOCK,KIRI_2025_20|ASSUMPTION_V1
USR01388,57,50_plus,AGGRESSIVE,TAX_BENEFIT_IDLE,MOCK,KIRI_2025_20|ASSUMPTION_V1
USR01389,45,40s,GROWTH,DC_NEGLECT,MOCK,KIRI_2025_20|ASSUMPTION_V1
USR01390,54,50_plus,STABLE_GROWTH,OVERLAP_RISK,MOCK,KIRI_2025_20|ASSUMPTION_V1
USR01391,37,30s,STABLE_GROWTH,DC_NEGLECT,MOCK,KIRI_2025_20|ASSUMPTION_V1
USR01392,63,50_plus,STABLE_GROWTH,TAX_BENEFIT_IDLE,MOCK,KIRI_2025_20|ASSUMPTION_V1
USR01393,49,40s,STABLE_GROWTH,DC_NEGLECT,MOCK,KIRI_2025_20|ASSUMPTION_V1
USR01394,34,30s,AGGRESSIVE,TAX_BENEFIT_IDLE,MOCK,KIRI_2025_20|ASSUMPTION_V1
USR01395,43,40s,STABLE_GROWTH,OVERLAP_RISK,MOCK,KIRI_2025_20|ASSUMPTION_V1
USR01396,32,30s,CONSERVATIVE,DC_NEGLECT,MOCK,KIRI_2025_20|ASSUMPTION_V1
USR01397,24,20s,AGGRESSIVE,DC_NEGLECT,MOCK,KIRI_2025_20|ASSUMPTION_V1
USR01398,33,30s,STABLE_GROWTH,DC_NEGLECT,MOCK,KIRI_2025_20|ASSUMPTION_V1
USR01399,41,40s,STABLE_GROWTH,OVERLAP_RISK,MOCK,KIRI_2025_20|ASSUMPTION_V1
USR01400,36,30s,GROWTH,DC_NEGLECT,MOCK,KIRI_2025_20|ASSUMPTION_V1
USR01401,56,50_plus,CONSERVATIVE,TAX_BENEFIT_IDLE,MOCK,KIRI_2025_20|ASSUMPTION_V1
USR01402,63,50_plus,CONSERVATIVE,TAX_BENEFIT_IDLE,MOCK,KIRI_2025_20|ASSUMPTION_V1
USR01403,41,40s,CONSERVATIVE,OVERLAP_RISK,MOCK,KIRI_2025_20|ASSUMPTION_V1
USR01404,41,40s,BALANCED,TAX_BENEFIT_IDLE,MOCK,KIRI_2025_20|ASSUMPTION_V1
USR01405,33,30s,STABLE_GROWTH,OVERLAP_RISK,MOCK,KIRI_2025_20|ASSUMPTION_V1
USR01406,32,30s,BALANCED,OVERLAP_RISK,MOCK,KIRI_2025_20|ASSUMPTION_V1
USR01407,31,30s,AGGRESSIVE,DC_NEGLECT,MOCK,KIRI_2025_20|ASSUMPTION_V1
USR01408,39,30s,BALANCED,OVERLAP_RISK,MOCK,KIRI_2025_20|ASSUMPTION_V1
USR01409,37,30s,BALANCED,OVERLAP_RISK,MOCK,KIRI_2025_20|ASSUMPTION_V1
USR01410,36,30s,BALANCED,TAX_BENEFIT_IDLE,MOCK,KIRI_2025_20|ASSUMPTION_V1
USR01411,43,40s,STABLE_GROWTH,OVERLAP_RISK,MOCK,KIRI_2025_20|ASSUMPTION_V1
USR01412,40,40s,STABLE_GROWTH,OVERLAP_RISK,MOCK,KIRI_2025_20|ASSUMPTION_V1
USR01413,43,40s,BALANCED,DC_NEGLECT,MOCK,KIRI_2025_20|ASSUMPTION_V1
USR01414,51,50_plus,STABLE_GROWTH,OVERLAP_RISK,MOCK,KIRI_2025_20|ASSUMPTION_V1
USR01415,48,40s,GROWTH,OVERLAP_RISK,MOCK,KIRI_2025_20|ASSUMPTION_V1
USR01416,48,40s,STABLE_GROWTH,TAX_BENEFIT_IDLE,MOCK,KIRI_2025_20|ASSUMPTION_V1
USR01417,58,50_plus,BALANCED,DC_NEGLECT,MOCK,KIRI_2025_20|ASSUMPTION_V1
USR01418,36,30s,BALANCED,OVERLAP_RISK,MOCK,KIRI_2025_20|ASSUMPTION_V1
USR01419,48,40s,BALANCED,OVERLAP_RISK,MOCK,KIRI_2025_20|ASSUMPTION_V1
USR01420,54,50_plus,BALANCED,DC_NEGLECT,MOCK,KIRI_2025_20|ASSUMPTION_V1
USR01421,35,30s,BALANCED,DC_NEGLECT,MOCK,KIRI_2025_20|ASSUMPTION_V1
USR01422,21,20s,GROWTH,TAX_BENEFIT_IDLE,MOCK,KIRI_2025_20|ASSUMPTION_V1
USR01423,26,20s,GROWTH,DC_NEGLECT,MOCK,KIRI_2025_20|ASSUMPTION_V1
USR01424,32,30s,CONSERVATIVE,OVERLAP_RISK,MOCK,KIRI_2025_20|ASSUMPTION_V1
USR01425,41,40s,GROWTH,DC_NEGLECT,MOCK,KIRI_2025_20|ASSUMPTION_V1
USR01426,55,50_plus,BALANCED,DC_NEGLECT,MOCK,KIRI_2025_20|ASSUMPTION_V1
USR01427,34,30s,BALANCED,TAX_BENEFIT_IDLE,MOCK,KIRI_2025_20|ASSUMPTION_V1
USR01428,45,40s,STABLE_GROWTH,OVERLAP_RISK,MOCK,KIRI_2025_20|ASSUMPTION_V1
USR01429,42,40s,CONSERVATIVE,TAX_BENEFIT_IDLE,MOCK,KIRI_2025_20|ASSUMPTION_V1
USR01430,44,40s,GROWTH,TAX_BENEFIT_IDLE,MOCK,KIRI_2025_20|ASSUMPTION_V1
USR01431,42,40s,CONSERVATIVE,DC_NEGLECT,MOCK,KIRI_2025_20|ASSUMPTION_V1
USR01432,58,50_plus,STABLE_GROWTH,TAX_BENEFIT_IDLE,MOCK,KIRI_2025_20|ASSUMPTION_V1
USR01433,33,30s,STABLE_GROWTH,DC_NEGLECT,MOCK,KIRI_2025_20|ASSUMPTION_V1
USR01434,61,50_plus,STABLE_GROWTH,OVERLAP_RISK,MOCK,KIRI_2025_20|ASSUMPTION_V1
USR01435,27,20s,GROWTH,DC_NEGLECT,MOCK,KIRI_2025_20|ASSUMPTION_V1
USR01436,33,30s,CONSERVATIVE,OVERLAP_RISK,MOCK,KIRI_2025_20|ASSUMPTION_V1
USR01437,38,30s,BALANCED,DC_NEGLECT,MOCK,KIRI_2025_20|ASSUMPTION_V1
USR01438,42,40s,GROWTH,DC_NEGLECT,MOCK,KIRI_2025_20|ASSUMPTION_V1
USR01439,46,40s,STABLE_GROWTH,OVERLAP_RISK,MOCK,KIRI_2025_20|ASSUMPTION_V1
USR01440,32,30s,STABLE_GROWTH,TAX_BENEFIT_IDLE,MOCK,KIRI_2025_20|ASSUMPTION_V1
USR01441,34,30s,STABLE_GROWTH,TAX_BENEFIT_IDLE,MOCK,KIRI_2025_20|ASSUMPTION_V1
USR01442,30,30s,STABLE_GROWTH,DC_NEGLECT,MOCK,KIRI_2025_20|ASSUMPTION_V1
USR01443,56,50_plus,CONSERVATIVE,DC_NEGLECT,MOCK,KIRI_2025_20|ASSUMPTION_V1
USR01444,39,30s,CONSERVATIVE,OVERLAP_RISK,MOCK,KIRI_2025_20|ASSUMPTION_V1
USR01445,43,40s,CONSERVATIVE,DC_NEGLECT,MOCK,KIRI_2025_20|ASSUMPTION_V1
USR01446,33,30s,AGGRESSIVE,DC_NEGLECT,MOCK,KIRI_2025_20|ASSUMPTION_V1
USR01447,61,50_plus,CONSERVATIVE,DC_NEGLECT,MOCK,KIRI_2025_20|ASSUMPTION_V1
USR01448,48,40s,CONSERVATIVE,OVERLAP_RISK,MOCK,KIRI_2025_20|ASSUMPTION_V1
USR01449,32,30s,BALANCED,TAX_BENEFIT_IDLE,MOCK,KIRI_2025_20|ASSUMPTION_V1
USR01450,39,30s,STABLE_GROWTH,OVERLAP_RISK,MOCK,KIRI_2025_20|ASSUMPTION_V1
USR01451,24,20s,STABLE_GROWTH,TAX_BENEFIT_IDLE,MOCK,KIRI_2025_20|ASSUMPTION_V1
USR01452,23,20s,AGGRESSIVE,DC_NEGLECT,MOCK,KIRI_2025_20|ASSUMPTION_V1
USR01453,38,30s,BALANCED,OVERLAP_RISK,MOCK,KIRI_2025_20|ASSUMPTION_V1
USR01454,33,30s,GROWTH,OVERLAP_RISK,MOCK,KIRI_2025_20|ASSUMPTION_V1
USR01455,20,20s,GROWTH,TAX_BENEFIT_IDLE,MOCK,KIRI_2025_20|ASSUMPTION_V1
USR01456,61,50_plus,BALANCED,DC_NEGLECT,MOCK,KIRI_2025_20|ASSUMPTION_V1
USR01457,42,40s,BALANCED,DC_NEGLECT,MOCK,KIRI_2025_20|ASSUMPTION_V1
USR01458,31,30s,CONSERVATIVE,DC_NEGLECT,MOCK,KIRI_2025_20|ASSUMPTION_V1
USR01459,31,30s,GROWTH,DC_NEGLECT,MOCK,KIRI_2025_20|ASSUMPTION_V1
USR01460,64,50_plus,CONSERVATIVE,OVERLAP_RISK,MOCK,KIRI_2025_20|ASSUMPTION_V1
USR01461,20,20s,GROWTH,DC_NEGLECT,MOCK,KIRI_2025_20|ASSUMPTION_V1
USR01462,56,50_plus,STABLE_GROWTH,OVERLAP_RISK,MOCK,KIRI_2025_20|ASSUMPTION_V1
USR01463,49,40s,BALANCED,TAX_BENEFIT_IDLE,MOCK,KIRI_2025_20|ASSUMPTION_V1
USR01464,41,40s,STABLE_GROWTH,DC_NEGLECT,MOCK,KIRI_2025_20|ASSUMPTION_V1
USR01465,56,50_plus,BALANCED,OVERLAP_RISK,MOCK,KIRI_2025_20|ASSUMPTION_V1
USR01466,56,50_plus,GROWTH,DC_NEGLECT,MOCK,KIRI_2025_20|ASSUMPTION_V1
USR01467,20,20s,GROWTH,DC_NEGLECT,MOCK,KIRI_2025_20|ASSUMPTION_V1
USR01468,41,40s,BALANCED,TAX_BENEFIT_IDLE,MOCK,KIRI_2025_20|ASSUMPTION_V1
USR01469,64,50_plus,BALANCED,TAX_BENEFIT_IDLE,MOCK,KIRI_2025_20|ASSUMPTION_V1
USR01470,38,30s,STABLE_GROWTH,DC_NEGLECT,MOCK,KIRI_2025_20|ASSUMPTION_V1
USR01471,46,40s,CONSERVATIVE,TAX_BENEFIT_IDLE,MOCK,KIRI_2025_20|ASSUMPTION_V1
USR01472,52,50_plus,CONSERVATIVE,TAX_BENEFIT_IDLE,MOCK,KIRI_2025_20|ASSUMPTION_V1
USR01473,34,30s,GROWTH,DC_NEGLECT,MOCK,KIRI_2025_20|ASSUMPTION_V1
USR01474,46,40s,STABLE_GROWTH,TAX_BENEFIT_IDLE,MOCK,KIRI_2025_20|ASSUMPTION_V1
USR01475,55,50_plus,BALANCED,TAX_BENEFIT_IDLE,MOCK,KIRI_2025_20|ASSUMPTION_V1
USR01476,36,30s,GROWTH,DC_NEGLECT,MOCK,KIRI_2025_20|ASSUMPTION_V1
USR01477,58,50_plus,BALANCED,TAX_BENEFIT_IDLE,MOCK,KIRI_2025_20|ASSUMPTION_V1
USR01478,61,50_plus,STABLE_GROWTH,DC_NEGLECT,MOCK,KIRI_2025_20|ASSUMPTION_V1
USR01479,49,40s,BALANCED,OVERLAP_RISK,MOCK,KIRI_2025_20|ASSUMPTION_V1
USR01480,36,30s,CONSERVATIVE,OVERLAP_RISK,MOCK,KIRI_2025_20|ASSUMPTION_V1
USR01481,40,40s,GROWTH,OVERLAP_RISK,MOCK,KIRI_2025_20|ASSUMPTION_V1
USR01482,58,50_plus,GROWTH,OVERLAP_RISK,MOCK,KIRI_2025_20|ASSUMPTION_V1
USR01483,42,40s,STABLE_GROWTH,OVERLAP_RISK,MOCK,KIRI_2025_20|ASSUMPTION_V1
USR01484,47,40s,STABLE_GROWTH,TAX_BENEFIT_IDLE,MOCK,KIRI_2025_20|ASSUMPTION_V1
USR01485,46,40s,STABLE_GROWTH,DC_NEGLECT,MOCK,KIRI_2025_20|ASSUMPTION_V1
USR01486,54,50_plus,STABLE_GROWTH,TAX_BENEFIT_IDLE,MOCK,KIRI_2025_20|ASSUMPTION_V1
USR01487,32,30s,BALANCED,DC_NEGLECT,MOCK,KIRI_2025_20|ASSUMPTION_V1
USR01488,36,30s,BALANCED,TAX_BENEFIT_IDLE,MOCK,KIRI_2025_20|ASSUMPTION_V1
USR01489,25,20s,GROWTH,DC_NEGLECT,MOCK,KIRI_2025_20|ASSUMPTION_V1
USR01490,48,40s,CONSERVATIVE,DC_NEGLECT,MOCK,KIRI_2025_20|ASSUMPTION_V1
USR01491,56,50_plus,BALANCED,DC_NEGLECT,MOCK,KIRI_2025_20|ASSUMPTION_V1
USR01492,60,50_plus,BALANCED,DC_NEGLECT,MOCK,KIRI_2025_20|ASSUMPTION_V1
USR01493,45,40s,BALANCED,DC_NEGLECT,MOCK,KIRI_2025_20|ASSUMPTION_V1
USR01494,20,20s,BALANCED,OVERLAP_RISK,MOCK,KIRI_2025_20|ASSUMPTION_V1
USR01495,43,40s,STABLE_GROWTH,TAX_BENEFIT_IDLE,MOCK,KIRI_2025_20|ASSUMPTION_V1
USR01496,20,20s,GROWTH,DC_NEGLECT,MOCK,KIRI_2025_20|ASSUMPTION_V1
USR01497,63,50_plus,STABLE_GROWTH,DC_NEGLECT,MOCK,KIRI_2025_20|ASSUMPTION_V1
USR01498,32,30s,BALANCED,TAX_BENEFIT_IDLE,MOCK,KIRI_2025_20|ASSUMPTION_V1
USR01499,41,40s,BALANCED,DC_NEGLECT,MOCK,KIRI_2025_20|ASSUMPTION_V1
USR01500,33,30s,CONSERVATIVE,OVERLAP_RISK,MOCK,KIRI_2025_20|ASSUMPTION_V1
USR01501,59,50_plus,STABLE_GROWTH,OVERLAP_RISK,MOCK,KIRI_2025_20|ASSUMPTION_V1
USR01502,56,50_plus,CONSERVATIVE,DC_NEGLECT,MOCK,KIRI_2025_20|ASSUMPTION_V1
USR01503,36,30s,STABLE_GROWTH,TAX_BENEFIT_IDLE,MOCK,KIRI_2025_20|ASSUMPTION_V1
USR01504,37,30s,CONSERVATIVE,DC_NEGLECT,MOCK,KIRI_2025_20|ASSUMPTION_V1
USR01505,22,20s,BALANCED,TAX_BENEFIT_IDLE,MOCK,KIRI_2025_20|ASSUMPTION_V1
USR01506,43,40s,GROWTH,OVERLAP_RISK,MOCK,KIRI_2025_20|ASSUMPTION_V1
USR01507,47,40s,BALANCED,OVERLAP_RISK,MOCK,KIRI_2025_20|ASSUMPTION_V1
USR01508,21,20s,GROWTH,OVERLAP_RISK,MOCK,KIRI_2025_20|ASSUMPTION_V1
USR01509,61,50_plus,CONSERVATIVE,DC_NEGLECT,MOCK,KIRI_2025_20|ASSUMPTION_V1
USR01510,34,30s,GROWTH,DC_NEGLECT,MOCK,KIRI_2025_20|ASSUMPTION_V1
USR01511,50,50_plus,CONSERVATIVE,TAX_BENEFIT_IDLE,MOCK,KIRI_2025_20|ASSUMPTION_V1
USR01512,28,20s,STABLE_GROWTH,TAX_BENEFIT_IDLE,MOCK,KIRI_2025_20|ASSUMPTION_V1
USR01513,48,40s,STABLE_GROWTH,DC_NEGLECT,MOCK,KIRI_2025_20|ASSUMPTION_V1
USR01514,62,50_plus,STABLE_GROWTH,DC_NEGLECT,MOCK,KIRI_2025_20|ASSUMPTION_V1
USR01515,39,30s,GROWTH,TAX_BENEFIT_IDLE,MOCK,KIRI_2025_20|ASSUMPTION_V1
USR01516,23,20s,AGGRESSIVE,DC_NEGLECT,MOCK,KIRI_2025_20|ASSUMPTION_V1
USR01517,52,50_plus,CONSERVATIVE,DC_NEGLECT,MOCK,KIRI_2025_20|ASSUMPTION_V1
USR01518,32,30s,GROWTH,TAX_BENEFIT_IDLE,MOCK,KIRI_2025_20|ASSUMPTION_V1
USR01519,42,40s,BALANCED,DC_NEGLECT,MOCK,KIRI_2025_20|ASSUMPTION_V1
USR01520,35,30s,CONSERVATIVE,TAX_BENEFIT_IDLE,MOCK,KIRI_2025_20|ASSUMPTION_V1
USR01521,62,50_plus,STABLE_GROWTH,OVERLAP_RISK,MOCK,KIRI_2025_20|ASSUMPTION_V1
USR01522,24,20s,CONSERVATIVE,OVERLAP_RISK,MOCK,KIRI_2025_20|ASSUMPTION_V1
USR01523,41,40s,BALANCED,TAX_BENEFIT_IDLE,MOCK,KIRI_2025_20|ASSUMPTION_V1
USR01524,38,30s,GROWTH,OVERLAP_RISK,MOCK,KIRI_2025_20|ASSUMPTION_V1
USR01525,61,50_plus,GROWTH,DC_NEGLECT,MOCK,KIRI_2025_20|ASSUMPTION_V1
USR01526,54,50_plus,AGGRESSIVE,DC_NEGLECT,MOCK,KIRI_2025_20|ASSUMPTION_V1
USR01527,49,40s,CONSERVATIVE,DC_NEGLECT,MOCK,KIRI_2025_20|ASSUMPTION_V1
USR01528,57,50_plus,GROWTH,OVERLAP_RISK,MOCK,KIRI_2025_20|ASSUMPTION_V1
USR01529,31,30s,GROWTH,TAX_BENEFIT_IDLE,MOCK,KIRI_2025_20|ASSUMPTION_V1
USR01530,32,30s,GROWTH,TAX_BENEFIT_IDLE,MOCK,KIRI_2025_20|ASSUMPTION_V1
USR01531,57,50_plus,BALANCED,TAX_BENEFIT_IDLE,MOCK,KIRI_2025_20|ASSUMPTION_V1
USR01532,39,30s,BALANCED,DC_NEGLECT,MOCK,KIRI_2025_20|ASSUMPTION_V1
USR01533,49,40s,AGGRESSIVE,TAX_BENEFIT_IDLE,MOCK,KIRI_2025_20|ASSUMPTION_V1
USR01534,34,30s,STABLE_GROWTH,OVERLAP_RISK,MOCK,KIRI_2025_20|ASSUMPTION_V1
USR01535,21,20s,CONSERVATIVE,DC_NEGLECT,MOCK,KIRI_2025_20|ASSUMPTION_V1
USR01536,31,30s,AGGRESSIVE,DC_NEGLECT,MOCK,KIRI_2025_20|ASSUMPTION_V1
USR01537,45,40s,STABLE_GROWTH,DC_NEGLECT,MOCK,KIRI_2025_20|ASSUMPTION_V1
USR01538,39,30s,BALANCED,TAX_BENEFIT_IDLE,MOCK,KIRI_2025_20|ASSUMPTION_V1
USR01539,44,40s,BALANCED,DC_NEGLECT,MOCK,KIRI_2025_20|ASSUMPTION_V1
USR01540,47,40s,STABLE_GROWTH,TAX_BENEFIT_IDLE,MOCK,KIRI_2025_20|ASSUMPTION_V1
USR01541,32,30s,GROWTH,OVERLAP_RISK,MOCK,KIRI_2025_20|ASSUMPTION_V1
USR01542,49,40s,CONSERVATIVE,DC_NEGLECT,MOCK,KIRI_2025_20|ASSUMPTION_V1
USR01543,32,30s,GROWTH,OVERLAP_RISK,MOCK,KIRI_2025_20|ASSUMPTION_V1
USR01544,60,50_plus,CONSERVATIVE,OVERLAP_RISK,MOCK,KIRI_2025_20|ASSUMPTION_V1
USR01545,30,30s,BALANCED,DC_NEGLECT,MOCK,KIRI_2025_20|ASSUMPTION_V1
USR01546,44,40s,STABLE_GROWTH,OVERLAP_RISK,MOCK,KIRI_2025_20|ASSUMPTION_V1
USR01547,43,40s,GROWTH,DC_NEGLECT,MOCK,KIRI_2025_20|ASSUMPTION_V1
USR01548,35,30s,BALANCED,DC_NEGLECT,MOCK,KIRI_2025_20|ASSUMPTION_V1
USR01549,46,40s,STABLE_GROWTH,TAX_BENEFIT_IDLE,MOCK,KIRI_2025_20|ASSUMPTION_V1
USR01550,31,30s,GROWTH,OVERLAP_RISK,MOCK,KIRI_2025_20|ASSUMPTION_V1
USR01551,20,20s,STABLE_GROWTH,OVERLAP_RISK,MOCK,KIRI_2025_20|ASSUMPTION_V1
USR01552,61,50_plus,STABLE_GROWTH,TAX_BENEFIT_IDLE,MOCK,KIRI_2025_20|ASSUMPTION_V1
USR01553,39,30s,AGGRESSIVE,DC_NEGLECT,MOCK,KIRI_2025_20|ASSUMPTION_V1
USR01554,64,50_plus,CONSERVATIVE,OVERLAP_RISK,MOCK,KIRI_2025_20|ASSUMPTION_V1
USR01555,45,40s,CONSERVATIVE,DC_NEGLECT,MOCK,KIRI_2025_20|ASSUMPTION_V1
USR01556,31,30s,BALANCED,DC_NEGLECT,MOCK,KIRI_2025_20|ASSUMPTION_V1
USR01557,41,40s,BALANCED,TAX_BENEFIT_IDLE,MOCK,KIRI_2025_20|ASSUMPTION_V1
USR01558,43,40s,BALANCED,TAX_BENEFIT_IDLE,MOCK,KIRI_2025_20|ASSUMPTION_V1
USR01559,26,20s,STABLE_GROWTH,OVERLAP_RISK,MOCK,KIRI_2025_20|ASSUMPTION_V1
USR01560,30,30s,AGGRESSIVE,DC_NEGLECT,MOCK,KIRI_2025_20|ASSUMPTION_V1
USR01561,38,30s,GROWTH,DC_NEGLECT,MOCK,KIRI_2025_20|ASSUMPTION_V1
USR01562,46,40s,STABLE_GROWTH,DC_NEGLECT,MOCK,KIRI_2025_20|ASSUMPTION_V1
USR01563,49,40s,BALANCED,OVERLAP_RISK,MOCK,KIRI_2025_20|ASSUMPTION_V1
USR01564,57,50_plus,CONSERVATIVE,DC_NEGLECT,MOCK,KIRI_2025_20|ASSUMPTION_V1
USR01565,55,50_plus,GROWTH,TAX_BENEFIT_IDLE,MOCK,KIRI_2025_20|ASSUMPTION_V1
USR01566,33,30s,STABLE_GROWTH,OVERLAP_RISK,MOCK,KIRI_2025_20|ASSUMPTION_V1
USR01567,49,40s,BALANCED,OVERLAP_RISK,MOCK,KIRI_2025_20|ASSUMPTION_V1
USR01568,44,40s,CONSERVATIVE,TAX_BENEFIT_IDLE,MOCK,KIRI_2025_20|ASSUMPTION_V1
USR01569,44,40s,STABLE_GROWTH,TAX_BENEFIT_IDLE,MOCK,KIRI_2025_20|ASSUMPTION_V1
USR01570,49,40s,STABLE_GROWTH,DC_NEGLECT,MOCK,KIRI_2025_20|ASSUMPTION_V1
USR01571,58,50_plus,GROWTH,OVERLAP_RISK,MOCK,KIRI_2025_20|ASSUMPTION_V1
USR01572,40,40s,BALANCED,OVERLAP_RISK,MOCK,KIRI_2025_20|ASSUMPTION_V1
USR01573,35,30s,BALANCED,DC_NEGLECT,MOCK,KIRI_2025_20|ASSUMPTION_V1
USR01574,42,40s,BALANCED,DC_NEGLECT,MOCK,KIRI_2025_20|ASSUMPTION_V1
USR01575,32,30s,STABLE_GROWTH,DC_NEGLECT,MOCK,KIRI_2025_20|ASSUMPTION_V1
USR01576,44,40s,STABLE_GROWTH,DC_NEGLECT,MOCK,KIRI_2025_20|ASSUMPTION_V1
USR01577,37,30s,CONSERVATIVE,TAX_BENEFIT_IDLE,MOCK,KIRI_2025_20|ASSUMPTION_V1
USR01578,44,40s,STABLE_GROWTH,DC_NEGLECT,MOCK,KIRI_2025_20|ASSUMPTION_V1
USR01579,44,40s,CONSERVATIVE,DC_NEGLECT,MOCK,KIRI_2025_20|ASSUMPTION_V1
USR01580,36,30s,STABLE_GROWTH,OVERLAP_RISK,MOCK,KIRI_2025_20|ASSUMPTION_V1
USR01581,22,20s,STABLE_GROWTH,TAX_BENEFIT_IDLE,MOCK,KIRI_2025_20|ASSUMPTION_V1
USR01582,63,50_plus,STABLE_GROWTH,TAX_BENEFIT_IDLE,MOCK,KIRI_2025_20|ASSUMPTION_V1
USR01583,30,30s,AGGRESSIVE,OVERLAP_RISK,MOCK,KIRI_2025_20|ASSUMPTION_V1
USR01584,63,50_plus,STABLE_GROWTH,OVERLAP_RISK,MOCK,KIRI_2025_20|ASSUMPTION_V1
USR01585,31,30s,BALANCED,TAX_BENEFIT_IDLE,MOCK,KIRI_2025_20|ASSUMPTION_V1
USR01586,30,30s,GROWTH,OVERLAP_RISK,MOCK,KIRI_2025_20|ASSUMPTION_V1
USR01587,40,40s,STABLE_GROWTH,DC_NEGLECT,MOCK,KIRI_2025_20|ASSUMPTION_V1
USR01588,28,20s,GROWTH,OVERLAP_RISK,MOCK,KIRI_2025_20|ASSUMPTION_V1
USR01589,48,40s,STABLE_GROWTH,DC_NEGLECT,MOCK,KIRI_2025_20|ASSUMPTION_V1
USR01590,43,40s,BALANCED,DC_NEGLECT,MOCK,KIRI_2025_20|ASSUMPTION_V1
USR01591,38,30s,BALANCED,OVERLAP_RISK,MOCK,KIRI_2025_20|ASSUMPTION_V1
USR01592,35,30s,AGGRESSIVE,DC_NEGLECT,MOCK,KIRI_2025_20|ASSUMPTION_V1
USR01593,39,30s,STABLE_GROWTH,DC_NEGLECT,MOCK,KIRI_2025_20|ASSUMPTION_V1
USR01594,45,40s,GROWTH,OVERLAP_RISK,MOCK,KIRI_2025_20|ASSUMPTION_V1
USR01595,35,30s,STABLE_GROWTH,OVERLAP_RISK,MOCK,KIRI_2025_20|ASSUMPTION_V1
USR01596,43,40s,BALANCED,OVERLAP_RISK,MOCK,KIRI_2025_20|ASSUMPTION_V1
USR01597,58,50_plus,STABLE_GROWTH,DC_NEGLECT,MOCK,KIRI_2025_20|ASSUMPTION_V1
USR01598,30,30s,GROWTH,DC_NEGLECT,MOCK,KIRI_2025_20|ASSUMPTION_V1
USR01599,53,50_plus,BALANCED,OVERLAP_RISK,MOCK,KIRI_2025_20|ASSUMPTION_V1
USR01600,49,40s,CONSERVATIVE,TAX_BENEFIT_IDLE,MOCK,KIRI_2025_20|ASSUMPTION_V1
USR01601,34,30s,AGGRESSIVE,TAX_BENEFIT_IDLE,MOCK,KIRI_2025_20|ASSUMPTION_V1
USR01602,59,50_plus,CONSERVATIVE,TAX_BENEFIT_IDLE,MOCK,KIRI_2025_20|ASSUMPTION_V1
USR01603,44,40s,STABLE_GROWTH,DC_NEGLECT,MOCK,KIRI_2025_20|ASSUMPTION_V1
USR01604,34,30s,STABLE_GROWTH,OVERLAP_RISK,MOCK,KIRI_2025_20|ASSUMPTION_V1
USR01605,36,30s,BALANCED,DC_NEGLECT,MOCK,KIRI_2025_20|ASSUMPTION_V1
USR01606,39,30s,AGGRESSIVE,TAX_BENEFIT_IDLE,MOCK,KIRI_2025_20|ASSUMPTION_V1
USR01607,54,50_plus,CONSERVATIVE,DC_NEGLECT,MOCK,KIRI_2025_20|ASSUMPTION_V1
USR01608,64,50_plus,STABLE_GROWTH,TAX_BENEFIT_IDLE,MOCK,KIRI_2025_20|ASSUMPTION_V1
USR01609,42,40s,BALANCED,DC_NEGLECT,MOCK,KIRI_2025_20|ASSUMPTION_V1
USR01610,25,20s,BALANCED,DC_NEGLECT,MOCK,KIRI_2025_20|ASSUMPTION_V1
USR01611,36,30s,STABLE_GROWTH,DC_NEGLECT,MOCK,KIRI_2025_20|ASSUMPTION_V1
USR01612,26,20s,AGGRESSIVE,TAX_BENEFIT_IDLE,MOCK,KIRI_2025_20|ASSUMPTION_V1
USR01613,62,50_plus,STABLE_GROWTH,DC_NEGLECT,MOCK,KIRI_2025_20|ASSUMPTION_V1
USR01614,21,20s,AGGRESSIVE,DC_NEGLECT,MOCK,KIRI_2025_20|ASSUMPTION_V1
USR01615,31,30s,STABLE_GROWTH,OVERLAP_RISK,MOCK,KIRI_2025_20|ASSUMPTION_V1
USR01616,60,50_plus,STABLE_GROWTH,OVERLAP_RISK,MOCK,KIRI_2025_20|ASSUMPTION_V1
USR01617,22,20s,GROWTH,TAX_BENEFIT_IDLE,MOCK,KIRI_2025_20|ASSUMPTION_V1
USR01618,31,30s,AGGRESSIVE,DC_NEGLECT,MOCK,KIRI_2025_20|ASSUMPTION_V1
USR01619,64,50_plus,CONSERVATIVE,TAX_BENEFIT_IDLE,MOCK,KIRI_2025_20|ASSUMPTION_V1
USR01620,46,40s,STABLE_GROWTH,OVERLAP_RISK,MOCK,KIRI_2025_20|ASSUMPTION_V1
USR01621,52,50_plus,STABLE_GROWTH,TAX_BENEFIT_IDLE,MOCK,KIRI_2025_20|ASSUMPTION_V1
USR01622,32,30s,GROWTH,OVERLAP_RISK,MOCK,KIRI_2025_20|ASSUMPTION_V1
USR01623,25,20s,STABLE_GROWTH,OVERLAP_RISK,MOCK,KIRI_2025_20|ASSUMPTION_V1
USR01624,62,50_plus,CONSERVATIVE,OVERLAP_RISK,MOCK,KIRI_2025_20|ASSUMPTION_V1
USR01625,48,40s,BALANCED,TAX_BENEFIT_IDLE,MOCK,KIRI_2025_20|ASSUMPTION_V1
USR01626,63,50_plus,CONSERVATIVE,TAX_BENEFIT_IDLE,MOCK,KIRI_2025_20|ASSUMPTION_V1
USR01627,41,40s,BALANCED,TAX_BENEFIT_IDLE,MOCK,KIRI_2025_20|ASSUMPTION_V1
USR01628,53,50_plus,CONSERVATIVE,OVERLAP_RISK,MOCK,KIRI_2025_20|ASSUMPTION_V1
USR01629,63,50_plus,STABLE_GROWTH,DC_NEGLECT,MOCK,KIRI_2025_20|ASSUMPTION_V1
USR01630,55,50_plus,CONSERVATIVE,TAX_BENEFIT_IDLE,MOCK,KIRI_2025_20|ASSUMPTION_V1
USR01631,31,30s,BALANCED,TAX_BENEFIT_IDLE,MOCK,KIRI_2025_20|ASSUMPTION_V1
USR01632,29,20s,GROWTH,TAX_BENEFIT_IDLE,MOCK,KIRI_2025_20|ASSUMPTION_V1
USR01633,59,50_plus,GROWTH,DC_NEGLECT,MOCK,KIRI_2025_20|ASSUMPTION_V1
USR01634,61,50_plus,STABLE_GROWTH,DC_NEGLECT,MOCK,KIRI_2025_20|ASSUMPTION_V1
USR01635,57,50_plus,STABLE_GROWTH,TAX_BENEFIT_IDLE,MOCK,KIRI_2025_20|ASSUMPTION_V1
USR01636,54,50_plus,GROWTH,OVERLAP_RISK,MOCK,KIRI_2025_20|ASSUMPTION_V1
USR01637,39,30s,BALANCED,DC_NEGLECT,MOCK,KIRI_2025_20|ASSUMPTION_V1
USR01638,59,50_plus,GROWTH,DC_NEGLECT,MOCK,KIRI_2025_20|ASSUMPTION_V1
USR01639,63,50_plus,STABLE_GROWTH,OVERLAP_RISK,MOCK,KIRI_2025_20|ASSUMPTION_V1
USR01640,42,40s,CONSERVATIVE,TAX_BENEFIT_IDLE,MOCK,KIRI_2025_20|ASSUMPTION_V1
USR01641,50,50_plus,BALANCED,TAX_BENEFIT_IDLE,MOCK,KIRI_2025_20|ASSUMPTION_V1
USR01642,63,50_plus,BALANCED,TAX_BENEFIT_IDLE,MOCK,KIRI_2025_20|ASSUMPTION_V1
USR01643,35,30s,GROWTH,TAX_BENEFIT_IDLE,MOCK,KIRI_2025_20|ASSUMPTION_V1
USR01644,61,50_plus,BALANCED,OVERLAP_RISK,MOCK,KIRI_2025_20|ASSUMPTION_V1
USR01645,53,50_plus,CONSERVATIVE,DC_NEGLECT,MOCK,KIRI_2025_20|ASSUMPTION_V1
USR01646,30,30s,STABLE_GROWTH,TAX_BENEFIT_IDLE,MOCK,KIRI_2025_20|ASSUMPTION_V1
USR01647,54,50_plus,CONSERVATIVE,DC_NEGLECT,MOCK,KIRI_2025_20|ASSUMPTION_V1
USR01648,38,30s,BALANCED,DC_NEGLECT,MOCK,KIRI_2025_20|ASSUMPTION_V1
USR01649,42,40s,GROWTH,DC_NEGLECT,MOCK,KIRI_2025_20|ASSUMPTION_V1
USR01650,56,50_plus,AGGRESSIVE,DC_NEGLECT,MOCK,KIRI_2025_20|ASSUMPTION_V1
USR01651,28,20s,STABLE_GROWTH,DC_NEGLECT,MOCK,KIRI_2025_20|ASSUMPTION_V1
USR01652,34,30s,CONSERVATIVE,TAX_BENEFIT_IDLE,MOCK,KIRI_2025_20|ASSUMPTION_V1
USR01653,30,30s,STABLE_GROWTH,OVERLAP_RISK,MOCK,KIRI_2025_20|ASSUMPTION_V1
USR01654,54,50_plus,STABLE_GROWTH,TAX_BENEFIT_IDLE,MOCK,KIRI_2025_20|ASSUMPTION_V1
USR01655,28,20s,AGGRESSIVE,TAX_BENEFIT_IDLE,MOCK,KIRI_2025_20|ASSUMPTION_V1
USR01656,48,40s,STABLE_GROWTH,DC_NEGLECT,MOCK,KIRI_2025_20|ASSUMPTION_V1
USR01657,37,30s,AGGRESSIVE,TAX_BENEFIT_IDLE,MOCK,KIRI_2025_20|ASSUMPTION_V1
USR01658,35,30s,STABLE_GROWTH,OVERLAP_RISK,MOCK,KIRI_2025_20|ASSUMPTION_V1
USR01659,22,20s,CONSERVATIVE,DC_NEGLECT,MOCK,KIRI_2025_20|ASSUMPTION_V1
USR01660,47,40s,STABLE_GROWTH,DC_NEGLECT,MOCK,KIRI_2025_20|ASSUMPTION_V1
USR01661,38,30s,STABLE_GROWTH,DC_NEGLECT,MOCK,KIRI_2025_20|ASSUMPTION_V1
USR01662,35,30s,STABLE_GROWTH,DC_NEGLECT,MOCK,KIRI_2025_20|ASSUMPTION_V1
USR01663,32,30s,STABLE_GROWTH,TAX_BENEFIT_IDLE,MOCK,KIRI_2025_20|ASSUMPTION_V1
USR01664,54,50_plus,CONSERVATIVE,DC_NEGLECT,MOCK,KIRI_2025_20|ASSUMPTION_V1
USR01665,49,40s,BALANCED,DC_NEGLECT,MOCK,KIRI_2025_20|ASSUMPTION_V1
USR01666,20,20s,AGGRESSIVE,DC_NEGLECT,MOCK,KIRI_2025_20|ASSUMPTION_V1
USR01667,64,50_plus,BALANCED,TAX_BENEFIT_IDLE,MOCK,KIRI_2025_20|ASSUMPTION_V1
USR01668,26,20s,BALANCED,DC_NEGLECT,MOCK,KIRI_2025_20|ASSUMPTION_V1
USR01669,48,40s,CONSERVATIVE,DC_NEGLECT,MOCK,KIRI_2025_20|ASSUMPTION_V1
USR01670,37,30s,STABLE_GROWTH,TAX_BENEFIT_IDLE,MOCK,KIRI_2025_20|ASSUMPTION_V1
USR01671,49,40s,CONSERVATIVE,DC_NEGLECT,MOCK,KIRI_2025_20|ASSUMPTION_V1
USR01672,42,40s,CONSERVATIVE,DC_NEGLECT,MOCK,KIRI_2025_20|ASSUMPTION_V1
USR01673,41,40s,STABLE_GROWTH,TAX_BENEFIT_IDLE,MOCK,KIRI_2025_20|ASSUMPTION_V1
USR01674,60,50_plus,CONSERVATIVE,TAX_BENEFIT_IDLE,MOCK,KIRI_2025_20|ASSUMPTION_V1
USR01675,34,30s,CONSERVATIVE,OVERLAP_RISK,MOCK,KIRI_2025_20|ASSUMPTION_V1
USR01676,44,40s,GROWTH,DC_NEGLECT,MOCK,KIRI_2025_20|ASSUMPTION_V1
USR01677,46,40s,BALANCED,OVERLAP_RISK,MOCK,KIRI_2025_20|ASSUMPTION_V1
USR01678,46,40s,CONSERVATIVE,TAX_BENEFIT_IDLE,MOCK,KIRI_2025_20|ASSUMPTION_V1
USR01679,32,30s,BALANCED,TAX_BENEFIT_IDLE,MOCK,KIRI_2025_20|ASSUMPTION_V1
USR01680,44,40s,STABLE_GROWTH,DC_NEGLECT,MOCK,KIRI_2025_20|ASSUMPTION_V1
USR01681,33,30s,STABLE_GROWTH,TAX_BENEFIT_IDLE,MOCK,KIRI_2025_20|ASSUMPTION_V1
USR01682,45,40s,STABLE_GROWTH,DC_NEGLECT,MOCK,KIRI_2025_20|ASSUMPTION_V1
USR01683,48,40s,STABLE_GROWTH,TAX_BENEFIT_IDLE,MOCK,KIRI_2025_20|ASSUMPTION_V1
USR01684,56,50_plus,CONSERVATIVE,DC_NEGLECT,MOCK,KIRI_2025_20|ASSUMPTION_V1
USR01685,40,40s,STABLE_GROWTH,DC_NEGLECT,MOCK,KIRI_2025_20|ASSUMPTION_V1
USR01686,33,30s,BALANCED,DC_NEGLECT,MOCK,KIRI_2025_20|ASSUMPTION_V1
USR01687,35,30s,STABLE_GROWTH,TAX_BENEFIT_IDLE,MOCK,KIRI_2025_20|ASSUMPTION_V1
USR01688,34,30s,GROWTH,OVERLAP_RISK,MOCK,KIRI_2025_20|ASSUMPTION_V1
USR01689,62,50_plus,BALANCED,DC_NEGLECT,MOCK,KIRI_2025_20|ASSUMPTION_V1
USR01690,30,30s,GROWTH,TAX_BENEFIT_IDLE,MOCK,KIRI_2025_20|ASSUMPTION_V1
USR01691,60,50_plus,STABLE_GROWTH,TAX_BENEFIT_IDLE,MOCK,KIRI_2025_20|ASSUMPTION_V1
USR01692,28,20s,STABLE_GROWTH,DC_NEGLECT,MOCK,KIRI_2025_20|ASSUMPTION_V1
USR01693,60,50_plus,BALANCED,TAX_BENEFIT_IDLE,MOCK,KIRI_2025_20|ASSUMPTION_V1
USR01694,29,20s,GROWTH,DC_NEGLECT,MOCK,KIRI_2025_20|ASSUMPTION_V1
USR01695,48,40s,STABLE_GROWTH,DC_NEGLECT,MOCK,KIRI_2025_20|ASSUMPTION_V1
USR01696,57,50_plus,GROWTH,TAX_BENEFIT_IDLE,MOCK,KIRI_2025_20|ASSUMPTION_V1
USR01697,50,50_plus,STABLE_GROWTH,OVERLAP_RISK,MOCK,KIRI_2025_20|ASSUMPTION_V1
USR01698,50,50_plus,STABLE_GROWTH,DC_NEGLECT,MOCK,KIRI_2025_20|ASSUMPTION_V1
USR01699,46,40s,CONSERVATIVE,OVERLAP_RISK,MOCK,KIRI_2025_20|ASSUMPTION_V1
USR01700,33,30s,STABLE_GROWTH,DC_NEGLECT,MOCK,KIRI_2025_20|ASSUMPTION_V1
USR01701,58,50_plus,STABLE_GROWTH,TAX_BENEFIT_IDLE,MOCK,KIRI_2025_20|ASSUMPTION_V1
USR01702,43,40s,BALANCED,DC_NEGLECT,MOCK,KIRI_2025_20|ASSUMPTION_V1
USR01703,61,50_plus,CONSERVATIVE,OVERLAP_RISK,MOCK,KIRI_2025_20|ASSUMPTION_V1
USR01704,45,40s,BALANCED,DC_NEGLECT,MOCK,KIRI_2025_20|ASSUMPTION_V1
USR01705,46,40s,BALANCED,TAX_BENEFIT_IDLE,MOCK,KIRI_2025_20|ASSUMPTION_V1
USR01706,30,30s,BALANCED,DC_NEGLECT,MOCK,KIRI_2025_20|ASSUMPTION_V1
USR01707,26,20s,AGGRESSIVE,TAX_BENEFIT_IDLE,MOCK,KIRI_2025_20|ASSUMPTION_V1
USR01708,48,40s,STABLE_GROWTH,TAX_BENEFIT_IDLE,MOCK,KIRI_2025_20|ASSUMPTION_V1
USR01709,20,20s,STABLE_GROWTH,TAX_BENEFIT_IDLE,MOCK,KIRI_2025_20|ASSUMPTION_V1
USR01710,31,30s,BALANCED,DC_NEGLECT,MOCK,KIRI_2025_20|ASSUMPTION_V1
USR01711,51,50_plus,STABLE_GROWTH,DC_NEGLECT,MOCK,KIRI_2025_20|ASSUMPTION_V1
USR01712,46,40s,CONSERVATIVE,DC_NEGLECT,MOCK,KIRI_2025_20|ASSUMPTION_V1
USR01713,38,30s,AGGRESSIVE,OVERLAP_RISK,MOCK,KIRI_2025_20|ASSUMPTION_V1
USR01714,36,30s,CONSERVATIVE,TAX_BENEFIT_IDLE,MOCK,KIRI_2025_20|ASSUMPTION_V1
USR01715,42,40s,STABLE_GROWTH,DC_NEGLECT,MOCK,KIRI_2025_20|ASSUMPTION_V1
USR01716,39,30s,CONSERVATIVE,OVERLAP_RISK,MOCK,KIRI_2025_20|ASSUMPTION_V1
USR01717,25,20s,BALANCED,DC_NEGLECT,MOCK,KIRI_2025_20|ASSUMPTION_V1
USR01718,54,50_plus,CONSERVATIVE,TAX_BENEFIT_IDLE,MOCK,KIRI_2025_20|ASSUMPTION_V1
USR01719,25,20s,BALANCED,OVERLAP_RISK,MOCK,KIRI_2025_20|ASSUMPTION_V1
USR01720,33,30s,GROWTH,TAX_BENEFIT_IDLE,MOCK,KIRI_2025_20|ASSUMPTION_V1
USR01721,35,30s,CONSERVATIVE,OVERLAP_RISK,MOCK,KIRI_2025_20|ASSUMPTION_V1
USR01722,48,40s,GROWTH,OVERLAP_RISK,MOCK,KIRI_2025_20|ASSUMPTION_V1
USR01723,49,40s,BALANCED,DC_NEGLECT,MOCK,KIRI_2025_20|ASSUMPTION_V1
USR01724,48,40s,CONSERVATIVE,DC_NEGLECT,MOCK,KIRI_2025_20|ASSUMPTION_V1
USR01725,63,50_plus,STABLE_GROWTH,DC_NEGLECT,MOCK,KIRI_2025_20|ASSUMPTION_V1
USR01726,55,50_plus,CONSERVATIVE,OVERLAP_RISK,MOCK,KIRI_2025_20|ASSUMPTION_V1
USR01727,25,20s,AGGRESSIVE,OVERLAP_RISK,MOCK,KIRI_2025_20|ASSUMPTION_V1
USR01728,45,40s,GROWTH,DC_NEGLECT,MOCK,KIRI_2025_20|ASSUMPTION_V1
USR01729,46,40s,AGGRESSIVE,OVERLAP_RISK,MOCK,KIRI_2025_20|ASSUMPTION_V1
USR01730,41,40s,CONSERVATIVE,DC_NEGLECT,MOCK,KIRI_2025_20|ASSUMPTION_V1
USR01731,63,50_plus,STABLE_GROWTH,OVERLAP_RISK,MOCK,KIRI_2025_20|ASSUMPTION_V1
USR01732,35,30s,CONSERVATIVE,TAX_BENEFIT_IDLE,MOCK,KIRI_2025_20|ASSUMPTION_V1
USR01733,46,40s,CONSERVATIVE,TAX_BENEFIT_IDLE,MOCK,KIRI_2025_20|ASSUMPTION_V1
USR01734,43,40s,CONSERVATIVE,TAX_BENEFIT_IDLE,MOCK,KIRI_2025_20|ASSUMPTION_V1
USR01735,49,40s,BALANCED,DC_NEGLECT,MOCK,KIRI_2025_20|ASSUMPTION_V1
USR01736,46,40s,STABLE_GROWTH,DC_NEGLECT,MOCK,KIRI_2025_20|ASSUMPTION_V1
USR01737,31,30s,AGGRESSIVE,DC_NEGLECT,MOCK,KIRI_2025_20|ASSUMPTION_V1
USR01738,44,40s,STABLE_GROWTH,DC_NEGLECT,MOCK,KIRI_2025_20|ASSUMPTION_V1
USR01739,22,20s,CONSERVATIVE,OVERLAP_RISK,MOCK,KIRI_2025_20|ASSUMPTION_V1
USR01740,46,40s,STABLE_GROWTH,OVERLAP_RISK,MOCK,KIRI_2025_20|ASSUMPTION_V1
USR01741,30,30s,GROWTH,DC_NEGLECT,MOCK,KIRI_2025_20|ASSUMPTION_V1
USR01742,62,50_plus,STABLE_GROWTH,TAX_BENEFIT_IDLE,MOCK,KIRI_2025_20|ASSUMPTION_V1
USR01743,38,30s,GROWTH,DC_NEGLECT,MOCK,KIRI_2025_20|ASSUMPTION_V1
USR01744,57,50_plus,STABLE_GROWTH,DC_NEGLECT,MOCK,KIRI_2025_20|ASSUMPTION_V1
USR01745,45,40s,BALANCED,DC_NEGLECT,MOCK,KIRI_2025_20|ASSUMPTION_V1
USR01746,44,40s,STABLE_GROWTH,DC_NEGLECT,MOCK,KIRI_2025_20|ASSUMPTION_V1
USR01747,48,40s,STABLE_GROWTH,DC_NEGLECT,MOCK,KIRI_2025_20|ASSUMPTION_V1
USR01748,60,50_plus,CONSERVATIVE,TAX_BENEFIT_IDLE,MOCK,KIRI_2025_20|ASSUMPTION_V1
USR01749,52,50_plus,STABLE_GROWTH,OVERLAP_RISK,MOCK,KIRI_2025_20|ASSUMPTION_V1
USR01750,47,40s,CONSERVATIVE,DC_NEGLECT,MOCK,KIRI_2025_20|ASSUMPTION_V1
USR01751,41,40s,GROWTH,OVERLAP_RISK,MOCK,KIRI_2025_20|ASSUMPTION_V1
USR01752,30,30s,GROWTH,DC_NEGLECT,MOCK,KIRI_2025_20|ASSUMPTION_V1
USR01753,26,20s,STABLE_GROWTH,DC_NEGLECT,MOCK,KIRI_2025_20|ASSUMPTION_V1
USR01754,29,20s,GROWTH,OVERLAP_RISK,MOCK,KIRI_2025_20|ASSUMPTION_V1
USR01755,41,40s,CONSERVATIVE,TAX_BENEFIT_IDLE,MOCK,KIRI_2025_20|ASSUMPTION_V1
USR01756,41,40s,GROWTH,OVERLAP_RISK,MOCK,KIRI_2025_20|ASSUMPTION_V1
USR01757,30,30s,BALANCED,TAX_BENEFIT_IDLE,MOCK,KIRI_2025_20|ASSUMPTION_V1
USR01758,47,40s,GROWTH,DC_NEGLECT,MOCK,KIRI_2025_20|ASSUMPTION_V1
USR01759,46,40s,STABLE_GROWTH,TAX_BENEFIT_IDLE,MOCK,KIRI_2025_20|ASSUMPTION_V1
USR01760,30,30s,GROWTH,DC_NEGLECT,MOCK,KIRI_2025_20|ASSUMPTION_V1
USR01761,29,20s,BALANCED,DC_NEGLECT,MOCK,KIRI_2025_20|ASSUMPTION_V1
USR01762,45,40s,CONSERVATIVE,DC_NEGLECT,MOCK,KIRI_2025_20|ASSUMPTION_V1
USR01763,51,50_plus,GROWTH,TAX_BENEFIT_IDLE,MOCK,KIRI_2025_20|ASSUMPTION_V1
USR01764,40,40s,BALANCED,TAX_BENEFIT_IDLE,MOCK,KIRI_2025_20|ASSUMPTION_V1
USR01765,36,30s,GROWTH,TAX_BENEFIT_IDLE,MOCK,KIRI_2025_20|ASSUMPTION_V1
USR01766,33,30s,GROWTH,DC_NEGLECT,MOCK,KIRI_2025_20|ASSUMPTION_V1
USR01767,48,40s,BALANCED,DC_NEGLECT,MOCK,KIRI_2025_20|ASSUMPTION_V1
USR01768,40,40s,AGGRESSIVE,TAX_BENEFIT_IDLE,MOCK,KIRI_2025_20|ASSUMPTION_V1
USR01769,42,40s,STABLE_GROWTH,DC_NEGLECT,MOCK,KIRI_2025_20|ASSUMPTION_V1
USR01770,30,30s,BALANCED,TAX_BENEFIT_IDLE,MOCK,KIRI_2025_20|ASSUMPTION_V1
USR01771,54,50_plus,CONSERVATIVE,DC_NEGLECT,MOCK,KIRI_2025_20|ASSUMPTION_V1
USR01772,35,30s,BALANCED,DC_NEGLECT,MOCK,KIRI_2025_20|ASSUMPTION_V1
USR01773,33,30s,GROWTH,OVERLAP_RISK,MOCK,KIRI_2025_20|ASSUMPTION_V1
USR01774,46,40s,GROWTH,DC_NEGLECT,MOCK,KIRI_2025_20|ASSUMPTION_V1
USR01775,30,30s,BALANCED,DC_NEGLECT,MOCK,KIRI_2025_20|ASSUMPTION_V1
USR01776,31,30s,STABLE_GROWTH,DC_NEGLECT,MOCK,KIRI_2025_20|ASSUMPTION_V1
USR01777,46,40s,AGGRESSIVE,DC_NEGLECT,MOCK,KIRI_2025_20|ASSUMPTION_V1
USR01778,64,50_plus,BALANCED,DC_NEGLECT,MOCK,KIRI_2025_20|ASSUMPTION_V1
USR01779,47,40s,GROWTH,DC_NEGLECT,MOCK,KIRI_2025_20|ASSUMPTION_V1
USR01780,41,40s,CONSERVATIVE,OVERLAP_RISK,MOCK,KIRI_2025_20|ASSUMPTION_V1
USR01781,34,30s,STABLE_GROWTH,OVERLAP_RISK,MOCK,KIRI_2025_20|ASSUMPTION_V1
USR01782,51,50_plus,GROWTH,DC_NEGLECT,MOCK,KIRI_2025_20|ASSUMPTION_V1
USR01783,39,30s,BALANCED,TAX_BENEFIT_IDLE,MOCK,KIRI_2025_20|ASSUMPTION_V1
USR01784,44,40s,BALANCED,TAX_BENEFIT_IDLE,MOCK,KIRI_2025_20|ASSUMPTION_V1
USR01785,49,40s,GROWTH,DC_NEGLECT,MOCK,KIRI_2025_20|ASSUMPTION_V1
USR01786,61,50_plus,CONSERVATIVE,DC_NEGLECT,MOCK,KIRI_2025_20|ASSUMPTION_V1
USR01787,58,50_plus,GROWTH,DC_NEGLECT,MOCK,KIRI_2025_20|ASSUMPTION_V1
USR01788,33,30s,GROWTH,OVERLAP_RISK,MOCK,KIRI_2025_20|ASSUMPTION_V1
USR01789,35,30s,STABLE_GROWTH,DC_NEGLECT,MOCK,KIRI_2025_20|ASSUMPTION_V1
USR01790,45,40s,STABLE_GROWTH,TAX_BENEFIT_IDLE,MOCK,KIRI_2025_20|ASSUMPTION_V1
USR01791,40,40s,GROWTH,DC_NEGLECT,MOCK,KIRI_2025_20|ASSUMPTION_V1
USR01792,47,40s,CONSERVATIVE,DC_NEGLECT,MOCK,KIRI_2025_20|ASSUMPTION_V1
USR01793,61,50_plus,STABLE_GROWTH,DC_NEGLECT,MOCK,KIRI_2025_20|ASSUMPTION_V1
USR01794,50,50_plus,BALANCED,DC_NEGLECT,MOCK,KIRI_2025_20|ASSUMPTION_V1
USR01795,46,40s,BALANCED,OVERLAP_RISK,MOCK,KIRI_2025_20|ASSUMPTION_V1
USR01796,37,30s,BALANCED,TAX_BENEFIT_IDLE,MOCK,KIRI_2025_20|ASSUMPTION_V1
USR01797,39,30s,STABLE_GROWTH,TAX_BENEFIT_IDLE,MOCK,KIRI_2025_20|ASSUMPTION_V1
USR01798,62,50_plus,AGGRESSIVE,DC_NEGLECT,MOCK,KIRI_2025_20|ASSUMPTION_V1
USR01799,54,50_plus,CONSERVATIVE,OVERLAP_RISK,MOCK,KIRI_2025_20|ASSUMPTION_V1
USR01800,37,30s,GROWTH,DC_NEGLECT,MOCK,KIRI_2025_20|ASSUMPTION_V1
USR01801,32,30s,CONSERVATIVE,DC_NEGLECT,MOCK,KIRI_2025_20|ASSUMPTION_V1
USR01802,50,50_plus,BALANCED,TAX_BENEFIT_IDLE,MOCK,KIRI_2025_20|ASSUMPTION_V1
USR01803,47,40s,GROWTH,DC_NEGLECT,MOCK,KIRI_2025_20|ASSUMPTION_V1
USR01804,47,40s,CONSERVATIVE,DC_NEGLECT,MOCK,KIRI_2025_20|ASSUMPTION_V1
USR01805,31,30s,BALANCED,TAX_BENEFIT_IDLE,MOCK,KIRI_2025_20|ASSUMPTION_V1
USR01806,59,50_plus,CONSERVATIVE,OVERLAP_RISK,MOCK,KIRI_2025_20|ASSUMPTION_V1
USR01807,35,30s,STABLE_GROWTH,DC_NEGLECT,MOCK,KIRI_2025_20|ASSUMPTION_V1
USR01808,36,30s,GROWTH,DC_NEGLECT,MOCK,KIRI_2025_20|ASSUMPTION_V1
USR01809,41,40s,CONSERVATIVE,OVERLAP_RISK,MOCK,KIRI_2025_20|ASSUMPTION_V1
USR01810,20,20s,STABLE_GROWTH,DC_NEGLECT,MOCK,KIRI_2025_20|ASSUMPTION_V1
USR01811,43,40s,CONSERVATIVE,TAX_BENEFIT_IDLE,MOCK,KIRI_2025_20|ASSUMPTION_V1
USR01812,48,40s,STABLE_GROWTH,TAX_BENEFIT_IDLE,MOCK,KIRI_2025_20|ASSUMPTION_V1
USR01813,57,50_plus,STABLE_GROWTH,OVERLAP_RISK,MOCK,KIRI_2025_20|ASSUMPTION_V1
USR01814,39,30s,BALANCED,TAX_BENEFIT_IDLE,MOCK,KIRI_2025_20|ASSUMPTION_V1
USR01815,57,50_plus,CONSERVATIVE,DC_NEGLECT,MOCK,KIRI_2025_20|ASSUMPTION_V1
USR01816,40,40s,CONSERVATIVE,DC_NEGLECT,MOCK,KIRI_2025_20|ASSUMPTION_V1
USR01817,41,40s,STABLE_GROWTH,OVERLAP_RISK,MOCK,KIRI_2025_20|ASSUMPTION_V1
USR01818,51,50_plus,BALANCED,OVERLAP_RISK,MOCK,KIRI_2025_20|ASSUMPTION_V1
USR01819,31,30s,CONSERVATIVE,DC_NEGLECT,MOCK,KIRI_2025_20|ASSUMPTION_V1
USR01820,49,40s,CONSERVATIVE,DC_NEGLECT,MOCK,KIRI_2025_20|ASSUMPTION_V1
USR01821,48,40s,STABLE_GROWTH,DC_NEGLECT,MOCK,KIRI_2025_20|ASSUMPTION_V1
USR01822,43,40s,STABLE_GROWTH,DC_NEGLECT,MOCK,KIRI_2025_20|ASSUMPTION_V1
USR01823,32,30s,GROWTH,OVERLAP_RISK,MOCK,KIRI_2025_20|ASSUMPTION_V1
USR01824,47,40s,STABLE_GROWTH,TAX_BENEFIT_IDLE,MOCK,KIRI_2025_20|ASSUMPTION_V1
USR01825,64,50_plus,AGGRESSIVE,TAX_BENEFIT_IDLE,MOCK,KIRI_2025_20|ASSUMPTION_V1
USR01826,34,30s,GROWTH,TAX_BENEFIT_IDLE,MOCK,KIRI_2025_20|ASSUMPTION_V1
USR01827,41,40s,BALANCED,DC_NEGLECT,MOCK,KIRI_2025_20|ASSUMPTION_V1
USR01828,49,40s,STABLE_GROWTH,DC_NEGLECT,MOCK,KIRI_2025_20|ASSUMPTION_V1
USR01829,37,30s,GROWTH,OVERLAP_RISK,MOCK,KIRI_2025_20|ASSUMPTION_V1
USR01830,41,40s,STABLE_GROWTH,OVERLAP_RISK,MOCK,KIRI_2025_20|ASSUMPTION_V1
USR01831,36,30s,BALANCED,OVERLAP_RISK,MOCK,KIRI_2025_20|ASSUMPTION_V1
USR01832,21,20s,STABLE_GROWTH,OVERLAP_RISK,MOCK,KIRI_2025_20|ASSUMPTION_V1
USR01833,47,40s,STABLE_GROWTH,DC_NEGLECT,MOCK,KIRI_2025_20|ASSUMPTION_V1
USR01834,49,40s,GROWTH,DC_NEGLECT,MOCK,KIRI_2025_20|ASSUMPTION_V1
USR01835,64,50_plus,STABLE_GROWTH,TAX_BENEFIT_IDLE,MOCK,KIRI_2025_20|ASSUMPTION_V1
USR01836,38,30s,STABLE_GROWTH,OVERLAP_RISK,MOCK,KIRI_2025_20|ASSUMPTION_V1
USR01837,60,50_plus,CONSERVATIVE,OVERLAP_RISK,MOCK,KIRI_2025_20|ASSUMPTION_V1
USR01838,30,30s,GROWTH,DC_NEGLECT,MOCK,KIRI_2025_20|ASSUMPTION_V1
USR01839,23,20s,STABLE_GROWTH,DC_NEGLECT,MOCK,KIRI_2025_20|ASSUMPTION_V1
USR01840,60,50_plus,CONSERVATIVE,DC_NEGLECT,MOCK,KIRI_2025_20|ASSUMPTION_V1
USR01841,41,40s,BALANCED,OVERLAP_RISK,MOCK,KIRI_2025_20|ASSUMPTION_V1
USR01842,30,30s,GROWTH,DC_NEGLECT,MOCK,KIRI_2025_20|ASSUMPTION_V1
USR01843,23,20s,BALANCED,OVERLAP_RISK,MOCK,KIRI_2025_20|ASSUMPTION_V1
USR01844,31,30s,BALANCED,OVERLAP_RISK,MOCK,KIRI_2025_20|ASSUMPTION_V1
USR01845,42,40s,AGGRESSIVE,DC_NEGLECT,MOCK,KIRI_2025_20|ASSUMPTION_V1
USR01846,48,40s,STABLE_GROWTH,TAX_BENEFIT_IDLE,MOCK,KIRI_2025_20|ASSUMPTION_V1
USR01847,59,50_plus,BALANCED,OVERLAP_RISK,MOCK,KIRI_2025_20|ASSUMPTION_V1
USR01848,30,30s,STABLE_GROWTH,TAX_BENEFIT_IDLE,MOCK,KIRI_2025_20|ASSUMPTION_V1
USR01849,43,40s,STABLE_GROWTH,DC_NEGLECT,MOCK,KIRI_2025_20|ASSUMPTION_V1
USR01850,22,20s,GROWTH,OVERLAP_RISK,MOCK,KIRI_2025_20|ASSUMPTION_V1
USR01851,43,40s,STABLE_GROWTH,OVERLAP_RISK,MOCK,KIRI_2025_20|ASSUMPTION_V1
USR01852,38,30s,AGGRESSIVE,TAX_BENEFIT_IDLE,MOCK,KIRI_2025_20|ASSUMPTION_V1
USR01853,49,40s,STABLE_GROWTH,TAX_BENEFIT_IDLE,MOCK,KIRI_2025_20|ASSUMPTION_V1
USR01854,45,40s,STABLE_GROWTH,TAX_BENEFIT_IDLE,MOCK,KIRI_2025_20|ASSUMPTION_V1
USR01855,41,40s,GROWTH,DC_NEGLECT,MOCK,KIRI_2025_20|ASSUMPTION_V1
USR01856,43,40s,CONSERVATIVE,DC_NEGLECT,MOCK,KIRI_2025_20|ASSUMPTION_V1
USR01857,41,40s,BALANCED,DC_NEGLECT,MOCK,KIRI_2025_20|ASSUMPTION_V1
USR01858,47,40s,BALANCED,DC_NEGLECT,MOCK,KIRI_2025_20|ASSUMPTION_V1
USR01859,53,50_plus,CONSERVATIVE,DC_NEGLECT,MOCK,KIRI_2025_20|ASSUMPTION_V1
USR01860,33,30s,STABLE_GROWTH,OVERLAP_RISK,MOCK,KIRI_2025_20|ASSUMPTION_V1
USR01861,51,50_plus,STABLE_GROWTH,DC_NEGLECT,MOCK,KIRI_2025_20|ASSUMPTION_V1
USR01862,42,40s,BALANCED,DC_NEGLECT,MOCK,KIRI_2025_20|ASSUMPTION_V1
USR01863,42,40s,BALANCED,OVERLAP_RISK,MOCK,KIRI_2025_20|ASSUMPTION_V1
USR01864,24,20s,GROWTH,OVERLAP_RISK,MOCK,KIRI_2025_20|ASSUMPTION_V1
USR01865,64,50_plus,STABLE_GROWTH,OVERLAP_RISK,MOCK,KIRI_2025_20|ASSUMPTION_V1
USR01866,49,40s,STABLE_GROWTH,OVERLAP_RISK,MOCK,KIRI_2025_20|ASSUMPTION_V1
USR01867,30,30s,STABLE_GROWTH,OVERLAP_RISK,MOCK,KIRI_2025_20|ASSUMPTION_V1
USR01868,53,50_plus,STABLE_GROWTH,DC_NEGLECT,MOCK,KIRI_2025_20|ASSUMPTION_V1
USR01869,38,30s,AGGRESSIVE,DC_NEGLECT,MOCK,KIRI_2025_20|ASSUMPTION_V1
USR01870,54,50_plus,STABLE_GROWTH,DC_NEGLECT,MOCK,KIRI_2025_20|ASSUMPTION_V1
USR01871,58,50_plus,STABLE_GROWTH,TAX_BENEFIT_IDLE,MOCK,KIRI_2025_20|ASSUMPTION_V1
USR01872,38,30s,BALANCED,OVERLAP_RISK,MOCK,KIRI_2025_20|ASSUMPTION_V1
USR01873,47,40s,STABLE_GROWTH,TAX_BENEFIT_IDLE,MOCK,KIRI_2025_20|ASSUMPTION_V1
USR01874,51,50_plus,CONSERVATIVE,TAX_BENEFIT_IDLE,MOCK,KIRI_2025_20|ASSUMPTION_V1
USR01875,47,40s,STABLE_GROWTH,DC_NEGLECT,MOCK,KIRI_2025_20|ASSUMPTION_V1
USR01876,55,50_plus,STABLE_GROWTH,TAX_BENEFIT_IDLE,MOCK,KIRI_2025_20|ASSUMPTION_V1
USR01877,51,50_plus,GROWTH,TAX_BENEFIT_IDLE,MOCK,KIRI_2025_20|ASSUMPTION_V1
USR01878,47,40s,AGGRESSIVE,TAX_BENEFIT_IDLE,MOCK,KIRI_2025_20|ASSUMPTION_V1
USR01879,53,50_plus,STABLE_GROWTH,TAX_BENEFIT_IDLE,MOCK,KIRI_2025_20|ASSUMPTION_V1
USR01880,22,20s,BALANCED,TAX_BENEFIT_IDLE,MOCK,KIRI_2025_20|ASSUMPTION_V1
USR01881,21,20s,GROWTH,DC_NEGLECT,MOCK,KIRI_2025_20|ASSUMPTION_V1
USR01882,32,30s,BALANCED,DC_NEGLECT,MOCK,KIRI_2025_20|ASSUMPTION_V1
USR01883,30,30s,CONSERVATIVE,TAX_BENEFIT_IDLE,MOCK,KIRI_2025_20|ASSUMPTION_V1
USR01884,62,50_plus,STABLE_GROWTH,DC_NEGLECT,MOCK,KIRI_2025_20|ASSUMPTION_V1
USR01885,47,40s,CONSERVATIVE,TAX_BENEFIT_IDLE,MOCK,KIRI_2025_20|ASSUMPTION_V1
USR01886,46,40s,BALANCED,OVERLAP_RISK,MOCK,KIRI_2025_20|ASSUMPTION_V1
USR01887,38,30s,CONSERVATIVE,TAX_BENEFIT_IDLE,MOCK,KIRI_2025_20|ASSUMPTION_V1
USR01888,34,30s,AGGRESSIVE,OVERLAP_RISK,MOCK,KIRI_2025_20|ASSUMPTION_V1
USR01889,51,50_plus,STABLE_GROWTH,DC_NEGLECT,MOCK,KIRI_2025_20|ASSUMPTION_V1
USR01890,58,50_plus,STABLE_GROWTH,OVERLAP_RISK,MOCK,KIRI_2025_20|ASSUMPTION_V1
USR01891,21,20s,BALANCED,DC_NEGLECT,MOCK,KIRI_2025_20|ASSUMPTION_V1
USR01892,53,50_plus,BALANCED,TAX_BENEFIT_IDLE,MOCK,KIRI_2025_20|ASSUMPTION_V1
USR01893,51,50_plus,GROWTH,TAX_BENEFIT_IDLE,MOCK,KIRI_2025_20|ASSUMPTION_V1
USR01894,33,30s,CONSERVATIVE,DC_NEGLECT,MOCK,KIRI_2025_20|ASSUMPTION_V1
USR01895,52,50_plus,STABLE_GROWTH,OVERLAP_RISK,MOCK,KIRI_2025_20|ASSUMPTION_V1
USR01896,64,50_plus,STABLE_GROWTH,DC_NEGLECT,MOCK,KIRI_2025_20|ASSUMPTION_V1
USR01897,45,40s,STABLE_GROWTH,OVERLAP_RISK,MOCK,KIRI_2025_20|ASSUMPTION_V1
USR01898,46,40s,STABLE_GROWTH,DC_NEGLECT,MOCK,KIRI_2025_20|ASSUMPTION_V1
USR01899,24,20s,AGGRESSIVE,OVERLAP_RISK,MOCK,KIRI_2025_20|ASSUMPTION_V1
USR01900,37,30s,BALANCED,DC_NEGLECT,MOCK,KIRI_2025_20|ASSUMPTION_V1
USR01901,45,40s,STABLE_GROWTH,OVERLAP_RISK,MOCK,KIRI_2025_20|ASSUMPTION_V1
USR01902,44,40s,GROWTH,OVERLAP_RISK,MOCK,KIRI_2025_20|ASSUMPTION_V1
USR01903,20,20s,BALANCED,TAX_BENEFIT_IDLE,MOCK,KIRI_2025_20|ASSUMPTION_V1
USR01904,55,50_plus,GROWTH,OVERLAP_RISK,MOCK,KIRI_2025_20|ASSUMPTION_V1
USR01905,28,20s,BALANCED,OVERLAP_RISK,MOCK,KIRI_2025_20|ASSUMPTION_V1
USR01906,33,30s,GROWTH,OVERLAP_RISK,MOCK,KIRI_2025_20|ASSUMPTION_V1
USR01907,49,40s,CONSERVATIVE,DC_NEGLECT,MOCK,KIRI_2025_20|ASSUMPTION_V1
USR01908,39,30s,CONSERVATIVE,TAX_BENEFIT_IDLE,MOCK,KIRI_2025_20|ASSUMPTION_V1
USR01909,48,40s,CONSERVATIVE,TAX_BENEFIT_IDLE,MOCK,KIRI_2025_20|ASSUMPTION_V1
USR01910,44,40s,BALANCED,OVERLAP_RISK,MOCK,KIRI_2025_20|ASSUMPTION_V1
USR01911,53,50_plus,CONSERVATIVE,TAX_BENEFIT_IDLE,MOCK,KIRI_2025_20|ASSUMPTION_V1
USR01912,49,40s,STABLE_GROWTH,DC_NEGLECT,MOCK,KIRI_2025_20|ASSUMPTION_V1
USR01913,29,20s,GROWTH,TAX_BENEFIT_IDLE,MOCK,KIRI_2025_20|ASSUMPTION_V1
USR01914,39,30s,GROWTH,OVERLAP_RISK,MOCK,KIRI_2025_20|ASSUMPTION_V1
USR01915,46,40s,BALANCED,DC_NEGLECT,MOCK,KIRI_2025_20|ASSUMPTION_V1
USR01916,39,30s,CONSERVATIVE,TAX_BENEFIT_IDLE,MOCK,KIRI_2025_20|ASSUMPTION_V1
USR01917,54,50_plus,BALANCED,TAX_BENEFIT_IDLE,MOCK,KIRI_2025_20|ASSUMPTION_V1
USR01918,58,50_plus,GROWTH,OVERLAP_RISK,MOCK,KIRI_2025_20|ASSUMPTION_V1
USR01919,33,30s,BALANCED,OVERLAP_RISK,MOCK,KIRI_2025_20|ASSUMPTION_V1
USR01920,47,40s,GROWTH,DC_NEGLECT,MOCK,KIRI_2025_20|ASSUMPTION_V1
USR01921,63,50_plus,CONSERVATIVE,DC_NEGLECT,MOCK,KIRI_2025_20|ASSUMPTION_V1
USR01922,56,50_plus,STABLE_GROWTH,TAX_BENEFIT_IDLE,MOCK,KIRI_2025_20|ASSUMPTION_V1
USR01923,43,40s,STABLE_GROWTH,OVERLAP_RISK,MOCK,KIRI_2025_20|ASSUMPTION_V1
USR01924,58,50_plus,GROWTH,DC_NEGLECT,MOCK,KIRI_2025_20|ASSUMPTION_V1
USR01925,50,50_plus,CONSERVATIVE,TAX_BENEFIT_IDLE,MOCK,KIRI_2025_20|ASSUMPTION_V1
USR01926,53,50_plus,STABLE_GROWTH,DC_NEGLECT,MOCK,KIRI_2025_20|ASSUMPTION_V1
USR01927,48,40s,STABLE_GROWTH,TAX_BENEFIT_IDLE,MOCK,KIRI_2025_20|ASSUMPTION_V1
USR01928,35,30s,AGGRESSIVE,DC_NEGLECT,MOCK,KIRI_2025_20|ASSUMPTION_V1
USR01929,43,40s,STABLE_GROWTH,DC_NEGLECT,MOCK,KIRI_2025_20|ASSUMPTION_V1
USR01930,41,40s,BALANCED,OVERLAP_RISK,MOCK,KIRI_2025_20|ASSUMPTION_V1
USR01931,20,20s,BALANCED,OVERLAP_RISK,MOCK,KIRI_2025_20|ASSUMPTION_V1
USR01932,37,30s,CONSERVATIVE,TAX_BENEFIT_IDLE,MOCK,KIRI_2025_20|ASSUMPTION_V1
USR01933,64,50_plus,CONSERVATIVE,DC_NEGLECT,MOCK,KIRI_2025_20|ASSUMPTION_V1
USR01934,29,20s,GROWTH,DC_NEGLECT,MOCK,KIRI_2025_20|ASSUMPTION_V1
USR01935,23,20s,GROWTH,TAX_BENEFIT_IDLE,MOCK,KIRI_2025_20|ASSUMPTION_V1
USR01936,47,40s,CONSERVATIVE,DC_NEGLECT,MOCK,KIRI_2025_20|ASSUMPTION_V1
USR01937,55,50_plus,STABLE_GROWTH,OVERLAP_RISK,MOCK,KIRI_2025_20|ASSUMPTION_V1
USR01938,47,40s,STABLE_GROWTH,TAX_BENEFIT_IDLE,MOCK,KIRI_2025_20|ASSUMPTION_V1
USR01939,49,40s,STABLE_GROWTH,TAX_BENEFIT_IDLE,MOCK,KIRI_2025_20|ASSUMPTION_V1
USR01940,29,20s,GROWTH,TAX_BENEFIT_IDLE,MOCK,KIRI_2025_20|ASSUMPTION_V1
USR01941,43,40s,GROWTH,DC_NEGLECT,MOCK,KIRI_2025_20|ASSUMPTION_V1
USR01942,42,40s,GROWTH,DC_NEGLECT,MOCK,KIRI_2025_20|ASSUMPTION_V1
USR01943,37,30s,BALANCED,OVERLAP_RISK,MOCK,KIRI_2025_20|ASSUMPTION_V1
USR01944,33,30s,BALANCED,TAX_BENEFIT_IDLE,MOCK,KIRI_2025_20|ASSUMPTION_V1
USR01945,41,40s,BALANCED,TAX_BENEFIT_IDLE,MOCK,KIRI_2025_20|ASSUMPTION_V1
USR01946,35,30s,AGGRESSIVE,DC_NEGLECT,MOCK,KIRI_2025_20|ASSUMPTION_V1
USR01947,35,30s,BALANCED,OVERLAP_RISK,MOCK,KIRI_2025_20|ASSUMPTION_V1
USR01948,48,40s,BALANCED,TAX_BENEFIT_IDLE,MOCK,KIRI_2025_20|ASSUMPTION_V1
USR01949,38,30s,GROWTH,OVERLAP_RISK,MOCK,KIRI_2025_20|ASSUMPTION_V1
USR01950,55,50_plus,CONSERVATIVE,DC_NEGLECT,MOCK,KIRI_2025_20|ASSUMPTION_V1
USR01951,22,20s,BALANCED,TAX_BENEFIT_IDLE,MOCK,KIRI_2025_20|ASSUMPTION_V1
USR01952,41,40s,STABLE_GROWTH,DC_NEGLECT,MOCK,KIRI_2025_20|ASSUMPTION_V1
USR01953,46,40s,BALANCED,OVERLAP_RISK,MOCK,KIRI_2025_20|ASSUMPTION_V1
USR01954,49,40s,BALANCED,DC_NEGLECT,MOCK,KIRI_2025_20|ASSUMPTION_V1
USR01955,39,30s,AGGRESSIVE,DC_NEGLECT,MOCK,KIRI_2025_20|ASSUMPTION_V1
USR01956,52,50_plus,CONSERVATIVE,OVERLAP_RISK,MOCK,KIRI_2025_20|ASSUMPTION_V1
USR01957,37,30s,STABLE_GROWTH,TAX_BENEFIT_IDLE,MOCK,KIRI_2025_20|ASSUMPTION_V1
USR01958,34,30s,GROWTH,DC_NEGLECT,MOCK,KIRI_2025_20|ASSUMPTION_V1
USR01959,56,50_plus,GROWTH,DC_NEGLECT,MOCK,KIRI_2025_20|ASSUMPTION_V1
USR01960,57,50_plus,STABLE_GROWTH,OVERLAP_RISK,MOCK,KIRI_2025_20|ASSUMPTION_V1
USR01961,40,40s,BALANCED,DC_NEGLECT,MOCK,KIRI_2025_20|ASSUMPTION_V1
USR01962,43,40s,CONSERVATIVE,OVERLAP_RISK,MOCK,KIRI_2025_20|ASSUMPTION_V1
USR01963,20,20s,GROWTH,TAX_BENEFIT_IDLE,MOCK,KIRI_2025_20|ASSUMPTION_V1
USR01964,25,20s,STABLE_GROWTH,DC_NEGLECT,MOCK,KIRI_2025_20|ASSUMPTION_V1
USR01965,24,20s,STABLE_GROWTH,DC_NEGLECT,MOCK,KIRI_2025_20|ASSUMPTION_V1
USR01966,40,40s,STABLE_GROWTH,TAX_BENEFIT_IDLE,MOCK,KIRI_2025_20|ASSUMPTION_V1
USR01967,54,50_plus,BALANCED,TAX_BENEFIT_IDLE,MOCK,KIRI_2025_20|ASSUMPTION_V1
USR01968,59,50_plus,CONSERVATIVE,TAX_BENEFIT_IDLE,MOCK,KIRI_2025_20|ASSUMPTION_V1
USR01969,38,30s,STABLE_GROWTH,TAX_BENEFIT_IDLE,MOCK,KIRI_2025_20|ASSUMPTION_V1
USR01970,64,50_plus,GROWTH,DC_NEGLECT,MOCK,KIRI_2025_20|ASSUMPTION_V1
USR01971,23,20s,BALANCED,OVERLAP_RISK,MOCK,KIRI_2025_20|ASSUMPTION_V1
USR01972,38,30s,AGGRESSIVE,TAX_BENEFIT_IDLE,MOCK,KIRI_2025_20|ASSUMPTION_V1
USR01973,41,40s,STABLE_GROWTH,TAX_BENEFIT_IDLE,MOCK,KIRI_2025_20|ASSUMPTION_V1
USR01974,64,50_plus,GROWTH,OVERLAP_RISK,MOCK,KIRI_2025_20|ASSUMPTION_V1
USR01975,60,50_plus,CONSERVATIVE,DC_NEGLECT,MOCK,KIRI_2025_20|ASSUMPTION_V1
USR01976,31,30s,GROWTH,DC_NEGLECT,MOCK,KIRI_2025_20|ASSUMPTION_V1
USR01977,28,20s,GROWTH,DC_NEGLECT,MOCK,KIRI_2025_20|ASSUMPTION_V1
USR01978,53,50_plus,CONSERVATIVE,DC_NEGLECT,MOCK,KIRI_2025_20|ASSUMPTION_V1
USR01979,38,30s,STABLE_GROWTH,TAX_BENEFIT_IDLE,MOCK,KIRI_2025_20|ASSUMPTION_V1
USR01980,33,30s,BALANCED,OVERLAP_RISK,MOCK,KIRI_2025_20|ASSUMPTION_V1
USR01981,33,30s,AGGRESSIVE,TAX_BENEFIT_IDLE,MOCK,KIRI_2025_20|ASSUMPTION_V1
USR01982,45,40s,GROWTH,OVERLAP_RISK,MOCK,KIRI_2025_20|ASSUMPTION_V1
USR01983,41,40s,STABLE_GROWTH,OVERLAP_RISK,MOCK,KIRI_2025_20|ASSUMPTION_V1
USR01984,27,20s,AGGRESSIVE,DC_NEGLECT,MOCK,KIRI_2025_20|ASSUMPTION_V1
USR01985,58,50_plus,CONSERVATIVE,OVERLAP_RISK,MOCK,KIRI_2025_20|ASSUMPTION_V1
USR01986,44,40s,BALANCED,DC_NEGLECT,MOCK,KIRI_2025_20|ASSUMPTION_V1
USR01987,57,50_plus,AGGRESSIVE,DC_NEGLECT,MOCK,KIRI_2025_20|ASSUMPTION_V1
USR01988,43,40s,BALANCED,TAX_BENEFIT_IDLE,MOCK,KIRI_2025_20|ASSUMPTION_V1
USR01989,29,20s,BALANCED,TAX_BENEFIT_IDLE,MOCK,KIRI_2025_20|ASSUMPTION_V1
USR01990,39,30s,STABLE_GROWTH,DC_NEGLECT,MOCK,KIRI_2025_20|ASSUMPTION_V1
USR01991,38,30s,GROWTH,DC_NEGLECT,MOCK,KIRI_2025_20|ASSUMPTION_V1
USR01992,37,30s,STABLE_GROWTH,DC_NEGLECT,MOCK,KIRI_2025_20|ASSUMPTION_V1
USR01993,27,20s,CONSERVATIVE,DC_NEGLECT,MOCK,KIRI_2025_20|ASSUMPTION_V1
USR01994,45,40s,STABLE_GROWTH,TAX_BENEFIT_IDLE,MOCK,KIRI_2025_20|ASSUMPTION_V1
USR01995,32,30s,BALANCED,TAX_BENEFIT_IDLE,MOCK,KIRI_2025_20|ASSUMPTION_V1
USR01996,36,30s,BALANCED,TAX_BENEFIT_IDLE,MOCK,KIRI_2025_20|ASSUMPTION_V1
USR01997,46,40s,STABLE_GROWTH,DC_NEGLECT,MOCK,KIRI_2025_20|ASSUMPTION_V1
USR01998,41,40s,BALANCED,OVERLAP_RISK,MOCK,KIRI_2025_20|ASSUMPTION_V1
USR01999,55,50_plus,STABLE_GROWTH,DC_NEGLECT,MOCK,KIRI_2025_20|ASSUMPTION_V1
USR02000,49,40s,GROWTH,DC_NEGLECT,MOCK,KIRI_2025_20|ASSUMPTION_V1
USR02001,47,40s,STABLE_GROWTH,DC_NEGLECT,MOCK,KIRI_2025_20|ASSUMPTION_V1
USR02002,54,50_plus,STABLE_GROWTH,DC_NEGLECT,MOCK,KIRI_2025_20|ASSUMPTION_V1
USR02003,42,40s,BALANCED,OVERLAP_RISK,MOCK,KIRI_2025_20|ASSUMPTION_V1
USR02004,54,50_plus,CONSERVATIVE,DC_NEGLECT,MOCK,KIRI_2025_20|ASSUMPTION_V1
USR02005,40,40s,STABLE_GROWTH,DC_NEGLECT,MOCK,KIRI_2025_20|ASSUMPTION_V1
USR02006,35,30s,GROWTH,OVERLAP_RISK,MOCK,KIRI_2025_20|ASSUMPTION_V1
USR02007,35,30s,BALANCED,TAX_BENEFIT_IDLE,MOCK,KIRI_2025_20|ASSUMPTION_V1
USR02008,41,40s,STABLE_GROWTH,OVERLAP_RISK,MOCK,KIRI_2025_20|ASSUMPTION_V1
USR02009,56,50_plus,STABLE_GROWTH,TAX_BENEFIT_IDLE,MOCK,KIRI_2025_20|ASSUMPTION_V1
USR02010,42,40s,GROWTH,TAX_BENEFIT_IDLE,MOCK,KIRI_2025_20|ASSUMPTION_V1
USR02011,39,30s,STABLE_GROWTH,DC_NEGLECT,MOCK,KIRI_2025_20|ASSUMPTION_V1
USR02012,27,20s,GROWTH,OVERLAP_RISK,MOCK,KIRI_2025_20|ASSUMPTION_V1
USR02013,56,50_plus,STABLE_GROWTH,DC_NEGLECT,MOCK,KIRI_2025_20|ASSUMPTION_V1
USR02014,32,30s,BALANCED,DC_NEGLECT,MOCK,KIRI_2025_20|ASSUMPTION_V1
USR02015,24,20s,GROWTH,DC_NEGLECT,MOCK,KIRI_2025_20|ASSUMPTION_V1
USR02016,24,20s,BALANCED,DC_NEGLECT,MOCK,KIRI_2025_20|ASSUMPTION_V1
USR02017,41,40s,BALANCED,OVERLAP_RISK,MOCK,KIRI_2025_20|ASSUMPTION_V1
USR02018,42,40s,STABLE_GROWTH,DC_NEGLECT,MOCK,KIRI_2025_20|ASSUMPTION_V1
USR02019,38,30s,AGGRESSIVE,OVERLAP_RISK,MOCK,KIRI_2025_20|ASSUMPTION_V1
USR02020,56,50_plus,STABLE_GROWTH,OVERLAP_RISK,MOCK,KIRI_2025_20|ASSUMPTION_V1
USR02021,26,20s,BALANCED,TAX_BENEFIT_IDLE,MOCK,KIRI_2025_20|ASSUMPTION_V1
USR02022,36,30s,STABLE_GROWTH,DC_NEGLECT,MOCK,KIRI_2025_20|ASSUMPTION_V1
USR02023,37,30s,AGGRESSIVE,OVERLAP_RISK,MOCK,KIRI_2025_20|ASSUMPTION_V1
USR02024,63,50_plus,CONSERVATIVE,DC_NEGLECT,MOCK,KIRI_2025_20|ASSUMPTION_V1
USR02025,61,50_plus,CONSERVATIVE,DC_NEGLECT,MOCK,KIRI_2025_20|ASSUMPTION_V1
USR02026,53,50_plus,BALANCED,DC_NEGLECT,MOCK,KIRI_2025_20|ASSUMPTION_V1
USR02027,34,30s,CONSERVATIVE,TAX_BENEFIT_IDLE,MOCK,KIRI_2025_20|ASSUMPTION_V1
USR02028,38,30s,STABLE_GROWTH,TAX_BENEFIT_IDLE,MOCK,KIRI_2025_20|ASSUMPTION_V1
USR02029,40,40s,BALANCED,DC_NEGLECT,MOCK,KIRI_2025_20|ASSUMPTION_V1
USR02030,45,40s,STABLE_GROWTH,DC_NEGLECT,MOCK,KIRI_2025_20|ASSUMPTION_V1
USR02031,57,50_plus,STABLE_GROWTH,TAX_BENEFIT_IDLE,MOCK,KIRI_2025_20|ASSUMPTION_V1
USR02032,43,40s,BALANCED,DC_NEGLECT,MOCK,KIRI_2025_20|ASSUMPTION_V1
USR02033,29,20s,STABLE_GROWTH,TAX_BENEFIT_IDLE,MOCK,KIRI_2025_20|ASSUMPTION_V1
USR02034,35,30s,BALANCED,DC_NEGLECT,MOCK,KIRI_2025_20|ASSUMPTION_V1
USR02035,49,40s,CONSERVATIVE,DC_NEGLECT,MOCK,KIRI_2025_20|ASSUMPTION_V1
USR02036,55,50_plus,BALANCED,DC_NEGLECT,MOCK,KIRI_2025_20|ASSUMPTION_V1
USR02037,22,20s,STABLE_GROWTH,OVERLAP_RISK,MOCK,KIRI_2025_20|ASSUMPTION_V1
USR02038,34,30s,STABLE_GROWTH,DC_NEGLECT,MOCK,KIRI_2025_20|ASSUMPTION_V1
USR02039,34,30s,STABLE_GROWTH,TAX_BENEFIT_IDLE,MOCK,KIRI_2025_20|ASSUMPTION_V1
USR02040,42,40s,BALANCED,TAX_BENEFIT_IDLE,MOCK,KIRI_2025_20|ASSUMPTION_V1
USR02041,53,50_plus,STABLE_GROWTH,OVERLAP_RISK,MOCK,KIRI_2025_20|ASSUMPTION_V1
USR02042,41,40s,BALANCED,DC_NEGLECT,MOCK,KIRI_2025_20|ASSUMPTION_V1
USR02043,46,40s,BALANCED,TAX_BENEFIT_IDLE,MOCK,KIRI_2025_20|ASSUMPTION_V1
USR02044,28,20s,BALANCED,DC_NEGLECT,MOCK,KIRI_2025_20|ASSUMPTION_V1
USR02045,40,40s,CONSERVATIVE,DC_NEGLECT,MOCK,KIRI_2025_20|ASSUMPTION_V1
USR02046,45,40s,GROWTH,DC_NEGLECT,MOCK,KIRI_2025_20|ASSUMPTION_V1
USR02047,54,50_plus,CONSERVATIVE,TAX_BENEFIT_IDLE,MOCK,KIRI_2025_20|ASSUMPTION_V1
USR02048,42,40s,BALANCED,DC_NEGLECT,MOCK,KIRI_2025_20|ASSUMPTION_V1
USR02049,54,50_plus,CONSERVATIVE,TAX_BENEFIT_IDLE,MOCK,KIRI_2025_20|ASSUMPTION_V1
USR02050,49,40s,STABLE_GROWTH,OVERLAP_RISK,MOCK,KIRI_2025_20|ASSUMPTION_V1
USR02051,24,20s,AGGRESSIVE,DC_NEGLECT,MOCK,KIRI_2025_20|ASSUMPTION_V1
USR02052,31,30s,CONSERVATIVE,TAX_BENEFIT_IDLE,MOCK,KIRI_2025_20|ASSUMPTION_V1
USR02053,44,40s,STABLE_GROWTH,DC_NEGLECT,MOCK,KIRI_2025_20|ASSUMPTION_V1
USR02054,28,20s,BALANCED,OVERLAP_RISK,MOCK,KIRI_2025_20|ASSUMPTION_V1
USR02055,50,50_plus,STABLE_GROWTH,DC_NEGLECT,MOCK,KIRI_2025_20|ASSUMPTION_V1
USR02056,42,40s,STABLE_GROWTH,DC_NEGLECT,MOCK,KIRI_2025_20|ASSUMPTION_V1
USR02057,54,50_plus,CONSERVATIVE,DC_NEGLECT,MOCK,KIRI_2025_20|ASSUMPTION_V1
USR02058,48,40s,BALANCED,DC_NEGLECT,MOCK,KIRI_2025_20|ASSUMPTION_V1
USR02059,48,40s,STABLE_GROWTH,TAX_BENEFIT_IDLE,MOCK,KIRI_2025_20|ASSUMPTION_V1
USR02060,53,50_plus,STABLE_GROWTH,OVERLAP_RISK,MOCK,KIRI_2025_20|ASSUMPTION_V1
USR02061,44,40s,STABLE_GROWTH,DC_NEGLECT,MOCK,KIRI_2025_20|ASSUMPTION_V1
USR02062,63,50_plus,CONSERVATIVE,TAX_BENEFIT_IDLE,MOCK,KIRI_2025_20|ASSUMPTION_V1
USR02063,45,40s,CONSERVATIVE,DC_NEGLECT,MOCK,KIRI_2025_20|ASSUMPTION_V1
USR02064,61,50_plus,STABLE_GROWTH,DC_NEGLECT,MOCK,KIRI_2025_20|ASSUMPTION_V1
USR02065,44,40s,CONSERVATIVE,DC_NEGLECT,MOCK,KIRI_2025_20|ASSUMPTION_V1
USR02066,46,40s,GROWTH,DC_NEGLECT,MOCK,KIRI_2025_20|ASSUMPTION_V1
USR02067,20,20s,BALANCED,DC_NEGLECT,MOCK,KIRI_2025_20|ASSUMPTION_V1
USR02068,41,40s,BALANCED,TAX_BENEFIT_IDLE,MOCK,KIRI_2025_20|ASSUMPTION_V1
USR02069,39,30s,STABLE_GROWTH,TAX_BENEFIT_IDLE,MOCK,KIRI_2025_20|ASSUMPTION_V1
USR02070,31,30s,GROWTH,OVERLAP_RISK,MOCK,KIRI_2025_20|ASSUMPTION_V1
USR02071,48,40s,BALANCED,DC_NEGLECT,MOCK,KIRI_2025_20|ASSUMPTION_V1
USR02072,57,50_plus,CONSERVATIVE,TAX_BENEFIT_IDLE,MOCK,KIRI_2025_20|ASSUMPTION_V1
USR02073,64,50_plus,GROWTH,OVERLAP_RISK,MOCK,KIRI_2025_20|ASSUMPTION_V1
USR02074,51,50_plus,STABLE_GROWTH,TAX_BENEFIT_IDLE,MOCK,KIRI_2025_20|ASSUMPTION_V1
USR02075,46,40s,BALANCED,DC_NEGLECT,MOCK,KIRI_2025_20|ASSUMPTION_V1
USR02076,23,20s,GROWTH,TAX_BENEFIT_IDLE,MOCK,KIRI_2025_20|ASSUMPTION_V1
USR02077,44,40s,STABLE_GROWTH,OVERLAP_RISK,MOCK,KIRI_2025_20|ASSUMPTION_V1
USR02078,43,40s,GROWTH,OVERLAP_RISK,MOCK,KIRI_2025_20|ASSUMPTION_V1
USR02079,32,30s,AGGRESSIVE,TAX_BENEFIT_IDLE,MOCK,KIRI_2025_20|ASSUMPTION_V1
USR02080,49,40s,AGGRESSIVE,TAX_BENEFIT_IDLE,MOCK,KIRI_2025_20|ASSUMPTION_V1
USR02081,32,30s,GROWTH,DC_NEGLECT,MOCK,KIRI_2025_20|ASSUMPTION_V1
USR02082,46,40s,STABLE_GROWTH,OVERLAP_RISK,MOCK,KIRI_2025_20|ASSUMPTION_V1
USR02083,63,50_plus,CONSERVATIVE,DC_NEGLECT,MOCK,KIRI_2025_20|ASSUMPTION_V1
USR02084,35,30s,STABLE_GROWTH,DC_NEGLECT,MOCK,KIRI_2025_20|ASSUMPTION_V1
USR02085,39,30s,GROWTH,TAX_BENEFIT_IDLE,MOCK,KIRI_2025_20|ASSUMPTION_V1
USR02086,38,30s,BALANCED,DC_NEGLECT,MOCK,KIRI_2025_20|ASSUMPTION_V1
USR02087,39,30s,BALANCED,TAX_BENEFIT_IDLE,MOCK,KIRI_2025_20|ASSUMPTION_V1
USR02088,34,30s,GROWTH,TAX_BENEFIT_IDLE,MOCK,KIRI_2025_20|ASSUMPTION_V1
USR02089,45,40s,STABLE_GROWTH,OVERLAP_RISK,MOCK,KIRI_2025_20|ASSUMPTION_V1
USR02090,40,40s,BALANCED,TAX_BENEFIT_IDLE,MOCK,KIRI_2025_20|ASSUMPTION_V1
USR02091,40,40s,BALANCED,OVERLAP_RISK,MOCK,KIRI_2025_20|ASSUMPTION_V1
USR02092,38,30s,BALANCED,DC_NEGLECT,MOCK,KIRI_2025_20|ASSUMPTION_V1
USR02093,30,30s,STABLE_GROWTH,OVERLAP_RISK,MOCK,KIRI_2025_20|ASSUMPTION_V1
USR02094,45,40s,STABLE_GROWTH,TAX_BENEFIT_IDLE,MOCK,KIRI_2025_20|ASSUMPTION_V1
USR02095,40,40s,BALANCED,DC_NEGLECT,MOCK,KIRI_2025_20|ASSUMPTION_V1
USR02096,48,40s,BALANCED,TAX_BENEFIT_IDLE,MOCK,KIRI_2025_20|ASSUMPTION_V1
USR02097,35,30s,GROWTH,OVERLAP_RISK,MOCK,KIRI_2025_20|ASSUMPTION_V1
USR02098,32,30s,BALANCED,DC_NEGLECT,MOCK,KIRI_2025_20|ASSUMPTION_V1
USR02099,42,40s,BALANCED,TAX_BENEFIT_IDLE,MOCK,KIRI_2025_20|ASSUMPTION_V1
USR02100,26,20s,STABLE_GROWTH,DC_NEGLECT,MOCK,KIRI_2025_20|ASSUMPTION_V1
USR02101,30,30s,BALANCED,TAX_BENEFIT_IDLE,MOCK,KIRI_2025_20|ASSUMPTION_V1
USR02102,38,30s,BALANCED,OVERLAP_RISK,MOCK,KIRI_2025_20|ASSUMPTION_V1
USR02103,42,40s,STABLE_GROWTH,OVERLAP_RISK,MOCK,KIRI_2025_20|ASSUMPTION_V1
USR02104,57,50_plus,CONSERVATIVE,OVERLAP_RISK,MOCK,KIRI_2025_20|ASSUMPTION_V1
USR02105,31,30s,STABLE_GROWTH,DC_NEGLECT,MOCK,KIRI_2025_20|ASSUMPTION_V1
USR02106,54,50_plus,BALANCED,OVERLAP_RISK,MOCK,KIRI_2025_20|ASSUMPTION_V1
USR02107,32,30s,GROWTH,DC_NEGLECT,MOCK,KIRI_2025_20|ASSUMPTION_V1
USR02108,52,50_plus,STABLE_GROWTH,OVERLAP_RISK,MOCK,KIRI_2025_20|ASSUMPTION_V1
USR02109,24,20s,STABLE_GROWTH,TAX_BENEFIT_IDLE,MOCK,KIRI_2025_20|ASSUMPTION_V1
USR02110,48,40s,BALANCED,OVERLAP_RISK,MOCK,KIRI_2025_20|ASSUMPTION_V1
USR02111,30,30s,GROWTH,OVERLAP_RISK,MOCK,KIRI_2025_20|ASSUMPTION_V1
USR02112,61,50_plus,STABLE_GROWTH,TAX_BENEFIT_IDLE,MOCK,KIRI_2025_20|ASSUMPTION_V1
USR02113,34,30s,CONSERVATIVE,DC_NEGLECT,MOCK,KIRI_2025_20|ASSUMPTION_V1
USR02114,54,50_plus,STABLE_GROWTH,TAX_BENEFIT_IDLE,MOCK,KIRI_2025_20|ASSUMPTION_V1
USR02115,38,30s,CONSERVATIVE,DC_NEGLECT,MOCK,KIRI_2025_20|ASSUMPTION_V1
USR02116,42,40s,STABLE_GROWTH,DC_NEGLECT,MOCK,KIRI_2025_20|ASSUMPTION_V1
USR02117,30,30s,CONSERVATIVE,TAX_BENEFIT_IDLE,MOCK,KIRI_2025_20|ASSUMPTION_V1
USR02118,39,30s,BALANCED,DC_NEGLECT,MOCK,KIRI_2025_20|ASSUMPTION_V1
USR02119,47,40s,GROWTH,DC_NEGLECT,MOCK,KIRI_2025_20|ASSUMPTION_V1
USR02120,41,40s,CONSERVATIVE,DC_NEGLECT,MOCK,KIRI_2025_20|ASSUMPTION_V1
USR02121,43,40s,CONSERVATIVE,DC_NEGLECT,MOCK,KIRI_2025_20|ASSUMPTION_V1
USR02122,35,30s,STABLE_GROWTH,OVERLAP_RISK,MOCK,KIRI_2025_20|ASSUMPTION_V1
USR02123,49,40s,GROWTH,DC_NEGLECT,MOCK,KIRI_2025_20|ASSUMPTION_V1
USR02124,34,30s,GROWTH,DC_NEGLECT,MOCK,KIRI_2025_20|ASSUMPTION_V1
USR02125,35,30s,AGGRESSIVE,OVERLAP_RISK,MOCK,KIRI_2025_20|ASSUMPTION_V1
USR02126,37,30s,CONSERVATIVE,TAX_BENEFIT_IDLE,MOCK,KIRI_2025_20|ASSUMPTION_V1
USR02127,39,30s,GROWTH,TAX_BENEFIT_IDLE,MOCK,KIRI_2025_20|ASSUMPTION_V1
USR02128,43,40s,BALANCED,DC_NEGLECT,MOCK,KIRI_2025_20|ASSUMPTION_V1
USR02129,49,40s,BALANCED,DC_NEGLECT,MOCK,KIRI_2025_20|ASSUMPTION_V1
USR02130,29,20s,STABLE_GROWTH,OVERLAP_RISK,MOCK,KIRI_2025_20|ASSUMPTION_V1
USR02131,51,50_plus,STABLE_GROWTH,DC_NEGLECT,MOCK,KIRI_2025_20|ASSUMPTION_V1
USR02132,52,50_plus,STABLE_GROWTH,DC_NEGLECT,MOCK,KIRI_2025_20|ASSUMPTION_V1
USR02133,47,40s,BALANCED,TAX_BENEFIT_IDLE,MOCK,KIRI_2025_20|ASSUMPTION_V1
USR02134,20,20s,CONSERVATIVE,TAX_BENEFIT_IDLE,MOCK,KIRI_2025_20|ASSUMPTION_V1
USR02135,40,40s,STABLE_GROWTH,OVERLAP_RISK,MOCK,KIRI_2025_20|ASSUMPTION_V1
USR02136,26,20s,STABLE_GROWTH,TAX_BENEFIT_IDLE,MOCK,KIRI_2025_20|ASSUMPTION_V1
USR02137,60,50_plus,BALANCED,DC_NEGLECT,MOCK,KIRI_2025_20|ASSUMPTION_V1
USR02138,38,30s,GROWTH,DC_NEGLECT,MOCK,KIRI_2025_20|ASSUMPTION_V1
USR02139,38,30s,AGGRESSIVE,DC_NEGLECT,MOCK,KIRI_2025_20|ASSUMPTION_V1
USR02140,48,40s,STABLE_GROWTH,OVERLAP_RISK,MOCK,KIRI_2025_20|ASSUMPTION_V1
USR02141,32,30s,BALANCED,TAX_BENEFIT_IDLE,MOCK,KIRI_2025_20|ASSUMPTION_V1
USR02142,42,40s,STABLE_GROWTH,DC_NEGLECT,MOCK,KIRI_2025_20|ASSUMPTION_V1
USR02143,26,20s,BALANCED,OVERLAP_RISK,MOCK,KIRI_2025_20|ASSUMPTION_V1
USR02144,38,30s,BALANCED,DC_NEGLECT,MOCK,KIRI_2025_20|ASSUMPTION_V1
USR02145,37,30s,STABLE_GROWTH,TAX_BENEFIT_IDLE,MOCK,KIRI_2025_20|ASSUMPTION_V1
USR02146,32,30s,GROWTH,TAX_BENEFIT_IDLE,MOCK,KIRI_2025_20|ASSUMPTION_V1
USR02147,22,20s,STABLE_GROWTH,TAX_BENEFIT_IDLE,MOCK,KIRI_2025_20|ASSUMPTION_V1
USR02148,33,30s,GROWTH,TAX_BENEFIT_IDLE,MOCK,KIRI_2025_20|ASSUMPTION_V1
USR02149,34,30s,CONSERVATIVE,OVERLAP_RISK,MOCK,KIRI_2025_20|ASSUMPTION_V1
USR02150,51,50_plus,STABLE_GROWTH,TAX_BENEFIT_IDLE,MOCK,KIRI_2025_20|ASSUMPTION_V1
USR02151,47,40s,GROWTH,OVERLAP_RISK,MOCK,KIRI_2025_20|ASSUMPTION_V1
USR02152,61,50_plus,CONSERVATIVE,OVERLAP_RISK,MOCK,KIRI_2025_20|ASSUMPTION_V1
USR02153,40,40s,STABLE_GROWTH,TAX_BENEFIT_IDLE,MOCK,KIRI_2025_20|ASSUMPTION_V1
USR02154,25,20s,STABLE_GROWTH,OVERLAP_RISK,MOCK,KIRI_2025_20|ASSUMPTION_V1
USR02155,28,20s,AGGRESSIVE,DC_NEGLECT,MOCK,KIRI_2025_20|ASSUMPTION_V1
USR02156,36,30s,BALANCED,DC_NEGLECT,MOCK,KIRI_2025_20|ASSUMPTION_V1
USR02157,44,40s,BALANCED,TAX_BENEFIT_IDLE,MOCK,KIRI_2025_20|ASSUMPTION_V1
USR02158,32,30s,AGGRESSIVE,TAX_BENEFIT_IDLE,MOCK,KIRI_2025_20|ASSUMPTION_V1
USR02159,38,30s,GROWTH,DC_NEGLECT,MOCK,KIRI_2025_20|ASSUMPTION_V1
USR02160,61,50_plus,AGGRESSIVE,DC_NEGLECT,MOCK,KIRI_2025_20|ASSUMPTION_V1
USR02161,38,30s,BALANCED,OVERLAP_RISK,MOCK,KIRI_2025_20|ASSUMPTION_V1
USR02162,56,50_plus,STABLE_GROWTH,TAX_BENEFIT_IDLE,MOCK,KIRI_2025_20|ASSUMPTION_V1
USR02163,36,30s,GROWTH,TAX_BENEFIT_IDLE,MOCK,KIRI_2025_20|ASSUMPTION_V1
USR02164,51,50_plus,STABLE_GROWTH,DC_NEGLECT,MOCK,KIRI_2025_20|ASSUMPTION_V1
USR02165,42,40s,BALANCED,DC_NEGLECT,MOCK,KIRI_2025_20|ASSUMPTION_V1
USR02166,22,20s,BALANCED,OVERLAP_RISK,MOCK,KIRI_2025_20|ASSUMPTION_V1
USR02167,43,40s,BALANCED,OVERLAP_RISK,MOCK,KIRI_2025_20|ASSUMPTION_V1
USR02168,51,50_plus,CONSERVATIVE,DC_NEGLECT,MOCK,KIRI_2025_20|ASSUMPTION_V1
USR02169,63,50_plus,BALANCED,TAX_BENEFIT_IDLE,MOCK,KIRI_2025_20|ASSUMPTION_V1
USR02170,48,40s,STABLE_GROWTH,OVERLAP_RISK,MOCK,KIRI_2025_20|ASSUMPTION_V1
USR02171,56,50_plus,GROWTH,DC_NEGLECT,MOCK,KIRI_2025_20|ASSUMPTION_V1
USR02172,43,40s,STABLE_GROWTH,TAX_BENEFIT_IDLE,MOCK,KIRI_2025_20|ASSUMPTION_V1
USR02173,38,30s,AGGRESSIVE,DC_NEGLECT,MOCK,KIRI_2025_20|ASSUMPTION_V1
USR02174,28,20s,BALANCED,DC_NEGLECT,MOCK,KIRI_2025_20|ASSUMPTION_V1
USR02175,53,50_plus,STABLE_GROWTH,OVERLAP_RISK,MOCK,KIRI_2025_20|ASSUMPTION_V1
USR02176,64,50_plus,STABLE_GROWTH,TAX_BENEFIT_IDLE,MOCK,KIRI_2025_20|ASSUMPTION_V1
USR02177,42,40s,BALANCED,TAX_BENEFIT_IDLE,MOCK,KIRI_2025_20|ASSUMPTION_V1
USR02178,59,50_plus,GROWTH,OVERLAP_RISK,MOCK,KIRI_2025_20|ASSUMPTION_V1
USR02179,39,30s,GROWTH,DC_NEGLECT,MOCK,KIRI_2025_20|ASSUMPTION_V1
USR02180,44,40s,BALANCED,DC_NEGLECT,MOCK,KIRI_2025_20|ASSUMPTION_V1
USR02181,33,30s,GROWTH,DC_NEGLECT,MOCK,KIRI_2025_20|ASSUMPTION_V1
USR02182,62,50_plus,BALANCED,TAX_BENEFIT_IDLE,MOCK,KIRI_2025_20|ASSUMPTION_V1
USR02183,49,40s,STABLE_GROWTH,OVERLAP_RISK,MOCK,KIRI_2025_20|ASSUMPTION_V1
USR02184,57,50_plus,CONSERVATIVE,OVERLAP_RISK,MOCK,KIRI_2025_20|ASSUMPTION_V1
USR02185,33,30s,STABLE_GROWTH,TAX_BENEFIT_IDLE,MOCK,KIRI_2025_20|ASSUMPTION_V1
USR02186,56,50_plus,STABLE_GROWTH,DC_NEGLECT,MOCK,KIRI_2025_20|ASSUMPTION_V1
USR02187,53,50_plus,BALANCED,DC_NEGLECT,MOCK,KIRI_2025_20|ASSUMPTION_V1
USR02188,52,50_plus,GROWTH,DC_NEGLECT,MOCK,KIRI_2025_20|ASSUMPTION_V1
USR02189,42,40s,BALANCED,OVERLAP_RISK,MOCK,KIRI_2025_20|ASSUMPTION_V1
USR02190,28,20s,BALANCED,DC_NEGLECT,MOCK,KIRI_2025_20|ASSUMPTION_V1
USR02191,55,50_plus,GROWTH,OVERLAP_RISK,MOCK,KIRI_2025_20|ASSUMPTION_V1
USR02192,55,50_plus,CONSERVATIVE,OVERLAP_RISK,MOCK,KIRI_2025_20|ASSUMPTION_V1
USR02193,60,50_plus,CONSERVATIVE,OVERLAP_RISK,MOCK,KIRI_2025_20|ASSUMPTION_V1
USR02194,41,40s,BALANCED,DC_NEGLECT,MOCK,KIRI_2025_20|ASSUMPTION_V1
USR02195,48,40s,BALANCED,DC_NEGLECT,MOCK,KIRI_2025_20|ASSUMPTION_V1
USR02196,41,40s,GROWTH,DC_NEGLECT,MOCK,KIRI_2025_20|ASSUMPTION_V1
USR02197,29,20s,GROWTH,DC_NEGLECT,MOCK,KIRI_2025_20|ASSUMPTION_V1
USR02198,35,30s,AGGRESSIVE,OVERLAP_RISK,MOCK,KIRI_2025_20|ASSUMPTION_V1
USR02199,41,40s,BALANCED,OVERLAP_RISK,MOCK,KIRI_2025_20|ASSUMPTION_V1
USR02200,22,20s,GROWTH,TAX_BENEFIT_IDLE,MOCK,KIRI_2025_20|ASSUMPTION_V1
USR02201,37,30s,STABLE_GROWTH,TAX_BENEFIT_IDLE,MOCK,KIRI_2025_20|ASSUMPTION_V1
USR02202,44,40s,CONSERVATIVE,TAX_BENEFIT_IDLE,MOCK,KIRI_2025_20|ASSUMPTION_V1
USR02203,31,30s,GROWTH,DC_NEGLECT,MOCK,KIRI_2025_20|ASSUMPTION_V1
USR02204,46,40s,STABLE_GROWTH,DC_NEGLECT,MOCK,KIRI_2025_20|ASSUMPTION_V1
USR02205,34,30s,CONSERVATIVE,OVERLAP_RISK,MOCK,KIRI_2025_20|ASSUMPTION_V1
USR02206,38,30s,GROWTH,DC_NEGLECT,MOCK,KIRI_2025_20|ASSUMPTION_V1
USR02207,47,40s,STABLE_GROWTH,DC_NEGLECT,MOCK,KIRI_2025_20|ASSUMPTION_V1
USR02208,37,30s,BALANCED,DC_NEGLECT,MOCK,KIRI_2025_20|ASSUMPTION_V1
USR02209,35,30s,BALANCED,TAX_BENEFIT_IDLE,MOCK,KIRI_2025_20|ASSUMPTION_V1
USR02210,51,50_plus,STABLE_GROWTH,TAX_BENEFIT_IDLE,MOCK,KIRI_2025_20|ASSUMPTION_V1
USR02211,32,30s,GROWTH,OVERLAP_RISK,MOCK,KIRI_2025_20|ASSUMPTION_V1
USR02212,48,40s,BALANCED,DC_NEGLECT,MOCK,KIRI_2025_20|ASSUMPTION_V1
USR02213,54,50_plus,STABLE_GROWTH,DC_NEGLECT,MOCK,KIRI_2025_20|ASSUMPTION_V1
USR02214,58,50_plus,GROWTH,TAX_BENEFIT_IDLE,MOCK,KIRI_2025_20|ASSUMPTION_V1
USR02215,32,30s,AGGRESSIVE,TAX_BENEFIT_IDLE,MOCK,KIRI_2025_20|ASSUMPTION_V1
USR02216,20,20s,AGGRESSIVE,TAX_BENEFIT_IDLE,MOCK,KIRI_2025_20|ASSUMPTION_V1
USR02217,30,30s,CONSERVATIVE,OVERLAP_RISK,MOCK,KIRI_2025_20|ASSUMPTION_V1
USR02218,27,20s,CONSERVATIVE,DC_NEGLECT,MOCK,KIRI_2025_20|ASSUMPTION_V1
USR02219,61,50_plus,CONSERVATIVE,DC_NEGLECT,MOCK,KIRI_2025_20|ASSUMPTION_V1
USR02220,42,40s,CONSERVATIVE,TAX_BENEFIT_IDLE,MOCK,KIRI_2025_20|ASSUMPTION_V1
USR02221,36,30s,BALANCED,DC_NEGLECT,MOCK,KIRI_2025_20|ASSUMPTION_V1
USR02222,48,40s,BALANCED,DC_NEGLECT,MOCK,KIRI_2025_20|ASSUMPTION_V1
USR02223,55,50_plus,STABLE_GROWTH,TAX_BENEFIT_IDLE,MOCK,KIRI_2025_20|ASSUMPTION_V1
USR02224,59,50_plus,BALANCED,DC_NEGLECT,MOCK,KIRI_2025_20|ASSUMPTION_V1
USR02225,42,40s,STABLE_GROWTH,DC_NEGLECT,MOCK,KIRI_2025_20|ASSUMPTION_V1
USR02226,34,30s,STABLE_GROWTH,OVERLAP_RISK,MOCK,KIRI_2025_20|ASSUMPTION_V1
USR02227,40,40s,GROWTH,DC_NEGLECT,MOCK,KIRI_2025_20|ASSUMPTION_V1
USR02228,51,50_plus,GROWTH,OVERLAP_RISK,MOCK,KIRI_2025_20|ASSUMPTION_V1
USR02229,45,40s,BALANCED,OVERLAP_RISK,MOCK,KIRI_2025_20|ASSUMPTION_V1
USR02230,42,40s,STABLE_GROWTH,TAX_BENEFIT_IDLE,MOCK,KIRI_2025_20|ASSUMPTION_V1
USR02231,59,50_plus,CONSERVATIVE,OVERLAP_RISK,MOCK,KIRI_2025_20|ASSUMPTION_V1
USR02232,32,30s,BALANCED,DC_NEGLECT,MOCK,KIRI_2025_20|ASSUMPTION_V1
USR02233,52,50_plus,STABLE_GROWTH,OVERLAP_RISK,MOCK,KIRI_2025_20|ASSUMPTION_V1
USR02234,38,30s,GROWTH,OVERLAP_RISK,MOCK,KIRI_2025_20|ASSUMPTION_V1
USR02235,49,40s,STABLE_GROWTH,OVERLAP_RISK,MOCK,KIRI_2025_20|ASSUMPTION_V1
USR02236,30,30s,STABLE_GROWTH,DC_NEGLECT,MOCK,KIRI_2025_20|ASSUMPTION_V1
USR02237,48,40s,CONSERVATIVE,OVERLAP_RISK,MOCK,KIRI_2025_20|ASSUMPTION_V1
USR02238,35,30s,STABLE_GROWTH,DC_NEGLECT,MOCK,KIRI_2025_20|ASSUMPTION_V1
USR02239,34,30s,CONSERVATIVE,OVERLAP_RISK,MOCK,KIRI_2025_20|ASSUMPTION_V1
USR02240,58,50_plus,GROWTH,OVERLAP_RISK,MOCK,KIRI_2025_20|ASSUMPTION_V1
USR02241,43,40s,BALANCED,DC_NEGLECT,MOCK,KIRI_2025_20|ASSUMPTION_V1
USR02242,53,50_plus,STABLE_GROWTH,TAX_BENEFIT_IDLE,MOCK,KIRI_2025_20|ASSUMPTION_V1
USR02243,22,20s,BALANCED,TAX_BENEFIT_IDLE,MOCK,KIRI_2025_20|ASSUMPTION_V1
USR02244,48,40s,STABLE_GROWTH,TAX_BENEFIT_IDLE,MOCK,KIRI_2025_20|ASSUMPTION_V1
USR02245,38,30s,BALANCED,OVERLAP_RISK,MOCK,KIRI_2025_20|ASSUMPTION_V1
USR02246,25,20s,BALANCED,OVERLAP_RISK,MOCK,KIRI_2025_20|ASSUMPTION_V1
USR02247,27,20s,AGGRESSIVE,DC_NEGLECT,MOCK,KIRI_2025_20|ASSUMPTION_V1
USR02248,64,50_plus,BALANCED,DC_NEGLECT,MOCK,KIRI_2025_20|ASSUMPTION_V1
USR02249,43,40s,BALANCED,TAX_BENEFIT_IDLE,MOCK,KIRI_2025_20|ASSUMPTION_V1
USR02250,20,20s,BALANCED,TAX_BENEFIT_IDLE,MOCK,KIRI_2025_20|ASSUMPTION_V1
USR02251,60,50_plus,CONSERVATIVE,DC_NEGLECT,MOCK,KIRI_2025_20|ASSUMPTION_V1
USR02252,26,20s,BALANCED,OVERLAP_RISK,MOCK,KIRI_2025_20|ASSUMPTION_V1
USR02253,21,20s,GROWTH,OVERLAP_RISK,MOCK,KIRI_2025_20|ASSUMPTION_V1
USR02254,32,30s,BALANCED,TAX_BENEFIT_IDLE,MOCK,KIRI_2025_20|ASSUMPTION_V1
USR02255,45,40s,STABLE_GROWTH,OVERLAP_RISK,MOCK,KIRI_2025_20|ASSUMPTION_V1
USR02256,47,40s,BALANCED,OVERLAP_RISK,MOCK,KIRI_2025_20|ASSUMPTION_V1
USR02257,24,20s,AGGRESSIVE,DC_NEGLECT,MOCK,KIRI_2025_20|ASSUMPTION_V1
USR02258,56,50_plus,BALANCED,TAX_BENEFIT_IDLE,MOCK,KIRI_2025_20|ASSUMPTION_V1
USR02259,57,50_plus,GROWTH,OVERLAP_RISK,MOCK,KIRI_2025_20|ASSUMPTION_V1
USR02260,41,40s,STABLE_GROWTH,DC_NEGLECT,MOCK,KIRI_2025_20|ASSUMPTION_V1
USR02261,21,20s,AGGRESSIVE,TAX_BENEFIT_IDLE,MOCK,KIRI_2025_20|ASSUMPTION_V1
USR02262,20,20s,GROWTH,TAX_BENEFIT_IDLE,MOCK,KIRI_2025_20|ASSUMPTION_V1
USR02263,47,40s,BALANCED,OVERLAP_RISK,MOCK,KIRI_2025_20|ASSUMPTION_V1
USR02264,61,50_plus,AGGRESSIVE,DC_NEGLECT,MOCK,KIRI_2025_20|ASSUMPTION_V1
USR02265,54,50_plus,STABLE_GROWTH,TAX_BENEFIT_IDLE,MOCK,KIRI_2025_20|ASSUMPTION_V1
USR02266,30,30s,GROWTH,DC_NEGLECT,MOCK,KIRI_2025_20|ASSUMPTION_V1
USR02267,37,30s,STABLE_GROWTH,DC_NEGLECT,MOCK,KIRI_2025_20|ASSUMPTION_V1
USR02268,31,30s,BALANCED,DC_NEGLECT,MOCK,KIRI_2025_20|ASSUMPTION_V1
USR02269,30,30s,STABLE_GROWTH,OVERLAP_RISK,MOCK,KIRI_2025_20|ASSUMPTION_V1
USR02270,45,40s,CONSERVATIVE,DC_NEGLECT,MOCK,KIRI_2025_20|ASSUMPTION_V1
USR02271,44,40s,STABLE_GROWTH,DC_NEGLECT,MOCK,KIRI_2025_20|ASSUMPTION_V1
USR02272,43,40s,STABLE_GROWTH,OVERLAP_RISK,MOCK,KIRI_2025_20|ASSUMPTION_V1
USR02273,21,20s,CONSERVATIVE,OVERLAP_RISK,MOCK,KIRI_2025_20|ASSUMPTION_V1
USR02274,40,40s,BALANCED,OVERLAP_RISK,MOCK,KIRI_2025_20|ASSUMPTION_V1
USR02275,38,30s,CONSERVATIVE,DC_NEGLECT,MOCK,KIRI_2025_20|ASSUMPTION_V1
USR02276,38,30s,BALANCED,TAX_BENEFIT_IDLE,MOCK,KIRI_2025_20|ASSUMPTION_V1
USR02277,61,50_plus,AGGRESSIVE,TAX_BENEFIT_IDLE,MOCK,KIRI_2025_20|ASSUMPTION_V1
USR02278,41,40s,GROWTH,TAX_BENEFIT_IDLE,MOCK,KIRI_2025_20|ASSUMPTION_V1
USR02279,45,40s,BALANCED,TAX_BENEFIT_IDLE,MOCK,KIRI_2025_20|ASSUMPTION_V1
USR02280,43,40s,BALANCED,DC_NEGLECT,MOCK,KIRI_2025_20|ASSUMPTION_V1
USR02281,37,30s,BALANCED,DC_NEGLECT,MOCK,KIRI_2025_20|ASSUMPTION_V1
USR02282,58,50_plus,CONSERVATIVE,DC_NEGLECT,MOCK,KIRI_2025_20|ASSUMPTION_V1
USR02283,60,50_plus,STABLE_GROWTH,OVERLAP_RISK,MOCK,KIRI_2025_20|ASSUMPTION_V1
USR02284,29,20s,BALANCED,OVERLAP_RISK,MOCK,KIRI_2025_20|ASSUMPTION_V1
USR02285,45,40s,CONSERVATIVE,OVERLAP_RISK,MOCK,KIRI_2025_20|ASSUMPTION_V1
USR02286,49,40s,GROWTH,DC_NEGLECT,MOCK,KIRI_2025_20|ASSUMPTION_V1
USR02287,37,30s,BALANCED,OVERLAP_RISK,MOCK,KIRI_2025_20|ASSUMPTION_V1
USR02288,23,20s,BALANCED,TAX_BENEFIT_IDLE,MOCK,KIRI_2025_20|ASSUMPTION_V1
USR02289,53,50_plus,CONSERVATIVE,DC_NEGLECT,MOCK,KIRI_2025_20|ASSUMPTION_V1
USR02290,56,50_plus,STABLE_GROWTH,DC_NEGLECT,MOCK,KIRI_2025_20|ASSUMPTION_V1
USR02291,37,30s,BALANCED,TAX_BENEFIT_IDLE,MOCK,KIRI_2025_20|ASSUMPTION_V1
USR02292,29,20s,BALANCED,DC_NEGLECT,MOCK,KIRI_2025_20|ASSUMPTION_V1
USR02293,54,50_plus,BALANCED,TAX_BENEFIT_IDLE,MOCK,KIRI_2025_20|ASSUMPTION_V1
USR02294,34,30s,BALANCED,DC_NEGLECT,MOCK,KIRI_2025_20|ASSUMPTION_V1
USR02295,52,50_plus,CONSERVATIVE,DC_NEGLECT,MOCK,KIRI_2025_20|ASSUMPTION_V1
USR02296,61,50_plus,STABLE_GROWTH,DC_NEGLECT,MOCK,KIRI_2025_20|ASSUMPTION_V1
USR02297,37,30s,BALANCED,OVERLAP_RISK,MOCK,KIRI_2025_20|ASSUMPTION_V1
USR02298,46,40s,BALANCED,TAX_BENEFIT_IDLE,MOCK,KIRI_2025_20|ASSUMPTION_V1
USR02299,41,40s,STABLE_GROWTH,TAX_BENEFIT_IDLE,MOCK,KIRI_2025_20|ASSUMPTION_V1
USR02300,50,50_plus,STABLE_GROWTH,OVERLAP_RISK,MOCK,KIRI_2025_20|ASSUMPTION_V1
USR02301,55,50_plus,GROWTH,TAX_BENEFIT_IDLE,MOCK,KIRI_2025_20|ASSUMPTION_V1
USR02302,20,20s,STABLE_GROWTH,TAX_BENEFIT_IDLE,MOCK,KIRI_2025_20|ASSUMPTION_V1
USR02303,51,50_plus,AGGRESSIVE,TAX_BENEFIT_IDLE,MOCK,KIRI_2025_20|ASSUMPTION_V1
USR02304,64,50_plus,STABLE_GROWTH,TAX_BENEFIT_IDLE,MOCK,KIRI_2025_20|ASSUMPTION_V1
USR02305,32,30s,GROWTH,TAX_BENEFIT_IDLE,MOCK,KIRI_2025_20|ASSUMPTION_V1
USR02306,32,30s,BALANCED,OVERLAP_RISK,MOCK,KIRI_2025_20|ASSUMPTION_V1
USR02307,49,40s,STABLE_GROWTH,TAX_BENEFIT_IDLE,MOCK,KIRI_2025_20|ASSUMPTION_V1
USR02308,64,50_plus,BALANCED,TAX_BENEFIT_IDLE,MOCK,KIRI_2025_20|ASSUMPTION_V1
USR02309,55,50_plus,CONSERVATIVE,DC_NEGLECT,MOCK,KIRI_2025_20|ASSUMPTION_V1
USR02310,40,40s,STABLE_GROWTH,DC_NEGLECT,MOCK,KIRI_2025_20|ASSUMPTION_V1
USR02311,59,50_plus,GROWTH,DC_NEGLECT,MOCK,KIRI_2025_20|ASSUMPTION_V1
USR02312,48,40s,STABLE_GROWTH,OVERLAP_RISK,MOCK,KIRI_2025_20|ASSUMPTION_V1
USR02313,20,20s,GROWTH,TAX_BENEFIT_IDLE,MOCK,KIRI_2025_20|ASSUMPTION_V1
USR02314,44,40s,BALANCED,DC_NEGLECT,MOCK,KIRI_2025_20|ASSUMPTION_V1
USR02315,35,30s,BALANCED,DC_NEGLECT,MOCK,KIRI_2025_20|ASSUMPTION_V1
USR02316,35,30s,GROWTH,TAX_BENEFIT_IDLE,MOCK,KIRI_2025_20|ASSUMPTION_V1
USR02317,48,40s,BALANCED,DC_NEGLECT,MOCK,KIRI_2025_20|ASSUMPTION_V1
USR02318,40,40s,STABLE_GROWTH,DC_NEGLECT,MOCK,KIRI_2025_20|ASSUMPTION_V1
USR02319,47,40s,STABLE_GROWTH,OVERLAP_RISK,MOCK,KIRI_2025_20|ASSUMPTION_V1
USR02320,22,20s,BALANCED,DC_NEGLECT,MOCK,KIRI_2025_20|ASSUMPTION_V1
USR02321,34,30s,STABLE_GROWTH,OVERLAP_RISK,MOCK,KIRI_2025_20|ASSUMPTION_V1
USR02322,60,50_plus,STABLE_GROWTH,TAX_BENEFIT_IDLE,MOCK,KIRI_2025_20|ASSUMPTION_V1
USR02323,43,40s,BALANCED,TAX_BENEFIT_IDLE,MOCK,KIRI_2025_20|ASSUMPTION_V1
USR02324,50,50_plus,BALANCED,OVERLAP_RISK,MOCK,KIRI_2025_20|ASSUMPTION_V1
USR02325,46,40s,STABLE_GROWTH,DC_NEGLECT,MOCK,KIRI_2025_20|ASSUMPTION_V1
USR02326,44,40s,STABLE_GROWTH,DC_NEGLECT,MOCK,KIRI_2025_20|ASSUMPTION_V1
USR02327,44,40s,BALANCED,DC_NEGLECT,MOCK,KIRI_2025_20|ASSUMPTION_V1
USR02328,60,50_plus,STABLE_GROWTH,TAX_BENEFIT_IDLE,MOCK,KIRI_2025_20|ASSUMPTION_V1
USR02329,42,40s,GROWTH,DC_NEGLECT,MOCK,KIRI_2025_20|ASSUMPTION_V1
USR02330,33,30s,STABLE_GROWTH,DC_NEGLECT,MOCK,KIRI_2025_20|ASSUMPTION_V1
USR02331,63,50_plus,GROWTH,TAX_BENEFIT_IDLE,MOCK,KIRI_2025_20|ASSUMPTION_V1
USR02332,24,20s,STABLE_GROWTH,DC_NEGLECT,MOCK,KIRI_2025_20|ASSUMPTION_V1
USR02333,47,40s,AGGRESSIVE,OVERLAP_RISK,MOCK,KIRI_2025_20|ASSUMPTION_V1
USR02334,32,30s,GROWTH,DC_NEGLECT,MOCK,KIRI_2025_20|ASSUMPTION_V1
USR02335,47,40s,GROWTH,TAX_BENEFIT_IDLE,MOCK,KIRI_2025_20|ASSUMPTION_V1
USR02336,34,30s,CONSERVATIVE,OVERLAP_RISK,MOCK,KIRI_2025_20|ASSUMPTION_V1
USR02337,32,30s,GROWTH,DC_NEGLECT,MOCK,KIRI_2025_20|ASSUMPTION_V1
USR02338,51,50_plus,CONSERVATIVE,TAX_BENEFIT_IDLE,MOCK,KIRI_2025_20|ASSUMPTION_V1
USR02339,30,30s,STABLE_GROWTH,DC_NEGLECT,MOCK,KIRI_2025_20|ASSUMPTION_V1
USR02340,59,50_plus,STABLE_GROWTH,OVERLAP_RISK,MOCK,KIRI_2025_20|ASSUMPTION_V1
USR02341,42,40s,CONSERVATIVE,TAX_BENEFIT_IDLE,MOCK,KIRI_2025_20|ASSUMPTION_V1
USR02342,40,40s,STABLE_GROWTH,OVERLAP_RISK,MOCK,KIRI_2025_20|ASSUMPTION_V1
USR02343,42,40s,BALANCED,DC_NEGLECT,MOCK,KIRI_2025_20|ASSUMPTION_V1
USR02344,28,20s,GROWTH,TAX_BENEFIT_IDLE,MOCK,KIRI_2025_20|ASSUMPTION_V1
USR02345,47,40s,BALANCED,OVERLAP_RISK,MOCK,KIRI_2025_20|ASSUMPTION_V1
USR02346,64,50_plus,BALANCED,OVERLAP_RISK,MOCK,KIRI_2025_20|ASSUMPTION_V1
USR02347,21,20s,STABLE_GROWTH,TAX_BENEFIT_IDLE,MOCK,KIRI_2025_20|ASSUMPTION_V1
USR02348,64,50_plus,CONSERVATIVE,DC_NEGLECT,MOCK,KIRI_2025_20|ASSUMPTION_V1
USR02349,25,20s,STABLE_GROWTH,DC_NEGLECT,MOCK,KIRI_2025_20|ASSUMPTION_V1
USR02350,48,40s,CONSERVATIVE,OVERLAP_RISK,MOCK,KIRI_2025_20|ASSUMPTION_V1
USR02351,58,50_plus,STABLE_GROWTH,TAX_BENEFIT_IDLE,MOCK,KIRI_2025_20|ASSUMPTION_V1
USR02352,58,50_plus,STABLE_GROWTH,DC_NEGLECT,MOCK,KIRI_2025_20|ASSUMPTION_V1
USR02353,34,30s,CONSERVATIVE,DC_NEGLECT,MOCK,KIRI_2025_20|ASSUMPTION_V1
USR02354,37,30s,STABLE_GROWTH,TAX_BENEFIT_IDLE,MOCK,KIRI_2025_20|ASSUMPTION_V1
USR02355,50,50_plus,AGGRESSIVE,DC_NEGLECT,MOCK,KIRI_2025_20|ASSUMPTION_V1
USR02356,41,40s,CONSERVATIVE,DC_NEGLECT,MOCK,KIRI_2025_20|ASSUMPTION_V1
USR02357,46,40s,STABLE_GROWTH,DC_NEGLECT,MOCK,KIRI_2025_20|ASSUMPTION_V1
USR02358,32,30s,AGGRESSIVE,OVERLAP_RISK,MOCK,KIRI_2025_20|ASSUMPTION_V1
USR02359,53,50_plus,STABLE_GROWTH,DC_NEGLECT,MOCK,KIRI_2025_20|ASSUMPTION_V1
USR02360,39,30s,BALANCED,TAX_BENEFIT_IDLE,MOCK,KIRI_2025_20|ASSUMPTION_V1
USR02361,55,50_plus,BALANCED,TAX_BENEFIT_IDLE,MOCK,KIRI_2025_20|ASSUMPTION_V1
USR02362,37,30s,BALANCED,DC_NEGLECT,MOCK,KIRI_2025_20|ASSUMPTION_V1
USR02363,60,50_plus,BALANCED,DC_NEGLECT,MOCK,KIRI_2025_20|ASSUMPTION_V1
USR02364,40,40s,GROWTH,OVERLAP_RISK,MOCK,KIRI_2025_20|ASSUMPTION_V1
USR02365,62,50_plus,STABLE_GROWTH,DC_NEGLECT,MOCK,KIRI_2025_20|ASSUMPTION_V1
USR02366,53,50_plus,CONSERVATIVE,TAX_BENEFIT_IDLE,MOCK,KIRI_2025_20|ASSUMPTION_V1
USR02367,50,50_plus,STABLE_GROWTH,TAX_BENEFIT_IDLE,MOCK,KIRI_2025_20|ASSUMPTION_V1
USR02368,35,30s,STABLE_GROWTH,TAX_BENEFIT_IDLE,MOCK,KIRI_2025_20|ASSUMPTION_V1
USR02369,38,30s,BALANCED,DC_NEGLECT,MOCK,KIRI_2025_20|ASSUMPTION_V1
USR02370,46,40s,BALANCED,OVERLAP_RISK,MOCK,KIRI_2025_20|ASSUMPTION_V1
USR02371,35,30s,CONSERVATIVE,DC_NEGLECT,MOCK,KIRI_2025_20|ASSUMPTION_V1
USR02372,38,30s,BALANCED,TAX_BENEFIT_IDLE,MOCK,KIRI_2025_20|ASSUMPTION_V1
USR02373,45,40s,STABLE_GROWTH,DC_NEGLECT,MOCK,KIRI_2025_20|ASSUMPTION_V1
USR02374,32,30s,STABLE_GROWTH,OVERLAP_RISK,MOCK,KIRI_2025_20|ASSUMPTION_V1
USR02375,62,50_plus,CONSERVATIVE,TAX_BENEFIT_IDLE,MOCK,KIRI_2025_20|ASSUMPTION_V1
USR02376,52,50_plus,CONSERVATIVE,DC_NEGLECT,MOCK,KIRI_2025_20|ASSUMPTION_V1
USR02377,58,50_plus,STABLE_GROWTH,TAX_BENEFIT_IDLE,MOCK,KIRI_2025_20|ASSUMPTION_V1
USR02378,34,30s,BALANCED,TAX_BENEFIT_IDLE,MOCK,KIRI_2025_20|ASSUMPTION_V1
USR02379,28,20s,BALANCED,DC_NEGLECT,MOCK,KIRI_2025_20|ASSUMPTION_V1
USR02380,58,50_plus,AGGRESSIVE,TAX_BENEFIT_IDLE,MOCK,KIRI_2025_20|ASSUMPTION_V1
USR02381,51,50_plus,CONSERVATIVE,OVERLAP_RISK,MOCK,KIRI_2025_20|ASSUMPTION_V1
USR02382,40,40s,CONSERVATIVE,DC_NEGLECT,MOCK,KIRI_2025_20|ASSUMPTION_V1
USR02383,45,40s,BALANCED,DC_NEGLECT,MOCK,KIRI_2025_20|ASSUMPTION_V1
USR02384,46,40s,STABLE_GROWTH,TAX_BENEFIT_IDLE,MOCK,KIRI_2025_20|ASSUMPTION_V1
USR02385,40,40s,CONSERVATIVE,DC_NEGLECT,MOCK,KIRI_2025_20|ASSUMPTION_V1
USR02386,47,40s,CONSERVATIVE,OVERLAP_RISK,MOCK,KIRI_2025_20|ASSUMPTION_V1
USR02387,34,30s,GROWTH,OVERLAP_RISK,MOCK,KIRI_2025_20|ASSUMPTION_V1
USR02388,26,20s,BALANCED,TAX_BENEFIT_IDLE,MOCK,KIRI_2025_20|ASSUMPTION_V1
USR02389,32,30s,GROWTH,TAX_BENEFIT_IDLE,MOCK,KIRI_2025_20|ASSUMPTION_V1
USR02390,31,30s,BALANCED,DC_NEGLECT,MOCK,KIRI_2025_20|ASSUMPTION_V1
USR02391,50,50_plus,CONSERVATIVE,DC_NEGLECT,MOCK,KIRI_2025_20|ASSUMPTION_V1
USR02392,42,40s,CONSERVATIVE,TAX_BENEFIT_IDLE,MOCK,KIRI_2025_20|ASSUMPTION_V1
USR02393,33,30s,CONSERVATIVE,DC_NEGLECT,MOCK,KIRI_2025_20|ASSUMPTION_V1
USR02394,36,30s,CONSERVATIVE,OVERLAP_RISK,MOCK,KIRI_2025_20|ASSUMPTION_V1
USR02395,46,40s,CONSERVATIVE,DC_NEGLECT,MOCK,KIRI_2025_20|ASSUMPTION_V1
USR02396,44,40s,BALANCED,OVERLAP_RISK,MOCK,KIRI_2025_20|ASSUMPTION_V1
USR02397,59,50_plus,BALANCED,TAX_BENEFIT_IDLE,MOCK,KIRI_2025_20|ASSUMPTION_V1
USR02398,30,30s,STABLE_GROWTH,TAX_BENEFIT_IDLE,MOCK,KIRI_2025_20|ASSUMPTION_V1
USR02399,49,40s,BALANCED,DC_NEGLECT,MOCK,KIRI_2025_20|ASSUMPTION_V1
USR02400,27,20s,AGGRESSIVE,TAX_BENEFIT_IDLE,MOCK,KIRI_2025_20|ASSUMPTION_V1
USR02401,50,50_plus,GROWTH,DC_NEGLECT,MOCK,KIRI_2025_20|ASSUMPTION_V1
USR02402,42,40s,STABLE_GROWTH,DC_NEGLECT,MOCK,KIRI_2025_20|ASSUMPTION_V1
USR02403,39,30s,CONSERVATIVE,TAX_BENEFIT_IDLE,MOCK,KIRI_2025_20|ASSUMPTION_V1
USR02404,36,30s,STABLE_GROWTH,TAX_BENEFIT_IDLE,MOCK,KIRI_2025_20|ASSUMPTION_V1
USR02405,22,20s,STABLE_GROWTH,OVERLAP_RISK,MOCK,KIRI_2025_20|ASSUMPTION_V1
USR02406,62,50_plus,STABLE_GROWTH,OVERLAP_RISK,MOCK,KIRI_2025_20|ASSUMPTION_V1
USR02407,29,20s,BALANCED,TAX_BENEFIT_IDLE,MOCK,KIRI_2025_20|ASSUMPTION_V1
USR02408,50,50_plus,CONSERVATIVE,DC_NEGLECT,MOCK,KIRI_2025_20|ASSUMPTION_V1
USR02409,44,40s,CONSERVATIVE,TAX_BENEFIT_IDLE,MOCK,KIRI_2025_20|ASSUMPTION_V1
USR02410,52,50_plus,GROWTH,OVERLAP_RISK,MOCK,KIRI_2025_20|ASSUMPTION_V1
USR02411,27,20s,CONSERVATIVE,DC_NEGLECT,MOCK,KIRI_2025_20|ASSUMPTION_V1
USR02412,35,30s,CONSERVATIVE,TAX_BENEFIT_IDLE,MOCK,KIRI_2025_20|ASSUMPTION_V1
USR02413,31,30s,CONSERVATIVE,DC_NEGLECT,MOCK,KIRI_2025_20|ASSUMPTION_V1
USR02414,22,20s,GROWTH,TAX_BENEFIT_IDLE,MOCK,KIRI_2025_20|ASSUMPTION_V1
USR02415,36,30s,STABLE_GROWTH,OVERLAP_RISK,MOCK,KIRI_2025_20|ASSUMPTION_V1
USR02416,41,40s,CONSERVATIVE,DC_NEGLECT,MOCK,KIRI_2025_20|ASSUMPTION_V1
USR02417,63,50_plus,STABLE_GROWTH,DC_NEGLECT,MOCK,KIRI_2025_20|ASSUMPTION_V1
USR02418,40,40s,CONSERVATIVE,TAX_BENEFIT_IDLE,MOCK,KIRI_2025_20|ASSUMPTION_V1
USR02419,38,30s,AGGRESSIVE,OVERLAP_RISK,MOCK,KIRI_2025_20|ASSUMPTION_V1
USR02420,42,40s,BALANCED,DC_NEGLECT,MOCK,KIRI_2025_20|ASSUMPTION_V1
USR02421,33,30s,GROWTH,TAX_BENEFIT_IDLE,MOCK,KIRI_2025_20|ASSUMPTION_V1
USR02422,50,50_plus,GROWTH,DC_NEGLECT,MOCK,KIRI_2025_20|ASSUMPTION_V1
USR02423,44,40s,CONSERVATIVE,OVERLAP_RISK,MOCK,KIRI_2025_20|ASSUMPTION_V1
USR02424,24,20s,BALANCED,TAX_BENEFIT_IDLE,MOCK,KIRI_2025_20|ASSUMPTION_V1
USR02425,63,50_plus,STABLE_GROWTH,OVERLAP_RISK,MOCK,KIRI_2025_20|ASSUMPTION_V1
USR02426,31,30s,CONSERVATIVE,TAX_BENEFIT_IDLE,MOCK,KIRI_2025_20|ASSUMPTION_V1
USR02427,28,20s,GROWTH,DC_NEGLECT,MOCK,KIRI_2025_20|ASSUMPTION_V1
USR02428,62,50_plus,CONSERVATIVE,OVERLAP_RISK,MOCK,KIRI_2025_20|ASSUMPTION_V1
USR02429,46,40s,STABLE_GROWTH,TAX_BENEFIT_IDLE,MOCK,KIRI_2025_20|ASSUMPTION_V1
USR02430,52,50_plus,GROWTH,TAX_BENEFIT_IDLE,MOCK,KIRI_2025_20|ASSUMPTION_V1
USR02431,44,40s,STABLE_GROWTH,DC_NEGLECT,MOCK,KIRI_2025_20|ASSUMPTION_V1
USR02432,38,30s,BALANCED,DC_NEGLECT,MOCK,KIRI_2025_20|ASSUMPTION_V1
USR02433,38,30s,BALANCED,TAX_BENEFIT_IDLE,MOCK,KIRI_2025_20|ASSUMPTION_V1
USR02434,62,50_plus,STABLE_GROWTH,TAX_BENEFIT_IDLE,MOCK,KIRI_2025_20|ASSUMPTION_V1
USR02435,49,40s,CONSERVATIVE,OVERLAP_RISK,MOCK,KIRI_2025_20|ASSUMPTION_V1
USR02436,58,50_plus,CONSERVATIVE,OVERLAP_RISK,MOCK,KIRI_2025_20|ASSUMPTION_V1
USR02437,41,40s,GROWTH,OVERLAP_RISK,MOCK,KIRI_2025_20|ASSUMPTION_V1
USR02438,38,30s,GROWTH,OVERLAP_RISK,MOCK,KIRI_2025_20|ASSUMPTION_V1
USR02439,31,30s,STABLE_GROWTH,TAX_BENEFIT_IDLE,MOCK,KIRI_2025_20|ASSUMPTION_V1
USR02440,28,20s,AGGRESSIVE,TAX_BENEFIT_IDLE,MOCK,KIRI_2025_20|ASSUMPTION_V1
USR02441,22,20s,BALANCED,OVERLAP_RISK,MOCK,KIRI_2025_20|ASSUMPTION_V1
USR02442,42,40s,STABLE_GROWTH,TAX_BENEFIT_IDLE,MOCK,KIRI_2025_20|ASSUMPTION_V1
USR02443,26,20s,GROWTH,DC_NEGLECT,MOCK,KIRI_2025_20|ASSUMPTION_V1
USR02444,35,30s,BALANCED,OVERLAP_RISK,MOCK,KIRI_2025_20|ASSUMPTION_V1
USR02445,37,30s,STABLE_GROWTH,OVERLAP_RISK,MOCK,KIRI_2025_20|ASSUMPTION_V1
USR02446,59,50_plus,GROWTH,DC_NEGLECT,MOCK,KIRI_2025_20|ASSUMPTION_V1
USR02447,48,40s,BALANCED,TAX_BENEFIT_IDLE,MOCK,KIRI_2025_20|ASSUMPTION_V1
USR02448,39,30s,STABLE_GROWTH,OVERLAP_RISK,MOCK,KIRI_2025_20|ASSUMPTION_V1
USR02449,55,50_plus,CONSERVATIVE,OVERLAP_RISK,MOCK,KIRI_2025_20|ASSUMPTION_V1
USR02450,53,50_plus,BALANCED,DC_NEGLECT,MOCK,KIRI_2025_20|ASSUMPTION_V1
USR02451,60,50_plus,STABLE_GROWTH,DC_NEGLECT,MOCK,KIRI_2025_20|ASSUMPTION_V1
USR02452,59,50_plus,GROWTH,DC_NEGLECT,MOCK,KIRI_2025_20|ASSUMPTION_V1
USR02453,30,30s,STABLE_GROWTH,TAX_BENEFIT_IDLE,MOCK,KIRI_2025_20|ASSUMPTION_V1
USR02454,34,30s,CONSERVATIVE,DC_NEGLECT,MOCK,KIRI_2025_20|ASSUMPTION_V1
USR02455,44,40s,STABLE_GROWTH,OVERLAP_RISK,MOCK,KIRI_2025_20|ASSUMPTION_V1
USR02456,40,40s,GROWTH,TAX_BENEFIT_IDLE,MOCK,KIRI_2025_20|ASSUMPTION_V1
USR02457,62,50_plus,CONSERVATIVE,OVERLAP_RISK,MOCK,KIRI_2025_20|ASSUMPTION_V1
USR02458,36,30s,CONSERVATIVE,OVERLAP_RISK,MOCK,KIRI_2025_20|ASSUMPTION_V1
USR02459,52,50_plus,STABLE_GROWTH,DC_NEGLECT,MOCK,KIRI_2025_20|ASSUMPTION_V1
USR02460,60,50_plus,STABLE_GROWTH,TAX_BENEFIT_IDLE,MOCK,KIRI_2025_20|ASSUMPTION_V1
USR02461,36,30s,STABLE_GROWTH,OVERLAP_RISK,MOCK,KIRI_2025_20|ASSUMPTION_V1
USR02462,33,30s,STABLE_GROWTH,OVERLAP_RISK,MOCK,KIRI_2025_20|ASSUMPTION_V1
USR02463,25,20s,STABLE_GROWTH,DC_NEGLECT,MOCK,KIRI_2025_20|ASSUMPTION_V1
USR02464,48,40s,BALANCED,OVERLAP_RISK,MOCK,KIRI_2025_20|ASSUMPTION_V1
USR02465,36,30s,GROWTH,DC_NEGLECT,MOCK,KIRI_2025_20|ASSUMPTION_V1
USR02466,55,50_plus,BALANCED,OVERLAP_RISK,MOCK,KIRI_2025_20|ASSUMPTION_V1
USR02467,44,40s,BALANCED,DC_NEGLECT,MOCK,KIRI_2025_20|ASSUMPTION_V1
USR02468,43,40s,STABLE_GROWTH,TAX_BENEFIT_IDLE,MOCK,KIRI_2025_20|ASSUMPTION_V1
USR02469,59,50_plus,GROWTH,OVERLAP_RISK,MOCK,KIRI_2025_20|ASSUMPTION_V1
USR02470,62,50_plus,BALANCED,OVERLAP_RISK,MOCK,KIRI_2025_20|ASSUMPTION_V1
USR02471,47,40s,GROWTH,OVERLAP_RISK,MOCK,KIRI_2025_20|ASSUMPTION_V1
USR02472,39,30s,BALANCED,OVERLAP_RISK,MOCK,KIRI_2025_20|ASSUMPTION_V1
USR02473,45,40s,BALANCED,TAX_BENEFIT_IDLE,MOCK,KIRI_2025_20|ASSUMPTION_V1
USR02474,39,30s,GROWTH,DC_NEGLECT,MOCK,KIRI_2025_20|ASSUMPTION_V1
USR02475,31,30s,BALANCED,OVERLAP_RISK,MOCK,KIRI_2025_20|ASSUMPTION_V1
USR02476,20,20s,BALANCED,DC_NEGLECT,MOCK,KIRI_2025_20|ASSUMPTION_V1
USR02477,62,50_plus,STABLE_GROWTH,DC_NEGLECT,MOCK,KIRI_2025_20|ASSUMPTION_V1
USR02478,49,40s,CONSERVATIVE,OVERLAP_RISK,MOCK,KIRI_2025_20|ASSUMPTION_V1
USR02479,42,40s,BALANCED,TAX_BENEFIT_IDLE,MOCK,KIRI_2025_20|ASSUMPTION_V1
USR02480,42,40s,AGGRESSIVE,OVERLAP_RISK,MOCK,KIRI_2025_20|ASSUMPTION_V1
USR02481,42,40s,CONSERVATIVE,OVERLAP_RISK,MOCK,KIRI_2025_20|ASSUMPTION_V1
USR02482,64,50_plus,STABLE_GROWTH,DC_NEGLECT,MOCK,KIRI_2025_20|ASSUMPTION_V1
USR02483,29,20s,GROWTH,DC_NEGLECT,MOCK,KIRI_2025_20|ASSUMPTION_V1
USR02484,40,40s,STABLE_GROWTH,DC_NEGLECT,MOCK,KIRI_2025_20|ASSUMPTION_V1
USR02485,32,30s,STABLE_GROWTH,OVERLAP_RISK,MOCK,KIRI_2025_20|ASSUMPTION_V1
USR02486,58,50_plus,GROWTH,OVERLAP_RISK,MOCK,KIRI_2025_20|ASSUMPTION_V1
USR02487,29,20s,BALANCED,TAX_BENEFIT_IDLE,MOCK,KIRI_2025_20|ASSUMPTION_V1
USR02488,45,40s,AGGRESSIVE,OVERLAP_RISK,MOCK,KIRI_2025_20|ASSUMPTION_V1
USR02489,21,20s,GROWTH,TAX_BENEFIT_IDLE,MOCK,KIRI_2025_20|ASSUMPTION_V1
USR02490,41,40s,CONSERVATIVE,TAX_BENEFIT_IDLE,MOCK,KIRI_2025_20|ASSUMPTION_V1
USR02491,22,20s,AGGRESSIVE,OVERLAP_RISK,MOCK,KIRI_2025_20|ASSUMPTION_V1
USR02492,40,40s,STABLE_GROWTH,DC_NEGLECT,MOCK,KIRI_2025_20|ASSUMPTION_V1
USR02493,56,50_plus,BALANCED,DC_NEGLECT,MOCK,KIRI_2025_20|ASSUMPTION_V1
USR02494,50,50_plus,CONSERVATIVE,TAX_BENEFIT_IDLE,MOCK,KIRI_2025_20|ASSUMPTION_V1
USR02495,49,40s,BALANCED,OVERLAP_RISK,MOCK,KIRI_2025_20|ASSUMPTION_V1
USR02496,37,30s,BALANCED,TAX_BENEFIT_IDLE,MOCK,KIRI_2025_20|ASSUMPTION_V1
USR02497,33,30s,GROWTH,OVERLAP_RISK,MOCK,KIRI_2025_20|ASSUMPTION_V1
USR02498,38,30s,CONSERVATIVE,DC_NEGLECT,MOCK,KIRI_2025_20|ASSUMPTION_V1
USR02499,39,30s,BALANCED,TAX_BENEFIT_IDLE,MOCK,KIRI_2025_20|ASSUMPTION_V1
USR02500,54,50_plus,BALANCED,DC_NEGLECT,MOCK,KIRI_2025_20|ASSUMPTION_V1
USR02501,28,20s,BALANCED,DC_NEGLECT,MOCK,KIRI_2025_20|ASSUMPTION_V1
USR02502,36,30s,BALANCED,OVERLAP_RISK,MOCK,KIRI_2025_20|ASSUMPTION_V1
USR02503,40,40s,BALANCED,DC_NEGLECT,MOCK,KIRI_2025_20|ASSUMPTION_V1
USR02504,61,50_plus,CONSERVATIVE,OVERLAP_RISK,MOCK,KIRI_2025_20|ASSUMPTION_V1
USR02505,27,20s,AGGRESSIVE,OVERLAP_RISK,MOCK,KIRI_2025_20|ASSUMPTION_V1
USR02506,48,40s,CONSERVATIVE,DC_NEGLECT,MOCK,KIRI_2025_20|ASSUMPTION_V1
USR02507,48,40s,GROWTH,DC_NEGLECT,MOCK,KIRI_2025_20|ASSUMPTION_V1
USR02508,42,40s,BALANCED,DC_NEGLECT,MOCK,KIRI_2025_20|ASSUMPTION_V1
USR02509,38,30s,STABLE_GROWTH,OVERLAP_RISK,MOCK,KIRI_2025_20|ASSUMPTION_V1
USR02510,49,40s,CONSERVATIVE,DC_NEGLECT,MOCK,KIRI_2025_20|ASSUMPTION_V1
USR02511,33,30s,STABLE_GROWTH,TAX_BENEFIT_IDLE,MOCK,KIRI_2025_20|ASSUMPTION_V1
USR02512,20,20s,STABLE_GROWTH,TAX_BENEFIT_IDLE,MOCK,KIRI_2025_20|ASSUMPTION_V1
USR02513,34,30s,BALANCED,OVERLAP_RISK,MOCK,KIRI_2025_20|ASSUMPTION_V1
USR02514,32,30s,STABLE_GROWTH,DC_NEGLECT,MOCK,KIRI_2025_20|ASSUMPTION_V1
USR02515,24,20s,BALANCED,DC_NEGLECT,MOCK,KIRI_2025_20|ASSUMPTION_V1
USR02516,62,50_plus,GROWTH,DC_NEGLECT,MOCK,KIRI_2025_20|ASSUMPTION_V1
USR02517,40,40s,AGGRESSIVE,DC_NEGLECT,MOCK,KIRI_2025_20|ASSUMPTION_V1
USR02518,31,30s,CONSERVATIVE,OVERLAP_RISK,MOCK,KIRI_2025_20|ASSUMPTION_V1
USR02519,31,30s,CONSERVATIVE,TAX_BENEFIT_IDLE,MOCK,KIRI_2025_20|ASSUMPTION_V1
USR02520,60,50_plus,STABLE_GROWTH,OVERLAP_RISK,MOCK,KIRI_2025_20|ASSUMPTION_V1
USR02521,31,30s,GROWTH,TAX_BENEFIT_IDLE,MOCK,KIRI_2025_20|ASSUMPTION_V1
USR02522,53,50_plus,CONSERVATIVE,DC_NEGLECT,MOCK,KIRI_2025_20|ASSUMPTION_V1
USR02523,47,40s,BALANCED,DC_NEGLECT,MOCK,KIRI_2025_20|ASSUMPTION_V1
USR02524,32,30s,BALANCED,OVERLAP_RISK,MOCK,KIRI_2025_20|ASSUMPTION_V1
USR02525,42,40s,BALANCED,DC_NEGLECT,MOCK,KIRI_2025_20|ASSUMPTION_V1
USR02526,47,40s,STABLE_GROWTH,DC_NEGLECT,MOCK,KIRI_2025_20|ASSUMPTION_V1
USR02527,28,20s,GROWTH,TAX_BENEFIT_IDLE,MOCK,KIRI_2025_20|ASSUMPTION_V1
USR02528,42,40s,CONSERVATIVE,DC_NEGLECT,MOCK,KIRI_2025_20|ASSUMPTION_V1
USR02529,32,30s,GROWTH,DC_NEGLECT,MOCK,KIRI_2025_20|ASSUMPTION_V1
USR02530,45,40s,STABLE_GROWTH,DC_NEGLECT,MOCK,KIRI_2025_20|ASSUMPTION_V1
USR02531,45,40s,CONSERVATIVE,OVERLAP_RISK,MOCK,KIRI_2025_20|ASSUMPTION_V1
USR02532,41,40s,CONSERVATIVE,DC_NEGLECT,MOCK,KIRI_2025_20|ASSUMPTION_V1
USR02533,54,50_plus,GROWTH,TAX_BENEFIT_IDLE,MOCK,KIRI_2025_20|ASSUMPTION_V1
USR02534,32,30s,BALANCED,OVERLAP_RISK,MOCK,KIRI_2025_20|ASSUMPTION_V1
USR02535,39,30s,STABLE_GROWTH,DC_NEGLECT,MOCK,KIRI_2025_20|ASSUMPTION_V1
USR02536,30,30s,STABLE_GROWTH,OVERLAP_RISK,MOCK,KIRI_2025_20|ASSUMPTION_V1
USR02537,40,40s,CONSERVATIVE,OVERLAP_RISK,MOCK,KIRI_2025_20|ASSUMPTION_V1
USR02538,56,50_plus,CONSERVATIVE,OVERLAP_RISK,MOCK,KIRI_2025_20|ASSUMPTION_V1
USR02539,44,40s,GROWTH,OVERLAP_RISK,MOCK,KIRI_2025_20|ASSUMPTION_V1
USR02540,45,40s,BALANCED,DC_NEGLECT,MOCK,KIRI_2025_20|ASSUMPTION_V1
USR02541,49,40s,BALANCED,DC_NEGLECT,MOCK,KIRI_2025_20|ASSUMPTION_V1
USR02542,59,50_plus,CONSERVATIVE,TAX_BENEFIT_IDLE,MOCK,KIRI_2025_20|ASSUMPTION_V1
USR02543,36,30s,GROWTH,DC_NEGLECT,MOCK,KIRI_2025_20|ASSUMPTION_V1
USR02544,36,30s,STABLE_GROWTH,OVERLAP_RISK,MOCK,KIRI_2025_20|ASSUMPTION_V1
USR02545,61,50_plus,BALANCED,DC_NEGLECT,MOCK,KIRI_2025_20|ASSUMPTION_V1
USR02546,27,20s,GROWTH,TAX_BENEFIT_IDLE,MOCK,KIRI_2025_20|ASSUMPTION_V1
USR02547,38,30s,BALANCED,TAX_BENEFIT_IDLE,MOCK,KIRI_2025_20|ASSUMPTION_V1
USR02548,33,30s,CONSERVATIVE,OVERLAP_RISK,MOCK,KIRI_2025_20|ASSUMPTION_V1
USR02549,41,40s,CONSERVATIVE,OVERLAP_RISK,MOCK,KIRI_2025_20|ASSUMPTION_V1
USR02550,41,40s,STABLE_GROWTH,TAX_BENEFIT_IDLE,MOCK,KIRI_2025_20|ASSUMPTION_V1
USR02551,23,20s,STABLE_GROWTH,OVERLAP_RISK,MOCK,KIRI_2025_20|ASSUMPTION_V1
USR02552,34,30s,GROWTH,DC_NEGLECT,MOCK,KIRI_2025_20|ASSUMPTION_V1
USR02553,60,50_plus,STABLE_GROWTH,OVERLAP_RISK,MOCK,KIRI_2025_20|ASSUMPTION_V1
USR02554,38,30s,GROWTH,TAX_BENEFIT_IDLE,MOCK,KIRI_2025_20|ASSUMPTION_V1
USR02555,36,30s,CONSERVATIVE,TAX_BENEFIT_IDLE,MOCK,KIRI_2025_20|ASSUMPTION_V1
USR02556,53,50_plus,AGGRESSIVE,OVERLAP_RISK,MOCK,KIRI_2025_20|ASSUMPTION_V1
USR02557,36,30s,AGGRESSIVE,DC_NEGLECT,MOCK,KIRI_2025_20|ASSUMPTION_V1
USR02558,59,50_plus,CONSERVATIVE,OVERLAP_RISK,MOCK,KIRI_2025_20|ASSUMPTION_V1
USR02559,33,30s,BALANCED,DC_NEGLECT,MOCK,KIRI_2025_20|ASSUMPTION_V1
USR02560,49,40s,CONSERVATIVE,DC_NEGLECT,MOCK,KIRI_2025_20|ASSUMPTION_V1
USR02561,39,30s,CONSERVATIVE,TAX_BENEFIT_IDLE,MOCK,KIRI_2025_20|ASSUMPTION_V1
USR02562,33,30s,STABLE_GROWTH,DC_NEGLECT,MOCK,KIRI_2025_20|ASSUMPTION_V1
USR02563,21,20s,BALANCED,OVERLAP_RISK,MOCK,KIRI_2025_20|ASSUMPTION_V1
USR02564,59,50_plus,STABLE_GROWTH,OVERLAP_RISK,MOCK,KIRI_2025_20|ASSUMPTION_V1
USR02565,40,40s,CONSERVATIVE,DC_NEGLECT,MOCK,KIRI_2025_20|ASSUMPTION_V1
USR02566,37,30s,AGGRESSIVE,DC_NEGLECT,MOCK,KIRI_2025_20|ASSUMPTION_V1
USR02567,54,50_plus,GROWTH,OVERLAP_RISK,MOCK,KIRI_2025_20|ASSUMPTION_V1
USR02568,47,40s,AGGRESSIVE,DC_NEGLECT,MOCK,KIRI_2025_20|ASSUMPTION_V1
USR02569,60,50_plus,CONSERVATIVE,DC_NEGLECT,MOCK,KIRI_2025_20|ASSUMPTION_V1
USR02570,49,40s,BALANCED,DC_NEGLECT,MOCK,KIRI_2025_20|ASSUMPTION_V1
USR02571,56,50_plus,STABLE_GROWTH,DC_NEGLECT,MOCK,KIRI_2025_20|ASSUMPTION_V1
USR02572,42,40s,STABLE_GROWTH,DC_NEGLECT,MOCK,KIRI_2025_20|ASSUMPTION_V1
USR02573,55,50_plus,STABLE_GROWTH,DC_NEGLECT,MOCK,KIRI_2025_20|ASSUMPTION_V1
USR02574,40,40s,BALANCED,OVERLAP_RISK,MOCK,KIRI_2025_20|ASSUMPTION_V1
USR02575,51,50_plus,CONSERVATIVE,DC_NEGLECT,MOCK,KIRI_2025_20|ASSUMPTION_V1
USR02576,30,30s,BALANCED,DC_NEGLECT,MOCK,KIRI_2025_20|ASSUMPTION_V1
USR02577,37,30s,STABLE_GROWTH,OVERLAP_RISK,MOCK,KIRI_2025_20|ASSUMPTION_V1
USR02578,31,30s,BALANCED,OVERLAP_RISK,MOCK,KIRI_2025_20|ASSUMPTION_V1
USR02579,58,50_plus,CONSERVATIVE,DC_NEGLECT,MOCK,KIRI_2025_20|ASSUMPTION_V1
USR02580,41,40s,BALANCED,DC_NEGLECT,MOCK,KIRI_2025_20|ASSUMPTION_V1
USR02581,25,20s,AGGRESSIVE,OVERLAP_RISK,MOCK,KIRI_2025_20|ASSUMPTION_V1
USR02582,36,30s,STABLE_GROWTH,DC_NEGLECT,MOCK,KIRI_2025_20|ASSUMPTION_V1
USR02583,46,40s,CONSERVATIVE,DC_NEGLECT,MOCK,KIRI_2025_20|ASSUMPTION_V1
USR02584,43,40s,BALANCED,TAX_BENEFIT_IDLE,MOCK,KIRI_2025_20|ASSUMPTION_V1
USR02585,58,50_plus,BALANCED,TAX_BENEFIT_IDLE,MOCK,KIRI_2025_20|ASSUMPTION_V1
USR02586,21,20s,GROWTH,OVERLAP_RISK,MOCK,KIRI_2025_20|ASSUMPTION_V1
USR02587,50,50_plus,CONSERVATIVE,DC_NEGLECT,MOCK,KIRI_2025_20|ASSUMPTION_V1
USR02588,31,30s,GROWTH,TAX_BENEFIT_IDLE,MOCK,KIRI_2025_20|ASSUMPTION_V1
USR02589,21,20s,GROWTH,TAX_BENEFIT_IDLE,MOCK,KIRI_2025_20|ASSUMPTION_V1
USR02590,42,40s,BALANCED,OVERLAP_RISK,MOCK,KIRI_2025_20|ASSUMPTION_V1
USR02591,44,40s,BALANCED,DC_NEGLECT,MOCK,KIRI_2025_20|ASSUMPTION_V1
USR02592,29,20s,AGGRESSIVE,OVERLAP_RISK,MOCK,KIRI_2025_20|ASSUMPTION_V1
USR02593,49,40s,CONSERVATIVE,TAX_BENEFIT_IDLE,MOCK,KIRI_2025_20|ASSUMPTION_V1
USR02594,43,40s,GROWTH,OVERLAP_RISK,MOCK,KIRI_2025_20|ASSUMPTION_V1
USR02595,42,40s,GROWTH,TAX_BENEFIT_IDLE,MOCK,KIRI_2025_20|ASSUMPTION_V1
USR02596,32,30s,STABLE_GROWTH,OVERLAP_RISK,MOCK,KIRI_2025_20|ASSUMPTION_V1
USR02597,59,50_plus,BALANCED,TAX_BENEFIT_IDLE,MOCK,KIRI_2025_20|ASSUMPTION_V1
USR02598,42,40s,AGGRESSIVE,DC_NEGLECT,MOCK,KIRI_2025_20|ASSUMPTION_V1
USR02599,35,30s,STABLE_GROWTH,DC_NEGLECT,MOCK,KIRI_2025_20|ASSUMPTION_V1
USR02600,42,40s,STABLE_GROWTH,TAX_BENEFIT_IDLE,MOCK,KIRI_2025_20|ASSUMPTION_V1
USR02601,50,50_plus,GROWTH,OVERLAP_RISK,MOCK,KIRI_2025_20|ASSUMPTION_V1
USR02602,43,40s,STABLE_GROWTH,TAX_BENEFIT_IDLE,MOCK,KIRI_2025_20|ASSUMPTION_V1
USR02603,39,30s,BALANCED,TAX_BENEFIT_IDLE,MOCK,KIRI_2025_20|ASSUMPTION_V1
USR02604,50,50_plus,BALANCED,TAX_BENEFIT_IDLE,MOCK,KIRI_2025_20|ASSUMPTION_V1
USR02605,43,40s,BALANCED,DC_NEGLECT,MOCK,KIRI_2025_20|ASSUMPTION_V1
USR02606,40,40s,CONSERVATIVE,OVERLAP_RISK,MOCK,KIRI_2025_20|ASSUMPTION_V1
USR02607,31,30s,STABLE_GROWTH,DC_NEGLECT,MOCK,KIRI_2025_20|ASSUMPTION_V1
USR02608,27,20s,STABLE_GROWTH,TAX_BENEFIT_IDLE,MOCK,KIRI_2025_20|ASSUMPTION_V1
USR02609,30,30s,BALANCED,OVERLAP_RISK,MOCK,KIRI_2025_20|ASSUMPTION_V1
USR02610,37,30s,BALANCED,TAX_BENEFIT_IDLE,MOCK,KIRI_2025_20|ASSUMPTION_V1
USR02611,41,40s,GROWTH,TAX_BENEFIT_IDLE,MOCK,KIRI_2025_20|ASSUMPTION_V1
USR02612,49,40s,STABLE_GROWTH,TAX_BENEFIT_IDLE,MOCK,KIRI_2025_20|ASSUMPTION_V1
USR02613,20,20s,BALANCED,OVERLAP_RISK,MOCK,KIRI_2025_20|ASSUMPTION_V1
USR02614,44,40s,BALANCED,TAX_BENEFIT_IDLE,MOCK,KIRI_2025_20|ASSUMPTION_V1
USR02615,43,40s,STABLE_GROWTH,OVERLAP_RISK,MOCK,KIRI_2025_20|ASSUMPTION_V1
USR02616,57,50_plus,CONSERVATIVE,DC_NEGLECT,MOCK,KIRI_2025_20|ASSUMPTION_V1
USR02617,30,30s,BALANCED,OVERLAP_RISK,MOCK,KIRI_2025_20|ASSUMPTION_V1
USR02618,63,50_plus,STABLE_GROWTH,DC_NEGLECT,MOCK,KIRI_2025_20|ASSUMPTION_V1
USR02619,21,20s,STABLE_GROWTH,DC_NEGLECT,MOCK,KIRI_2025_20|ASSUMPTION_V1
USR02620,30,30s,GROWTH,TAX_BENEFIT_IDLE,MOCK,KIRI_2025_20|ASSUMPTION_V1
USR02621,45,40s,STABLE_GROWTH,DC_NEGLECT,MOCK,KIRI_2025_20|ASSUMPTION_V1
USR02622,44,40s,STABLE_GROWTH,DC_NEGLECT,MOCK,KIRI_2025_20|ASSUMPTION_V1
USR02623,40,40s,STABLE_GROWTH,DC_NEGLECT,MOCK,KIRI_2025_20|ASSUMPTION_V1
USR02624,32,30s,BALANCED,DC_NEGLECT,MOCK,KIRI_2025_20|ASSUMPTION_V1
USR02625,60,50_plus,STABLE_GROWTH,TAX_BENEFIT_IDLE,MOCK,KIRI_2025_20|ASSUMPTION_V1
USR02626,64,50_plus,CONSERVATIVE,DC_NEGLECT,MOCK,KIRI_2025_20|ASSUMPTION_V1
USR02627,44,40s,STABLE_GROWTH,DC_NEGLECT,MOCK,KIRI_2025_20|ASSUMPTION_V1
USR02628,46,40s,GROWTH,OVERLAP_RISK,MOCK,KIRI_2025_20|ASSUMPTION_V1
USR02629,36,30s,GROWTH,TAX_BENEFIT_IDLE,MOCK,KIRI_2025_20|ASSUMPTION_V1
USR02630,56,50_plus,STABLE_GROWTH,DC_NEGLECT,MOCK,KIRI_2025_20|ASSUMPTION_V1
USR02631,31,30s,STABLE_GROWTH,OVERLAP_RISK,MOCK,KIRI_2025_20|ASSUMPTION_V1
USR02632,55,50_plus,STABLE_GROWTH,DC_NEGLECT,MOCK,KIRI_2025_20|ASSUMPTION_V1
USR02633,25,20s,CONSERVATIVE,DC_NEGLECT,MOCK,KIRI_2025_20|ASSUMPTION_V1
USR02634,39,30s,BALANCED,OVERLAP_RISK,MOCK,KIRI_2025_20|ASSUMPTION_V1
USR02635,28,20s,BALANCED,DC_NEGLECT,MOCK,KIRI_2025_20|ASSUMPTION_V1
USR02636,35,30s,GROWTH,DC_NEGLECT,MOCK,KIRI_2025_20|ASSUMPTION_V1
USR02637,63,50_plus,STABLE_GROWTH,DC_NEGLECT,MOCK,KIRI_2025_20|ASSUMPTION_V1
USR02638,50,50_plus,STABLE_GROWTH,OVERLAP_RISK,MOCK,KIRI_2025_20|ASSUMPTION_V1
USR02639,47,40s,CONSERVATIVE,TAX_BENEFIT_IDLE,MOCK,KIRI_2025_20|ASSUMPTION_V1
USR02640,25,20s,BALANCED,TAX_BENEFIT_IDLE,MOCK,KIRI_2025_20|ASSUMPTION_V1
USR02641,40,40s,GROWTH,OVERLAP_RISK,MOCK,KIRI_2025_20|ASSUMPTION_V1
USR02642,31,30s,GROWTH,OVERLAP_RISK,MOCK,KIRI_2025_20|ASSUMPTION_V1
USR02643,41,40s,GROWTH,OVERLAP_RISK,MOCK,KIRI_2025_20|ASSUMPTION_V1
USR02644,38,30s,BALANCED,TAX_BENEFIT_IDLE,MOCK,KIRI_2025_20|ASSUMPTION_V1
USR02645,30,30s,GROWTH,DC_NEGLECT,MOCK,KIRI_2025_20|ASSUMPTION_V1
USR02646,56,50_plus,CONSERVATIVE,OVERLAP_RISK,MOCK,KIRI_2025_20|ASSUMPTION_V1
USR02647,30,30s,GROWTH,TAX_BENEFIT_IDLE,MOCK,KIRI_2025_20|ASSUMPTION_V1
USR02648,40,40s,STABLE_GROWTH,OVERLAP_RISK,MOCK,KIRI_2025_20|ASSUMPTION_V1
USR02649,60,50_plus,BALANCED,DC_NEGLECT,MOCK,KIRI_2025_20|ASSUMPTION_V1
USR02650,34,30s,STABLE_GROWTH,DC_NEGLECT,MOCK,KIRI_2025_20|ASSUMPTION_V1
USR02651,50,50_plus,GROWTH,DC_NEGLECT,MOCK,KIRI_2025_20|ASSUMPTION_V1
USR02652,37,30s,STABLE_GROWTH,TAX_BENEFIT_IDLE,MOCK,KIRI_2025_20|ASSUMPTION_V1
USR02653,49,40s,CONSERVATIVE,TAX_BENEFIT_IDLE,MOCK,KIRI_2025_20|ASSUMPTION_V1
USR02654,34,30s,BALANCED,DC_NEGLECT,MOCK,KIRI_2025_20|ASSUMPTION_V1
USR02655,42,40s,CONSERVATIVE,TAX_BENEFIT_IDLE,MOCK,KIRI_2025_20|ASSUMPTION_V1
USR02656,30,30s,BALANCED,TAX_BENEFIT_IDLE,MOCK,KIRI_2025_20|ASSUMPTION_V1
USR02657,33,30s,BALANCED,DC_NEGLECT,MOCK,KIRI_2025_20|ASSUMPTION_V1
USR02658,46,40s,GROWTH,DC_NEGLECT,MOCK,KIRI_2025_20|ASSUMPTION_V1
USR02659,43,40s,CONSERVATIVE,DC_NEGLECT,MOCK,KIRI_2025_20|ASSUMPTION_V1
USR02660,36,30s,AGGRESSIVE,OVERLAP_RISK,MOCK,KIRI_2025_20|ASSUMPTION_V1
USR02661,48,40s,CONSERVATIVE,OVERLAP_RISK,MOCK,KIRI_2025_20|ASSUMPTION_V1
USR02662,30,30s,GROWTH,OVERLAP_RISK,MOCK,KIRI_2025_20|ASSUMPTION_V1
USR02663,35,30s,GROWTH,OVERLAP_RISK,MOCK,KIRI_2025_20|ASSUMPTION_V1
USR02664,41,40s,GROWTH,DC_NEGLECT,MOCK,KIRI_2025_20|ASSUMPTION_V1
USR02665,56,50_plus,CONSERVATIVE,OVERLAP_RISK,MOCK,KIRI_2025_20|ASSUMPTION_V1
USR02666,56,50_plus,STABLE_GROWTH,OVERLAP_RISK,MOCK,KIRI_2025_20|ASSUMPTION_V1
USR02667,47,40s,BALANCED,TAX_BENEFIT_IDLE,MOCK,KIRI_2025_20|ASSUMPTION_V1
USR02668,60,50_plus,STABLE_GROWTH,TAX_BENEFIT_IDLE,MOCK,KIRI_2025_20|ASSUMPTION_V1
USR02669,24,20s,GROWTH,OVERLAP_RISK,MOCK,KIRI_2025_20|ASSUMPTION_V1
USR02670,29,20s,BALANCED,OVERLAP_RISK,MOCK,KIRI_2025_20|ASSUMPTION_V1
USR02671,21,20s,CONSERVATIVE,DC_NEGLECT,MOCK,KIRI_2025_20|ASSUMPTION_V1
USR02672,44,40s,BALANCED,TAX_BENEFIT_IDLE,MOCK,KIRI_2025_20|ASSUMPTION_V1
USR02673,48,40s,GROWTH,DC_NEGLECT,MOCK,KIRI_2025_20|ASSUMPTION_V1
USR02674,55,50_plus,STABLE_GROWTH,TAX_BENEFIT_IDLE,MOCK,KIRI_2025_20|ASSUMPTION_V1
USR02675,36,30s,STABLE_GROWTH,DC_NEGLECT,MOCK,KIRI_2025_20|ASSUMPTION_V1
USR02676,56,50_plus,AGGRESSIVE,OVERLAP_RISK,MOCK,KIRI_2025_20|ASSUMPTION_V1
USR02677,20,20s,AGGRESSIVE,OVERLAP_RISK,MOCK,KIRI_2025_20|ASSUMPTION_V1
USR02678,34,30s,BALANCED,TAX_BENEFIT_IDLE,MOCK,KIRI_2025_20|ASSUMPTION_V1
USR02679,38,30s,STABLE_GROWTH,DC_NEGLECT,MOCK,KIRI_2025_20|ASSUMPTION_V1
USR02680,31,30s,CONSERVATIVE,OVERLAP_RISK,MOCK,KIRI_2025_20|ASSUMPTION_V1
USR02681,44,40s,STABLE_GROWTH,DC_NEGLECT,MOCK,KIRI_2025_20|ASSUMPTION_V1
USR02682,63,50_plus,STABLE_GROWTH,TAX_BENEFIT_IDLE,MOCK,KIRI_2025_20|ASSUMPTION_V1
USR02683,30,30s,GROWTH,TAX_BENEFIT_IDLE,MOCK,KIRI_2025_20|ASSUMPTION_V1
USR02684,32,30s,STABLE_GROWTH,OVERLAP_RISK,MOCK,KIRI_2025_20|ASSUMPTION_V1
USR02685,43,40s,CONSERVATIVE,TAX_BENEFIT_IDLE,MOCK,KIRI_2025_20|ASSUMPTION_V1
USR02686,40,40s,CONSERVATIVE,OVERLAP_RISK,MOCK,KIRI_2025_20|ASSUMPTION_V1
USR02687,60,50_plus,CONSERVATIVE,DC_NEGLECT,MOCK,KIRI_2025_20|ASSUMPTION_V1
USR02688,41,40s,CONSERVATIVE,DC_NEGLECT,MOCK,KIRI_2025_20|ASSUMPTION_V1
USR02689,46,40s,STABLE_GROWTH,OVERLAP_RISK,MOCK,KIRI_2025_20|ASSUMPTION_V1
USR02690,33,30s,CONSERVATIVE,OVERLAP_RISK,MOCK,KIRI_2025_20|ASSUMPTION_V1
USR02691,49,40s,STABLE_GROWTH,DC_NEGLECT,MOCK,KIRI_2025_20|ASSUMPTION_V1
USR02692,47,40s,GROWTH,OVERLAP_RISK,MOCK,KIRI_2025_20|ASSUMPTION_V1
USR02693,32,30s,BALANCED,DC_NEGLECT,MOCK,KIRI_2025_20|ASSUMPTION_V1
USR02694,23,20s,GROWTH,DC_NEGLECT,MOCK,KIRI_2025_20|ASSUMPTION_V1
USR02695,45,40s,CONSERVATIVE,DC_NEGLECT,MOCK,KIRI_2025_20|ASSUMPTION_V1
USR02696,43,40s,BALANCED,DC_NEGLECT,MOCK,KIRI_2025_20|ASSUMPTION_V1
USR02697,27,20s,GROWTH,OVERLAP_RISK,MOCK,KIRI_2025_20|ASSUMPTION_V1
USR02698,25,20s,STABLE_GROWTH,TAX_BENEFIT_IDLE,MOCK,KIRI_2025_20|ASSUMPTION_V1
USR02699,28,20s,CONSERVATIVE,DC_NEGLECT,MOCK,KIRI_2025_20|ASSUMPTION_V1
USR02700,47,40s,STABLE_GROWTH,DC_NEGLECT,MOCK,KIRI_2025_20|ASSUMPTION_V1
USR02701,40,40s,GROWTH,TAX_BENEFIT_IDLE,MOCK,KIRI_2025_20|ASSUMPTION_V1
USR02702,40,40s,STABLE_GROWTH,OVERLAP_RISK,MOCK,KIRI_2025_20|ASSUMPTION_V1
USR02703,41,40s,BALANCED,TAX_BENEFIT_IDLE,MOCK,KIRI_2025_20|ASSUMPTION_V1
USR02704,61,50_plus,CONSERVATIVE,OVERLAP_RISK,MOCK,KIRI_2025_20|ASSUMPTION_V1
USR02705,40,40s,BALANCED,DC_NEGLECT,MOCK,KIRI_2025_20|ASSUMPTION_V1
USR02706,24,20s,GROWTH,OVERLAP_RISK,MOCK,KIRI_2025_20|ASSUMPTION_V1
USR02707,26,20s,BALANCED,DC_NEGLECT,MOCK,KIRI_2025_20|ASSUMPTION_V1
USR02708,56,50_plus,GROWTH,OVERLAP_RISK,MOCK,KIRI_2025_20|ASSUMPTION_V1
USR02709,20,20s,BALANCED,DC_NEGLECT,MOCK,KIRI_2025_20|ASSUMPTION_V1
USR02710,40,40s,GROWTH,OVERLAP_RISK,MOCK,KIRI_2025_20|ASSUMPTION_V1
USR02711,54,50_plus,BALANCED,OVERLAP_RISK,MOCK,KIRI_2025_20|ASSUMPTION_V1
USR02712,60,50_plus,STABLE_GROWTH,OVERLAP_RISK,MOCK,KIRI_2025_20|ASSUMPTION_V1
USR02713,64,50_plus,CONSERVATIVE,DC_NEGLECT,MOCK,KIRI_2025_20|ASSUMPTION_V1
USR02714,33,30s,GROWTH,OVERLAP_RISK,MOCK,KIRI_2025_20|ASSUMPTION_V1
USR02715,56,50_plus,BALANCED,DC_NEGLECT,MOCK,KIRI_2025_20|ASSUMPTION_V1
USR02716,45,40s,BALANCED,TAX_BENEFIT_IDLE,MOCK,KIRI_2025_20|ASSUMPTION_V1
USR02717,33,30s,AGGRESSIVE,TAX_BENEFIT_IDLE,MOCK,KIRI_2025_20|ASSUMPTION_V1
USR02718,35,30s,GROWTH,OVERLAP_RISK,MOCK,KIRI_2025_20|ASSUMPTION_V1
USR02719,47,40s,CONSERVATIVE,OVERLAP_RISK,MOCK,KIRI_2025_20|ASSUMPTION_V1
USR02720,53,50_plus,CONSERVATIVE,TAX_BENEFIT_IDLE,MOCK,KIRI_2025_20|ASSUMPTION_V1
USR02721,26,20s,BALANCED,TAX_BENEFIT_IDLE,MOCK,KIRI_2025_20|ASSUMPTION_V1
USR02722,54,50_plus,STABLE_GROWTH,TAX_BENEFIT_IDLE,MOCK,KIRI_2025_20|ASSUMPTION_V1
USR02723,36,30s,GROWTH,TAX_BENEFIT_IDLE,MOCK,KIRI_2025_20|ASSUMPTION_V1
USR02724,54,50_plus,BALANCED,TAX_BENEFIT_IDLE,MOCK,KIRI_2025_20|ASSUMPTION_V1
USR02725,21,20s,GROWTH,TAX_BENEFIT_IDLE,MOCK,KIRI_2025_20|ASSUMPTION_V1
USR02726,33,30s,AGGRESSIVE,DC_NEGLECT,MOCK,KIRI_2025_20|ASSUMPTION_V1
USR02727,59,50_plus,BALANCED,TAX_BENEFIT_IDLE,MOCK,KIRI_2025_20|ASSUMPTION_V1
USR02728,45,40s,CONSERVATIVE,OVERLAP_RISK,MOCK,KIRI_2025_20|ASSUMPTION_V1
USR02729,45,40s,BALANCED,DC_NEGLECT,MOCK,KIRI_2025_20|ASSUMPTION_V1
USR02730,57,50_plus,CONSERVATIVE,DC_NEGLECT,MOCK,KIRI_2025_20|ASSUMPTION_V1
USR02731,39,30s,BALANCED,OVERLAP_RISK,MOCK,KIRI_2025_20|ASSUMPTION_V1
USR02732,48,40s,STABLE_GROWTH,OVERLAP_RISK,MOCK,KIRI_2025_20|ASSUMPTION_V1
USR02733,32,30s,AGGRESSIVE,DC_NEGLECT,MOCK,KIRI_2025_20|ASSUMPTION_V1
USR02734,34,30s,AGGRESSIVE,OVERLAP_RISK,MOCK,KIRI_2025_20|ASSUMPTION_V1
USR02735,33,30s,BALANCED,TAX_BENEFIT_IDLE,MOCK,KIRI_2025_20|ASSUMPTION_V1
USR02736,58,50_plus,BALANCED,DC_NEGLECT,MOCK,KIRI_2025_20|ASSUMPTION_V1
USR02737,37,30s,GROWTH,DC_NEGLECT,MOCK,KIRI_2025_20|ASSUMPTION_V1
USR02738,49,40s,GROWTH,OVERLAP_RISK,MOCK,KIRI_2025_20|ASSUMPTION_V1
USR02739,62,50_plus,CONSERVATIVE,OVERLAP_RISK,MOCK,KIRI_2025_20|ASSUMPTION_V1
USR02740,38,30s,GROWTH,DC_NEGLECT,MOCK,KIRI_2025_20|ASSUMPTION_V1
USR02741,31,30s,CONSERVATIVE,TAX_BENEFIT_IDLE,MOCK,KIRI_2025_20|ASSUMPTION_V1
USR02742,32,30s,BALANCED,TAX_BENEFIT_IDLE,MOCK,KIRI_2025_20|ASSUMPTION_V1
USR02743,63,50_plus,CONSERVATIVE,TAX_BENEFIT_IDLE,MOCK,KIRI_2025_20|ASSUMPTION_V1
USR02744,43,40s,CONSERVATIVE,TAX_BENEFIT_IDLE,MOCK,KIRI_2025_20|ASSUMPTION_V1
USR02745,51,50_plus,STABLE_GROWTH,OVERLAP_RISK,MOCK,KIRI_2025_20|ASSUMPTION_V1
USR02746,64,50_plus,BALANCED,DC_NEGLECT,MOCK,KIRI_2025_20|ASSUMPTION_V1
USR02747,46,40s,CONSERVATIVE,OVERLAP_RISK,MOCK,KIRI_2025_20|ASSUMPTION_V1
USR02748,26,20s,CONSERVATIVE,TAX_BENEFIT_IDLE,MOCK,KIRI_2025_20|ASSUMPTION_V1
USR02749,35,30s,AGGRESSIVE,DC_NEGLECT,MOCK,KIRI_2025_20|ASSUMPTION_V1
USR02750,34,30s,STABLE_GROWTH,DC_NEGLECT,MOCK,KIRI_2025_20|ASSUMPTION_V1
USR02751,46,40s,GROWTH,DC_NEGLECT,MOCK,KIRI_2025_20|ASSUMPTION_V1
USR02752,31,30s,STABLE_GROWTH,DC_NEGLECT,MOCK,KIRI_2025_20|ASSUMPTION_V1
USR02753,37,30s,AGGRESSIVE,OVERLAP_RISK,MOCK,KIRI_2025_20|ASSUMPTION_V1
USR02754,29,20s,BALANCED,TAX_BENEFIT_IDLE,MOCK,KIRI_2025_20|ASSUMPTION_V1
USR02755,23,20s,CONSERVATIVE,DC_NEGLECT,MOCK,KIRI_2025_20|ASSUMPTION_V1
USR02756,23,20s,GROWTH,DC_NEGLECT,MOCK,KIRI_2025_20|ASSUMPTION_V1
USR02757,45,40s,GROWTH,OVERLAP_RISK,MOCK,KIRI_2025_20|ASSUMPTION_V1
USR02758,24,20s,STABLE_GROWTH,DC_NEGLECT,MOCK,KIRI_2025_20|ASSUMPTION_V1
USR02759,36,30s,GROWTH,OVERLAP_RISK,MOCK,KIRI_2025_20|ASSUMPTION_V1
USR02760,38,30s,GROWTH,TAX_BENEFIT_IDLE,MOCK,KIRI_2025_20|ASSUMPTION_V1
USR02761,32,30s,GROWTH,OVERLAP_RISK,MOCK,KIRI_2025_20|ASSUMPTION_V1
USR02762,29,20s,BALANCED,OVERLAP_RISK,MOCK,KIRI_2025_20|ASSUMPTION_V1
USR02763,63,50_plus,CONSERVATIVE,TAX_BENEFIT_IDLE,MOCK,KIRI_2025_20|ASSUMPTION_V1
USR02764,64,50_plus,STABLE_GROWTH,TAX_BENEFIT_IDLE,MOCK,KIRI_2025_20|ASSUMPTION_V1
USR02765,29,20s,STABLE_GROWTH,DC_NEGLECT,MOCK,KIRI_2025_20|ASSUMPTION_V1
USR02766,39,30s,GROWTH,DC_NEGLECT,MOCK,KIRI_2025_20|ASSUMPTION_V1
USR02767,49,40s,STABLE_GROWTH,DC_NEGLECT,MOCK,KIRI_2025_20|ASSUMPTION_V1
USR02768,31,30s,BALANCED,TAX_BENEFIT_IDLE,MOCK,KIRI_2025_20|ASSUMPTION_V1
USR02769,52,50_plus,BALANCED,DC_NEGLECT,MOCK,KIRI_2025_20|ASSUMPTION_V1
USR02770,37,30s,CONSERVATIVE,DC_NEGLECT,MOCK,KIRI_2025_20|ASSUMPTION_V1
USR02771,45,40s,BALANCED,DC_NEGLECT,MOCK,KIRI_2025_20|ASSUMPTION_V1
USR02772,61,50_plus,GROWTH,OVERLAP_RISK,MOCK,KIRI_2025_20|ASSUMPTION_V1
USR02773,26,20s,BALANCED,DC_NEGLECT,MOCK,KIRI_2025_20|ASSUMPTION_V1
USR02774,24,20s,BALANCED,DC_NEGLECT,MOCK,KIRI_2025_20|ASSUMPTION_V1
USR02775,33,30s,BALANCED,DC_NEGLECT,MOCK,KIRI_2025_20|ASSUMPTION_V1
USR02776,31,30s,AGGRESSIVE,TAX_BENEFIT_IDLE,MOCK,KIRI_2025_20|ASSUMPTION_V1
USR02777,43,40s,BALANCED,TAX_BENEFIT_IDLE,MOCK,KIRI_2025_20|ASSUMPTION_V1
USR02778,59,50_plus,CONSERVATIVE,TAX_BENEFIT_IDLE,MOCK,KIRI_2025_20|ASSUMPTION_V1
USR02779,59,50_plus,CONSERVATIVE,OVERLAP_RISK,MOCK,KIRI_2025_20|ASSUMPTION_V1
USR02780,53,50_plus,STABLE_GROWTH,TAX_BENEFIT_IDLE,MOCK,KIRI_2025_20|ASSUMPTION_V1
USR02781,43,40s,BALANCED,TAX_BENEFIT_IDLE,MOCK,KIRI_2025_20|ASSUMPTION_V1
USR02782,54,50_plus,CONSERVATIVE,TAX_BENEFIT_IDLE,MOCK,KIRI_2025_20|ASSUMPTION_V1
USR02783,33,30s,BALANCED,OVERLAP_RISK,MOCK,KIRI_2025_20|ASSUMPTION_V1
USR02784,38,30s,STABLE_GROWTH,TAX_BENEFIT_IDLE,MOCK,KIRI_2025_20|ASSUMPTION_V1
USR02785,48,40s,BALANCED,DC_NEGLECT,MOCK,KIRI_2025_20|ASSUMPTION_V1
USR02786,64,50_plus,STABLE_GROWTH,DC_NEGLECT,MOCK,KIRI_2025_20|ASSUMPTION_V1
USR02787,25,20s,STABLE_GROWTH,DC_NEGLECT,MOCK,KIRI_2025_20|ASSUMPTION_V1
USR02788,41,40s,GROWTH,TAX_BENEFIT_IDLE,MOCK,KIRI_2025_20|ASSUMPTION_V1
USR02789,56,50_plus,STABLE_GROWTH,DC_NEGLECT,MOCK,KIRI_2025_20|ASSUMPTION_V1
USR02790,37,30s,GROWTH,TAX_BENEFIT_IDLE,MOCK,KIRI_2025_20|ASSUMPTION_V1
USR02791,32,30s,BALANCED,TAX_BENEFIT_IDLE,MOCK,KIRI_2025_20|ASSUMPTION_V1
USR02792,41,40s,STABLE_GROWTH,OVERLAP_RISK,MOCK,KIRI_2025_20|ASSUMPTION_V1
USR02793,35,30s,BALANCED,DC_NEGLECT,MOCK,KIRI_2025_20|ASSUMPTION_V1
USR02794,33,30s,BALANCED,DC_NEGLECT,MOCK,KIRI_2025_20|ASSUMPTION_V1
USR02795,34,30s,BALANCED,TAX_BENEFIT_IDLE,MOCK,KIRI_2025_20|ASSUMPTION_V1
USR02796,50,50_plus,GROWTH,TAX_BENEFIT_IDLE,MOCK,KIRI_2025_20|ASSUMPTION_V1
USR02797,29,20s,GROWTH,TAX_BENEFIT_IDLE,MOCK,KIRI_2025_20|ASSUMPTION_V1
USR02798,59,50_plus,CONSERVATIVE,TAX_BENEFIT_IDLE,MOCK,KIRI_2025_20|ASSUMPTION_V1
USR02799,38,30s,STABLE_GROWTH,OVERLAP_RISK,MOCK,KIRI_2025_20|ASSUMPTION_V1
USR02800,37,30s,AGGRESSIVE,DC_NEGLECT,MOCK,KIRI_2025_20|ASSUMPTION_V1
USR02801,36,30s,AGGRESSIVE,OVERLAP_RISK,MOCK,KIRI_2025_20|ASSUMPTION_V1
USR02802,28,20s,GROWTH,DC_NEGLECT,MOCK,KIRI_2025_20|ASSUMPTION_V1
USR02803,42,40s,STABLE_GROWTH,OVERLAP_RISK,MOCK,KIRI_2025_20|ASSUMPTION_V1
USR02804,53,50_plus,STABLE_GROWTH,DC_NEGLECT,MOCK,KIRI_2025_20|ASSUMPTION_V1
USR02805,29,20s,STABLE_GROWTH,DC_NEGLECT,MOCK,KIRI_2025_20|ASSUMPTION_V1
USR02806,59,50_plus,STABLE_GROWTH,DC_NEGLECT,MOCK,KIRI_2025_20|ASSUMPTION_V1
USR02807,61,50_plus,CONSERVATIVE,OVERLAP_RISK,MOCK,KIRI_2025_20|ASSUMPTION_V1
USR02808,39,30s,BALANCED,TAX_BENEFIT_IDLE,MOCK,KIRI_2025_20|ASSUMPTION_V1
USR02809,49,40s,AGGRESSIVE,OVERLAP_RISK,MOCK,KIRI_2025_20|ASSUMPTION_V1
USR02810,40,40s,CONSERVATIVE,OVERLAP_RISK,MOCK,KIRI_2025_20|ASSUMPTION_V1
USR02811,45,40s,CONSERVATIVE,OVERLAP_RISK,MOCK,KIRI_2025_20|ASSUMPTION_V1
USR02812,26,20s,AGGRESSIVE,OVERLAP_RISK,MOCK,KIRI_2025_20|ASSUMPTION_V1
USR02813,56,50_plus,STABLE_GROWTH,TAX_BENEFIT_IDLE,MOCK,KIRI_2025_20|ASSUMPTION_V1
USR02814,61,50_plus,STABLE_GROWTH,OVERLAP_RISK,MOCK,KIRI_2025_20|ASSUMPTION_V1
USR02815,30,30s,GROWTH,DC_NEGLECT,MOCK,KIRI_2025_20|ASSUMPTION_V1
USR02816,25,20s,STABLE_GROWTH,OVERLAP_RISK,MOCK,KIRI_2025_20|ASSUMPTION_V1
USR02817,30,30s,STABLE_GROWTH,TAX_BENEFIT_IDLE,MOCK,KIRI_2025_20|ASSUMPTION_V1
USR02818,46,40s,CONSERVATIVE,DC_NEGLECT,MOCK,KIRI_2025_20|ASSUMPTION_V1
USR02819,38,30s,GROWTH,TAX_BENEFIT_IDLE,MOCK,KIRI_2025_20|ASSUMPTION_V1
USR02820,54,50_plus,STABLE_GROWTH,TAX_BENEFIT_IDLE,MOCK,KIRI_2025_20|ASSUMPTION_V1
USR02821,57,50_plus,STABLE_GROWTH,TAX_BENEFIT_IDLE,MOCK,KIRI_2025_20|ASSUMPTION_V1
USR02822,52,50_plus,GROWTH,TAX_BENEFIT_IDLE,MOCK,KIRI_2025_20|ASSUMPTION_V1
USR02823,59,50_plus,STABLE_GROWTH,DC_NEGLECT,MOCK,KIRI_2025_20|ASSUMPTION_V1
USR02824,64,50_plus,STABLE_GROWTH,TAX_BENEFIT_IDLE,MOCK,KIRI_2025_20|ASSUMPTION_V1
USR02825,27,20s,GROWTH,TAX_BENEFIT_IDLE,MOCK,KIRI_2025_20|ASSUMPTION_V1
USR02826,21,20s,BALANCED,OVERLAP_RISK,MOCK,KIRI_2025_20|ASSUMPTION_V1
USR02827,23,20s,BALANCED,TAX_BENEFIT_IDLE,MOCK,KIRI_2025_20|ASSUMPTION_V1
USR02828,46,40s,BALANCED,DC_NEGLECT,MOCK,KIRI_2025_20|ASSUMPTION_V1
USR02829,43,40s,STABLE_GROWTH,DC_NEGLECT,MOCK,KIRI_2025_20|ASSUMPTION_V1
USR02830,59,50_plus,STABLE_GROWTH,TAX_BENEFIT_IDLE,MOCK,KIRI_2025_20|ASSUMPTION_V1
USR02831,56,50_plus,CONSERVATIVE,DC_NEGLECT,MOCK,KIRI_2025_20|ASSUMPTION_V1
USR02832,59,50_plus,STABLE_GROWTH,DC_NEGLECT,MOCK,KIRI_2025_20|ASSUMPTION_V1
USR02833,58,50_plus,STABLE_GROWTH,DC_NEGLECT,MOCK,KIRI_2025_20|ASSUMPTION_V1
USR02834,47,40s,BALANCED,DC_NEGLECT,MOCK,KIRI_2025_20|ASSUMPTION_V1
USR02835,50,50_plus,CONSERVATIVE,DC_NEGLECT,MOCK,KIRI_2025_20|ASSUMPTION_V1
USR02836,47,40s,STABLE_GROWTH,DC_NEGLECT,MOCK,KIRI_2025_20|ASSUMPTION_V1
USR02837,30,30s,GROWTH,OVERLAP_RISK,MOCK,KIRI_2025_20|ASSUMPTION_V1
USR02838,55,50_plus,STABLE_GROWTH,TAX_BENEFIT_IDLE,MOCK,KIRI_2025_20|ASSUMPTION_V1
USR02839,22,20s,BALANCED,DC_NEGLECT,MOCK,KIRI_2025_20|ASSUMPTION_V1
USR02840,49,40s,AGGRESSIVE,OVERLAP_RISK,MOCK,KIRI_2025_20|ASSUMPTION_V1
USR02841,44,40s,STABLE_GROWTH,TAX_BENEFIT_IDLE,MOCK,KIRI_2025_20|ASSUMPTION_V1
USR02842,44,40s,BALANCED,DC_NEGLECT,MOCK,KIRI_2025_20|ASSUMPTION_V1
USR02843,37,30s,CONSERVATIVE,TAX_BENEFIT_IDLE,MOCK,KIRI_2025_20|ASSUMPTION_V1
USR02844,36,30s,BALANCED,DC_NEGLECT,MOCK,KIRI_2025_20|ASSUMPTION_V1
USR02845,24,20s,GROWTH,DC_NEGLECT,MOCK,KIRI_2025_20|ASSUMPTION_V1
USR02846,35,30s,AGGRESSIVE,TAX_BENEFIT_IDLE,MOCK,KIRI_2025_20|ASSUMPTION_V1
USR02847,53,50_plus,GROWTH,TAX_BENEFIT_IDLE,MOCK,KIRI_2025_20|ASSUMPTION_V1
USR02848,42,40s,CONSERVATIVE,OVERLAP_RISK,MOCK,KIRI_2025_20|ASSUMPTION_V1
USR02849,38,30s,BALANCED,TAX_BENEFIT_IDLE,MOCK,KIRI_2025_20|ASSUMPTION_V1
USR02850,34,30s,BALANCED,DC_NEGLECT,MOCK,KIRI_2025_20|ASSUMPTION_V1
USR02851,22,20s,BALANCED,TAX_BENEFIT_IDLE,MOCK,KIRI_2025_20|ASSUMPTION_V1
USR02852,46,40s,BALANCED,DC_NEGLECT,MOCK,KIRI_2025_20|ASSUMPTION_V1
USR02853,32,30s,GROWTH,TAX_BENEFIT_IDLE,MOCK,KIRI_2025_20|ASSUMPTION_V1
USR02854,30,30s,GROWTH,OVERLAP_RISK,MOCK,KIRI_2025_20|ASSUMPTION_V1
USR02855,32,30s,AGGRESSIVE,TAX_BENEFIT_IDLE,MOCK,KIRI_2025_20|ASSUMPTION_V1
USR02856,40,40s,CONSERVATIVE,TAX_BENEFIT_IDLE,MOCK,KIRI_2025_20|ASSUMPTION_V1
USR02857,32,30s,BALANCED,DC_NEGLECT,MOCK,KIRI_2025_20|ASSUMPTION_V1
USR02858,50,50_plus,CONSERVATIVE,TAX_BENEFIT_IDLE,MOCK,KIRI_2025_20|ASSUMPTION_V1
USR02859,35,30s,GROWTH,OVERLAP_RISK,MOCK,KIRI_2025_20|ASSUMPTION_V1
USR02860,24,20s,GROWTH,OVERLAP_RISK,MOCK,KIRI_2025_20|ASSUMPTION_V1
USR02861,46,40s,STABLE_GROWTH,TAX_BENEFIT_IDLE,MOCK,KIRI_2025_20|ASSUMPTION_V1
USR02862,53,50_plus,CONSERVATIVE,DC_NEGLECT,MOCK,KIRI_2025_20|ASSUMPTION_V1
USR02863,56,50_plus,BALANCED,TAX_BENEFIT_IDLE,MOCK,KIRI_2025_20|ASSUMPTION_V1
USR02864,38,30s,BALANCED,DC_NEGLECT,MOCK,KIRI_2025_20|ASSUMPTION_V1
USR02865,23,20s,GROWTH,OVERLAP_RISK,MOCK,KIRI_2025_20|ASSUMPTION_V1
USR02866,57,50_plus,CONSERVATIVE,DC_NEGLECT,MOCK,KIRI_2025_20|ASSUMPTION_V1
USR02867,51,50_plus,STABLE_GROWTH,OVERLAP_RISK,MOCK,KIRI_2025_20|ASSUMPTION_V1
USR02868,56,50_plus,STABLE_GROWTH,DC_NEGLECT,MOCK,KIRI_2025_20|ASSUMPTION_V1
USR02869,37,30s,STABLE_GROWTH,DC_NEGLECT,MOCK,KIRI_2025_20|ASSUMPTION_V1
USR02870,47,40s,BALANCED,OVERLAP_RISK,MOCK,KIRI_2025_20|ASSUMPTION_V1
USR02871,33,30s,BALANCED,OVERLAP_RISK,MOCK,KIRI_2025_20|ASSUMPTION_V1
USR02872,45,40s,CONSERVATIVE,DC_NEGLECT,MOCK,KIRI_2025_20|ASSUMPTION_V1
USR02873,30,30s,GROWTH,DC_NEGLECT,MOCK,KIRI_2025_20|ASSUMPTION_V1
USR02874,59,50_plus,CONSERVATIVE,TAX_BENEFIT_IDLE,MOCK,KIRI_2025_20|ASSUMPTION_V1
USR02875,55,50_plus,GROWTH,DC_NEGLECT,MOCK,KIRI_2025_20|ASSUMPTION_V1
USR02876,46,40s,STABLE_GROWTH,DC_NEGLECT,MOCK,KIRI_2025_20|ASSUMPTION_V1
USR02877,31,30s,CONSERVATIVE,DC_NEGLECT,MOCK,KIRI_2025_20|ASSUMPTION_V1
USR02878,43,40s,CONSERVATIVE,OVERLAP_RISK,MOCK,KIRI_2025_20|ASSUMPTION_V1
USR02879,41,40s,GROWTH,TAX_BENEFIT_IDLE,MOCK,KIRI_2025_20|ASSUMPTION_V1
USR02880,40,40s,GROWTH,TAX_BENEFIT_IDLE,MOCK,KIRI_2025_20|ASSUMPTION_V1
USR02881,62,50_plus,STABLE_GROWTH,OVERLAP_RISK,MOCK,KIRI_2025_20|ASSUMPTION_V1
USR02882,50,50_plus,BALANCED,OVERLAP_RISK,MOCK,KIRI_2025_20|ASSUMPTION_V1
USR02883,32,30s,STABLE_GROWTH,DC_NEGLECT,MOCK,KIRI_2025_20|ASSUMPTION_V1
USR02884,30,30s,STABLE_GROWTH,TAX_BENEFIT_IDLE,MOCK,KIRI_2025_20|ASSUMPTION_V1
USR02885,59,50_plus,CONSERVATIVE,TAX_BENEFIT_IDLE,MOCK,KIRI_2025_20|ASSUMPTION_V1
USR02886,32,30s,BALANCED,TAX_BENEFIT_IDLE,MOCK,KIRI_2025_20|ASSUMPTION_V1
USR02887,42,40s,STABLE_GROWTH,TAX_BENEFIT_IDLE,MOCK,KIRI_2025_20|ASSUMPTION_V1
USR02888,50,50_plus,BALANCED,DC_NEGLECT,MOCK,KIRI_2025_20|ASSUMPTION_V1
USR02889,27,20s,BALANCED,TAX_BENEFIT_IDLE,MOCK,KIRI_2025_20|ASSUMPTION_V1
USR02890,57,50_plus,STABLE_GROWTH,OVERLAP_RISK,MOCK,KIRI_2025_20|ASSUMPTION_V1
USR02891,25,20s,BALANCED,DC_NEGLECT,MOCK,KIRI_2025_20|ASSUMPTION_V1
USR02892,36,30s,STABLE_GROWTH,OVERLAP_RISK,MOCK,KIRI_2025_20|ASSUMPTION_V1
USR02893,56,50_plus,BALANCED,OVERLAP_RISK,MOCK,KIRI_2025_20|ASSUMPTION_V1
USR02894,41,40s,GROWTH,OVERLAP_RISK,MOCK,KIRI_2025_20|ASSUMPTION_V1
USR02895,59,50_plus,CONSERVATIVE,DC_NEGLECT,MOCK,KIRI_2025_20|ASSUMPTION_V1
USR02896,39,30s,GROWTH,DC_NEGLECT,MOCK,KIRI_2025_20|ASSUMPTION_V1
USR02897,55,50_plus,CONSERVATIVE,TAX_BENEFIT_IDLE,MOCK,KIRI_2025_20|ASSUMPTION_V1
USR02898,45,40s,CONSERVATIVE,TAX_BENEFIT_IDLE,MOCK,KIRI_2025_20|ASSUMPTION_V1
USR02899,31,30s,STABLE_GROWTH,OVERLAP_RISK,MOCK,KIRI_2025_20|ASSUMPTION_V1
USR02900,63,50_plus,CONSERVATIVE,OVERLAP_RISK,MOCK,KIRI_2025_20|ASSUMPTION_V1
USR02901,50,50_plus,STABLE_GROWTH,TAX_BENEFIT_IDLE,MOCK,KIRI_2025_20|ASSUMPTION_V1
USR02902,34,30s,CONSERVATIVE,TAX_BENEFIT_IDLE,MOCK,KIRI_2025_20|ASSUMPTION_V1
USR02903,33,30s,GROWTH,TAX_BENEFIT_IDLE,MOCK,KIRI_2025_20|ASSUMPTION_V1
USR02904,46,40s,BALANCED,TAX_BENEFIT_IDLE,MOCK,KIRI_2025_20|ASSUMPTION_V1
USR02905,28,20s,GROWTH,DC_NEGLECT,MOCK,KIRI_2025_20|ASSUMPTION_V1
USR02906,45,40s,BALANCED,TAX_BENEFIT_IDLE,MOCK,KIRI_2025_20|ASSUMPTION_V1
USR02907,48,40s,STABLE_GROWTH,OVERLAP_RISK,MOCK,KIRI_2025_20|ASSUMPTION_V1
USR02908,47,40s,CONSERVATIVE,OVERLAP_RISK,MOCK,KIRI_2025_20|ASSUMPTION_V1
USR02909,43,40s,CONSERVATIVE,OVERLAP_RISK,MOCK,KIRI_2025_20|ASSUMPTION_V1
USR02910,30,30s,GROWTH,DC_NEGLECT,MOCK,KIRI_2025_20|ASSUMPTION_V1
USR02911,24,20s,STABLE_GROWTH,DC_NEGLECT,MOCK,KIRI_2025_20|ASSUMPTION_V1
USR02912,37,30s,BALANCED,DC_NEGLECT,MOCK,KIRI_2025_20|ASSUMPTION_V1
USR02913,21,20s,GROWTH,DC_NEGLECT,MOCK,KIRI_2025_20|ASSUMPTION_V1
USR02914,48,40s,CONSERVATIVE,TAX_BENEFIT_IDLE,MOCK,KIRI_2025_20|ASSUMPTION_V1
USR02915,28,20s,AGGRESSIVE,TAX_BENEFIT_IDLE,MOCK,KIRI_2025_20|ASSUMPTION_V1
USR02916,32,30s,GROWTH,OVERLAP_RISK,MOCK,KIRI_2025_20|ASSUMPTION_V1
USR02917,60,50_plus,BALANCED,TAX_BENEFIT_IDLE,MOCK,KIRI_2025_20|ASSUMPTION_V1
USR02918,40,40s,STABLE_GROWTH,OVERLAP_RISK,MOCK,KIRI_2025_20|ASSUMPTION_V1
USR02919,43,40s,STABLE_GROWTH,OVERLAP_RISK,MOCK,KIRI_2025_20|ASSUMPTION_V1
USR02920,59,50_plus,CONSERVATIVE,DC_NEGLECT,MOCK,KIRI_2025_20|ASSUMPTION_V1
USR02921,31,30s,STABLE_GROWTH,OVERLAP_RISK,MOCK,KIRI_2025_20|ASSUMPTION_V1
USR02922,48,40s,CONSERVATIVE,OVERLAP_RISK,MOCK,KIRI_2025_20|ASSUMPTION_V1
USR02923,47,40s,STABLE_GROWTH,TAX_BENEFIT_IDLE,MOCK,KIRI_2025_20|ASSUMPTION_V1
USR02924,30,30s,STABLE_GROWTH,TAX_BENEFIT_IDLE,MOCK,KIRI_2025_20|ASSUMPTION_V1
USR02925,25,20s,GROWTH,OVERLAP_RISK,MOCK,KIRI_2025_20|ASSUMPTION_V1
USR02926,24,20s,STABLE_GROWTH,TAX_BENEFIT_IDLE,MOCK,KIRI_2025_20|ASSUMPTION_V1
USR02927,25,20s,CONSERVATIVE,DC_NEGLECT,MOCK,KIRI_2025_20|ASSUMPTION_V1
USR02928,38,30s,BALANCED,DC_NEGLECT,MOCK,KIRI_2025_20|ASSUMPTION_V1
USR02929,58,50_plus,CONSERVATIVE,DC_NEGLECT,MOCK,KIRI_2025_20|ASSUMPTION_V1
USR02930,33,30s,BALANCED,DC_NEGLECT,MOCK,KIRI_2025_20|ASSUMPTION_V1
USR02931,45,40s,GROWTH,TAX_BENEFIT_IDLE,MOCK,KIRI_2025_20|ASSUMPTION_V1
USR02932,56,50_plus,CONSERVATIVE,TAX_BENEFIT_IDLE,MOCK,KIRI_2025_20|ASSUMPTION_V1
USR02933,60,50_plus,CONSERVATIVE,DC_NEGLECT,MOCK,KIRI_2025_20|ASSUMPTION_V1
USR02934,34,30s,STABLE_GROWTH,TAX_BENEFIT_IDLE,MOCK,KIRI_2025_20|ASSUMPTION_V1
USR02935,40,40s,BALANCED,OVERLAP_RISK,MOCK,KIRI_2025_20|ASSUMPTION_V1
USR02936,20,20s,BALANCED,TAX_BENEFIT_IDLE,MOCK,KIRI_2025_20|ASSUMPTION_V1
USR02937,42,40s,GROWTH,TAX_BENEFIT_IDLE,MOCK,KIRI_2025_20|ASSUMPTION_V1
USR02938,59,50_plus,AGGRESSIVE,TAX_BENEFIT_IDLE,MOCK,KIRI_2025_20|ASSUMPTION_V1
USR02939,31,30s,BALANCED,TAX_BENEFIT_IDLE,MOCK,KIRI_2025_20|ASSUMPTION_V1
USR02940,60,50_plus,STABLE_GROWTH,OVERLAP_RISK,MOCK,KIRI_2025_20|ASSUMPTION_V1
USR02941,28,20s,STABLE_GROWTH,DC_NEGLECT,MOCK,KIRI_2025_20|ASSUMPTION_V1
USR02942,46,40s,BALANCED,DC_NEGLECT,MOCK,KIRI_2025_20|ASSUMPTION_V1
USR02943,54,50_plus,BALANCED,OVERLAP_RISK,MOCK,KIRI_2025_20|ASSUMPTION_V1
USR02944,58,50_plus,STABLE_GROWTH,DC_NEGLECT,MOCK,KIRI_2025_20|ASSUMPTION_V1
USR02945,30,30s,AGGRESSIVE,TAX_BENEFIT_IDLE,MOCK,KIRI_2025_20|ASSUMPTION_V1
USR02946,28,20s,AGGRESSIVE,DC_NEGLECT,MOCK,KIRI_2025_20|ASSUMPTION_V1
USR02947,45,40s,BALANCED,TAX_BENEFIT_IDLE,MOCK,KIRI_2025_20|ASSUMPTION_V1
USR02948,32,30s,AGGRESSIVE,DC_NEGLECT,MOCK,KIRI_2025_20|ASSUMPTION_V1
USR02949,37,30s,BALANCED,OVERLAP_RISK,MOCK,KIRI_2025_20|ASSUMPTION_V1
USR02950,31,30s,BALANCED,OVERLAP_RISK,MOCK,KIRI_2025_20|ASSUMPTION_V1
USR02951,44,40s,STABLE_GROWTH,TAX_BENEFIT_IDLE,MOCK,KIRI_2025_20|ASSUMPTION_V1
USR02952,49,40s,AGGRESSIVE,OVERLAP_RISK,MOCK,KIRI_2025_20|ASSUMPTION_V1
USR02953,42,40s,CONSERVATIVE,OVERLAP_RISK,MOCK,KIRI_2025_20|ASSUMPTION_V1
USR02954,59,50_plus,CONSERVATIVE,OVERLAP_RISK,MOCK,KIRI_2025_20|ASSUMPTION_V1
USR02955,51,50_plus,STABLE_GROWTH,TAX_BENEFIT_IDLE,MOCK,KIRI_2025_20|ASSUMPTION_V1
USR02956,50,50_plus,STABLE_GROWTH,TAX_BENEFIT_IDLE,MOCK,KIRI_2025_20|ASSUMPTION_V1
USR02957,43,40s,STABLE_GROWTH,OVERLAP_RISK,MOCK,KIRI_2025_20|ASSUMPTION_V1
USR02958,58,50_plus,GROWTH,OVERLAP_RISK,MOCK,KIRI_2025_20|ASSUMPTION_V1
USR02959,48,40s,STABLE_GROWTH,OVERLAP_RISK,MOCK,KIRI_2025_20|ASSUMPTION_V1
USR02960,41,40s,STABLE_GROWTH,TAX_BENEFIT_IDLE,MOCK,KIRI_2025_20|ASSUMPTION_V1
USR02961,39,30s,BALANCED,DC_NEGLECT,MOCK,KIRI_2025_20|ASSUMPTION_V1
USR02962,39,30s,AGGRESSIVE,OVERLAP_RISK,MOCK,KIRI_2025_20|ASSUMPTION_V1
USR02963,52,50_plus,BALANCED,DC_NEGLECT,MOCK,KIRI_2025_20|ASSUMPTION_V1
USR02964,34,30s,GROWTH,DC_NEGLECT,MOCK,KIRI_2025_20|ASSUMPTION_V1
USR02965,34,30s,GROWTH,DC_NEGLECT,MOCK,KIRI_2025_20|ASSUMPTION_V1
USR02966,54,50_plus,STABLE_GROWTH,OVERLAP_RISK,MOCK,KIRI_2025_20|ASSUMPTION_V1
USR02967,63,50_plus,STABLE_GROWTH,OVERLAP_RISK,MOCK,KIRI_2025_20|ASSUMPTION_V1
USR02968,20,20s,CONSERVATIVE,DC_NEGLECT,MOCK,KIRI_2025_20|ASSUMPTION_V1
USR02969,30,30s,CONSERVATIVE,DC_NEGLECT,MOCK,KIRI_2025_20|ASSUMPTION_V1
USR02970,60,50_plus,BALANCED,OVERLAP_RISK,MOCK,KIRI_2025_20|ASSUMPTION_V1
USR02971,36,30s,STABLE_GROWTH,TAX_BENEFIT_IDLE,MOCK,KIRI_2025_20|ASSUMPTION_V1
USR02972,49,40s,CONSERVATIVE,TAX_BENEFIT_IDLE,MOCK,KIRI_2025_20|ASSUMPTION_V1
USR02973,46,40s,CONSERVATIVE,DC_NEGLECT,MOCK,KIRI_2025_20|ASSUMPTION_V1
USR02974,37,30s,CONSERVATIVE,OVERLAP_RISK,MOCK,KIRI_2025_20|ASSUMPTION_V1
USR02975,56,50_plus,STABLE_GROWTH,DC_NEGLECT,MOCK,KIRI_2025_20|ASSUMPTION_V1
USR02976,61,50_plus,BALANCED,OVERLAP_RISK,MOCK,KIRI_2025_20|ASSUMPTION_V1
USR02977,45,40s,STABLE_GROWTH,TAX_BENEFIT_IDLE,MOCK,KIRI_2025_20|ASSUMPTION_V1
USR02978,55,50_plus,STABLE_GROWTH,DC_NEGLECT,MOCK,KIRI_2025_20|ASSUMPTION_V1
USR02979,46,40s,STABLE_GROWTH,TAX_BENEFIT_IDLE,MOCK,KIRI_2025_20|ASSUMPTION_V1
USR02980,30,30s,BALANCED,DC_NEGLECT,MOCK,KIRI_2025_20|ASSUMPTION_V1
USR02981,21,20s,BALANCED,DC_NEGLECT,MOCK,KIRI_2025_20|ASSUMPTION_V1
USR02982,45,40s,CONSERVATIVE,DC_NEGLECT,MOCK,KIRI_2025_20|ASSUMPTION_V1
USR02983,28,20s,STABLE_GROWTH,DC_NEGLECT,MOCK,KIRI_2025_20|ASSUMPTION_V1
USR02984,50,50_plus,BALANCED,TAX_BENEFIT_IDLE,MOCK,KIRI_2025_20|ASSUMPTION_V1
USR02985,34,30s,STABLE_GROWTH,OVERLAP_RISK,MOCK,KIRI_2025_20|ASSUMPTION_V1
USR02986,40,40s,CONSERVATIVE,TAX_BENEFIT_IDLE,MOCK,KIRI_2025_20|ASSUMPTION_V1
USR02987,21,20s,AGGRESSIVE,OVERLAP_RISK,MOCK,KIRI_2025_20|ASSUMPTION_V1
USR02988,39,30s,CONSERVATIVE,DC_NEGLECT,MOCK,KIRI_2025_20|ASSUMPTION_V1
USR02989,44,40s,BALANCED,OVERLAP_RISK,MOCK,KIRI_2025_20|ASSUMPTION_V1
USR02990,33,30s,STABLE_GROWTH,TAX_BENEFIT_IDLE,MOCK,KIRI_2025_20|ASSUMPTION_V1
USR02991,61,50_plus,STABLE_GROWTH,TAX_BENEFIT_IDLE,MOCK,KIRI_2025_20|ASSUMPTION_V1
USR02992,62,50_plus,STABLE_GROWTH,DC_NEGLECT,MOCK,KIRI_2025_20|ASSUMPTION_V1
USR02993,41,40s,CONSERVATIVE,TAX_BENEFIT_IDLE,MOCK,KIRI_2025_20|ASSUMPTION_V1
USR02994,47,40s,GROWTH,OVERLAP_RISK,MOCK,KIRI_2025_20|ASSUMPTION_V1
USR02995,43,40s,BALANCED,TAX_BENEFIT_IDLE,MOCK,KIRI_2025_20|ASSUMPTION_V1
USR02996,25,20s,BALANCED,DC_NEGLECT,MOCK,KIRI_2025_20|ASSUMPTION_V1
USR02997,63,50_plus,BALANCED,TAX_BENEFIT_IDLE,MOCK,KIRI_2025_20|ASSUMPTION_V1
USR02998,35,30s,GROWTH,DC_NEGLECT,MOCK,KIRI_2025_20|ASSUMPTION_V1
USR02999,61,50_plus,BALANCED,OVERLAP_RISK,MOCK,KIRI_2025_20|ASSUMPTION_V1
USR03000,61,50_plus,CONSERVATIVE,OVERLAP_RISK,MOCK,KIRI_2025_20|ASSUMPTION_V1
USR03001,30,30s,GROWTH,TAX_BENEFIT_IDLE,MOCK,KIRI_2025_20|ASSUMPTION_V1
USR03002,36,30s,BALANCED,OVERLAP_RISK,MOCK,KIRI_2025_20|ASSUMPTION_V1
USR03003,32,30s,STABLE_GROWTH,DC_NEGLECT,MOCK,KIRI_2025_20|ASSUMPTION_V1
USR03004,56,50_plus,STABLE_GROWTH,TAX_BENEFIT_IDLE,MOCK,KIRI_2025_20|ASSUMPTION_V1
USR03005,24,20s,STABLE_GROWTH,OVERLAP_RISK,MOCK,KIRI_2025_20|ASSUMPTION_V1
USR03006,60,50_plus,CONSERVATIVE,OVERLAP_RISK,MOCK,KIRI_2025_20|ASSUMPTION_V1
USR03007,58,50_plus,BALANCED,TAX_BENEFIT_IDLE,MOCK,KIRI_2025_20|ASSUMPTION_V1
USR03008,30,30s,AGGRESSIVE,OVERLAP_RISK,MOCK,KIRI_2025_20|ASSUMPTION_V1
USR03009,36,30s,BALANCED,OVERLAP_RISK,MOCK,KIRI_2025_20|ASSUMPTION_V1
USR03010,57,50_plus,CONSERVATIVE,TAX_BENEFIT_IDLE,MOCK,KIRI_2025_20|ASSUMPTION_V1
USR03011,41,40s,CONSERVATIVE,TAX_BENEFIT_IDLE,MOCK,KIRI_2025_20|ASSUMPTION_V1
USR03012,42,40s,STABLE_GROWTH,TAX_BENEFIT_IDLE,MOCK,KIRI_2025_20|ASSUMPTION_V1
USR03013,44,40s,GROWTH,DC_NEGLECT,MOCK,KIRI_2025_20|ASSUMPTION_V1
USR03014,43,40s,BALANCED,OVERLAP_RISK,MOCK,KIRI_2025_20|ASSUMPTION_V1
USR03015,48,40s,STABLE_GROWTH,TAX_BENEFIT_IDLE,MOCK,KIRI_2025_20|ASSUMPTION_V1
USR03016,47,40s,GROWTH,TAX_BENEFIT_IDLE,MOCK,KIRI_2025_20|ASSUMPTION_V1
USR03017,28,20s,AGGRESSIVE,OVERLAP_RISK,MOCK,KIRI_2025_20|ASSUMPTION_V1
USR03018,41,40s,GROWTH,DC_NEGLECT,MOCK,KIRI_2025_20|ASSUMPTION_V1
USR03019,42,40s,BALANCED,DC_NEGLECT,MOCK,KIRI_2025_20|ASSUMPTION_V1
USR03020,53,50_plus,BALANCED,TAX_BENEFIT_IDLE,MOCK,KIRI_2025_20|ASSUMPTION_V1
USR03021,39,30s,STABLE_GROWTH,TAX_BENEFIT_IDLE,MOCK,KIRI_2025_20|ASSUMPTION_V1
USR03022,44,40s,STABLE_GROWTH,TAX_BENEFIT_IDLE,MOCK,KIRI_2025_20|ASSUMPTION_V1
USR03023,43,40s,GROWTH,DC_NEGLECT,MOCK,KIRI_2025_20|ASSUMPTION_V1
USR03024,36,30s,BALANCED,DC_NEGLECT,MOCK,KIRI_2025_20|ASSUMPTION_V1
USR03025,45,40s,GROWTH,TAX_BENEFIT_IDLE,MOCK,KIRI_2025_20|ASSUMPTION_V1
USR03026,44,40s,CONSERVATIVE,DC_NEGLECT,MOCK,KIRI_2025_20|ASSUMPTION_V1
USR03027,48,40s,GROWTH,TAX_BENEFIT_IDLE,MOCK,KIRI_2025_20|ASSUMPTION_V1
USR03028,38,30s,GROWTH,OVERLAP_RISK,MOCK,KIRI_2025_20|ASSUMPTION_V1
USR03029,61,50_plus,BALANCED,TAX_BENEFIT_IDLE,MOCK,KIRI_2025_20|ASSUMPTION_V1
USR03030,62,50_plus,GROWTH,TAX_BENEFIT_IDLE,MOCK,KIRI_2025_20|ASSUMPTION_V1
USR03031,60,50_plus,GROWTH,TAX_BENEFIT_IDLE,MOCK,KIRI_2025_20|ASSUMPTION_V1
USR03032,53,50_plus,CONSERVATIVE,OVERLAP_RISK,MOCK,KIRI_2025_20|ASSUMPTION_V1
USR03033,40,40s,AGGRESSIVE,TAX_BENEFIT_IDLE,MOCK,KIRI_2025_20|ASSUMPTION_V1
USR03034,32,30s,GROWTH,TAX_BENEFIT_IDLE,MOCK,KIRI_2025_20|ASSUMPTION_V1
USR03035,41,40s,CONSERVATIVE,DC_NEGLECT,MOCK,KIRI_2025_20|ASSUMPTION_V1
USR03036,53,50_plus,STABLE_GROWTH,TAX_BENEFIT_IDLE,MOCK,KIRI_2025_20|ASSUMPTION_V1
USR03037,58,50_plus,CONSERVATIVE,OVERLAP_RISK,MOCK,KIRI_2025_20|ASSUMPTION_V1
USR03038,61,50_plus,STABLE_GROWTH,TAX_BENEFIT_IDLE,MOCK,KIRI_2025_20|ASSUMPTION_V1
USR03039,34,30s,AGGRESSIVE,TAX_BENEFIT_IDLE,MOCK,KIRI_2025_20|ASSUMPTION_V1
USR03040,51,50_plus,STABLE_GROWTH,TAX_BENEFIT_IDLE,MOCK,KIRI_2025_20|ASSUMPTION_V1
USR03041,33,30s,AGGRESSIVE,OVERLAP_RISK,MOCK,KIRI_2025_20|ASSUMPTION_V1
USR03042,44,40s,CONSERVATIVE,OVERLAP_RISK,MOCK,KIRI_2025_20|ASSUMPTION_V1
USR03043,46,40s,GROWTH,DC_NEGLECT,MOCK,KIRI_2025_20|ASSUMPTION_V1
USR03044,49,40s,BALANCED,OVERLAP_RISK,MOCK,KIRI_2025_20|ASSUMPTION_V1
USR03045,57,50_plus,STABLE_GROWTH,TAX_BENEFIT_IDLE,MOCK,KIRI_2025_20|ASSUMPTION_V1
USR03046,41,40s,BALANCED,OVERLAP_RISK,MOCK,KIRI_2025_20|ASSUMPTION_V1
USR03047,44,40s,STABLE_GROWTH,OVERLAP_RISK,MOCK,KIRI_2025_20|ASSUMPTION_V1
USR03048,40,40s,BALANCED,OVERLAP_RISK,MOCK,KIRI_2025_20|ASSUMPTION_V1
USR03049,58,50_plus,STABLE_GROWTH,DC_NEGLECT,MOCK,KIRI_2025_20|ASSUMPTION_V1
USR03050,34,30s,CONSERVATIVE,TAX_BENEFIT_IDLE,MOCK,KIRI_2025_20|ASSUMPTION_V1
USR03051,33,30s,BALANCED,OVERLAP_RISK,MOCK,KIRI_2025_20|ASSUMPTION_V1
USR03052,46,40s,BALANCED,TAX_BENEFIT_IDLE,MOCK,KIRI_2025_20|ASSUMPTION_V1
USR03053,38,30s,CONSERVATIVE,OVERLAP_RISK,MOCK,KIRI_2025_20|ASSUMPTION_V1
USR03054,41,40s,STABLE_GROWTH,DC_NEGLECT,MOCK,KIRI_2025_20|ASSUMPTION_V1
USR03055,40,40s,CONSERVATIVE,OVERLAP_RISK,MOCK,KIRI_2025_20|ASSUMPTION_V1
USR03056,37,30s,GROWTH,DC_NEGLECT,MOCK,KIRI_2025_20|ASSUMPTION_V1
USR03057,55,50_plus,STABLE_GROWTH,DC_NEGLECT,MOCK,KIRI_2025_20|ASSUMPTION_V1
USR03058,32,30s,BALANCED,TAX_BENEFIT_IDLE,MOCK,KIRI_2025_20|ASSUMPTION_V1
USR03059,46,40s,STABLE_GROWTH,TAX_BENEFIT_IDLE,MOCK,KIRI_2025_20|ASSUMPTION_V1
USR03060,63,50_plus,STABLE_GROWTH,TAX_BENEFIT_IDLE,MOCK,KIRI_2025_20|ASSUMPTION_V1
USR03061,26,20s,BALANCED,TAX_BENEFIT_IDLE,MOCK,KIRI_2025_20|ASSUMPTION_V1
USR03062,40,40s,GROWTH,TAX_BENEFIT_IDLE,MOCK,KIRI_2025_20|ASSUMPTION_V1
USR03063,28,20s,GROWTH,OVERLAP_RISK,MOCK,KIRI_2025_20|ASSUMPTION_V1
USR03064,32,30s,AGGRESSIVE,DC_NEGLECT,MOCK,KIRI_2025_20|ASSUMPTION_V1
USR03065,48,40s,STABLE_GROWTH,DC_NEGLECT,MOCK,KIRI_2025_20|ASSUMPTION_V1
USR03066,50,50_plus,BALANCED,TAX_BENEFIT_IDLE,MOCK,KIRI_2025_20|ASSUMPTION_V1
USR03067,34,30s,AGGRESSIVE,TAX_BENEFIT_IDLE,MOCK,KIRI_2025_20|ASSUMPTION_V1
USR03068,45,40s,CONSERVATIVE,TAX_BENEFIT_IDLE,MOCK,KIRI_2025_20|ASSUMPTION_V1
USR03069,50,50_plus,STABLE_GROWTH,TAX_BENEFIT_IDLE,MOCK,KIRI_2025_20|ASSUMPTION_V1
USR03070,20,20s,BALANCED,DC_NEGLECT,MOCK,KIRI_2025_20|ASSUMPTION_V1
USR03071,49,40s,STABLE_GROWTH,OVERLAP_RISK,MOCK,KIRI_2025_20|ASSUMPTION_V1
USR03072,28,20s,CONSERVATIVE,TAX_BENEFIT_IDLE,MOCK,KIRI_2025_20|ASSUMPTION_V1
USR03073,36,30s,BALANCED,DC_NEGLECT,MOCK,KIRI_2025_20|ASSUMPTION_V1
USR03074,31,30s,BALANCED,TAX_BENEFIT_IDLE,MOCK,KIRI_2025_20|ASSUMPTION_V1
USR03075,64,50_plus,CONSERVATIVE,OVERLAP_RISK,MOCK,KIRI_2025_20|ASSUMPTION_V1
USR03076,34,30s,CONSERVATIVE,DC_NEGLECT,MOCK,KIRI_2025_20|ASSUMPTION_V1
USR03077,26,20s,STABLE_GROWTH,DC_NEGLECT,MOCK,KIRI_2025_20|ASSUMPTION_V1
USR03078,37,30s,GROWTH,DC_NEGLECT,MOCK,KIRI_2025_20|ASSUMPTION_V1
USR03079,49,40s,BALANCED,DC_NEGLECT,MOCK,KIRI_2025_20|ASSUMPTION_V1
USR03080,55,50_plus,STABLE_GROWTH,DC_NEGLECT,MOCK,KIRI_2025_20|ASSUMPTION_V1
USR03081,42,40s,GROWTH,OVERLAP_RISK,MOCK,KIRI_2025_20|ASSUMPTION_V1
USR03082,48,40s,BALANCED,OVERLAP_RISK,MOCK,KIRI_2025_20|ASSUMPTION_V1
USR03083,46,40s,BALANCED,DC_NEGLECT,MOCK,KIRI_2025_20|ASSUMPTION_V1
USR03084,54,50_plus,STABLE_GROWTH,OVERLAP_RISK,MOCK,KIRI_2025_20|ASSUMPTION_V1
USR03085,31,30s,STABLE_GROWTH,DC_NEGLECT,MOCK,KIRI_2025_20|ASSUMPTION_V1
USR03086,60,50_plus,AGGRESSIVE,DC_NEGLECT,MOCK,KIRI_2025_20|ASSUMPTION_V1
USR03087,55,50_plus,GROWTH,TAX_BENEFIT_IDLE,MOCK,KIRI_2025_20|ASSUMPTION_V1
USR03088,47,40s,CONSERVATIVE,TAX_BENEFIT_IDLE,MOCK,KIRI_2025_20|ASSUMPTION_V1
USR03089,47,40s,STABLE_GROWTH,TAX_BENEFIT_IDLE,MOCK,KIRI_2025_20|ASSUMPTION_V1
USR03090,57,50_plus,CONSERVATIVE,OVERLAP_RISK,MOCK,KIRI_2025_20|ASSUMPTION_V1
USR03091,45,40s,BALANCED,TAX_BENEFIT_IDLE,MOCK,KIRI_2025_20|ASSUMPTION_V1
USR03092,26,20s,BALANCED,DC_NEGLECT,MOCK,KIRI_2025_20|ASSUMPTION_V1
USR03093,21,20s,GROWTH,OVERLAP_RISK,MOCK,KIRI_2025_20|ASSUMPTION_V1
USR03094,35,30s,BALANCED,OVERLAP_RISK,MOCK,KIRI_2025_20|ASSUMPTION_V1
USR03095,24,20s,CONSERVATIVE,TAX_BENEFIT_IDLE,MOCK,KIRI_2025_20|ASSUMPTION_V1
USR03096,29,20s,AGGRESSIVE,DC_NEGLECT,MOCK,KIRI_2025_20|ASSUMPTION_V1
USR03097,40,40s,CONSERVATIVE,OVERLAP_RISK,MOCK,KIRI_2025_20|ASSUMPTION_V1
USR03098,33,30s,STABLE_GROWTH,TAX_BENEFIT_IDLE,MOCK,KIRI_2025_20|ASSUMPTION_V1
USR03099,34,30s,BALANCED,DC_NEGLECT,MOCK,KIRI_2025_20|ASSUMPTION_V1
USR03100,44,40s,BALANCED,OVERLAP_RISK,MOCK,KIRI_2025_20|ASSUMPTION_V1
USR03101,46,40s,STABLE_GROWTH,DC_NEGLECT,MOCK,KIRI_2025_20|ASSUMPTION_V1
USR03102,44,40s,BALANCED,OVERLAP_RISK,MOCK,KIRI_2025_20|ASSUMPTION_V1
USR03103,61,50_plus,BALANCED,OVERLAP_RISK,MOCK,KIRI_2025_20|ASSUMPTION_V1
USR03104,45,40s,BALANCED,OVERLAP_RISK,MOCK,KIRI_2025_20|ASSUMPTION_V1
USR03105,24,20s,CONSERVATIVE,OVERLAP_RISK,MOCK,KIRI_2025_20|ASSUMPTION_V1
USR03106,35,30s,STABLE_GROWTH,DC_NEGLECT,MOCK,KIRI_2025_20|ASSUMPTION_V1
USR03107,53,50_plus,BALANCED,DC_NEGLECT,MOCK,KIRI_2025_20|ASSUMPTION_V1
USR03108,37,30s,GROWTH,OVERLAP_RISK,MOCK,KIRI_2025_20|ASSUMPTION_V1
USR03109,34,30s,AGGRESSIVE,DC_NEGLECT,MOCK,KIRI_2025_20|ASSUMPTION_V1
USR03110,36,30s,BALANCED,OVERLAP_RISK,MOCK,KIRI_2025_20|ASSUMPTION_V1
USR03111,58,50_plus,BALANCED,DC_NEGLECT,MOCK,KIRI_2025_20|ASSUMPTION_V1
USR03112,37,30s,CONSERVATIVE,OVERLAP_RISK,MOCK,KIRI_2025_20|ASSUMPTION_V1
USR03113,49,40s,BALANCED,DC_NEGLECT,MOCK,KIRI_2025_20|ASSUMPTION_V1
USR03114,52,50_plus,BALANCED,DC_NEGLECT,MOCK,KIRI_2025_20|ASSUMPTION_V1
USR03115,62,50_plus,STABLE_GROWTH,TAX_BENEFIT_IDLE,MOCK,KIRI_2025_20|ASSUMPTION_V1
USR03116,45,40s,STABLE_GROWTH,TAX_BENEFIT_IDLE,MOCK,KIRI_2025_20|ASSUMPTION_V1
USR03117,62,50_plus,CONSERVATIVE,TAX_BENEFIT_IDLE,MOCK,KIRI_2025_20|ASSUMPTION_V1
USR03118,63,50_plus,CONSERVATIVE,DC_NEGLECT,MOCK,KIRI_2025_20|ASSUMPTION_V1
USR03119,23,20s,GROWTH,DC_NEGLECT,MOCK,KIRI_2025_20|ASSUMPTION_V1
USR03120,60,50_plus,BALANCED,DC_NEGLECT,MOCK,KIRI_2025_20|ASSUMPTION_V1
USR03121,40,40s,BALANCED,OVERLAP_RISK,MOCK,KIRI_2025_20|ASSUMPTION_V1
USR03122,46,40s,STABLE_GROWTH,OVERLAP_RISK,MOCK,KIRI_2025_20|ASSUMPTION_V1
USR03123,45,40s,BALANCED,DC_NEGLECT,MOCK,KIRI_2025_20|ASSUMPTION_V1
USR03124,48,40s,AGGRESSIVE,DC_NEGLECT,MOCK,KIRI_2025_20|ASSUMPTION_V1
USR03125,63,50_plus,STABLE_GROWTH,DC_NEGLECT,MOCK,KIRI_2025_20|ASSUMPTION_V1
USR03126,38,30s,BALANCED,OVERLAP_RISK,MOCK,KIRI_2025_20|ASSUMPTION_V1
USR03127,42,40s,BALANCED,DC_NEGLECT,MOCK,KIRI_2025_20|ASSUMPTION_V1
USR03128,57,50_plus,CONSERVATIVE,DC_NEGLECT,MOCK,KIRI_2025_20|ASSUMPTION_V1
USR03129,29,20s,BALANCED,DC_NEGLECT,MOCK,KIRI_2025_20|ASSUMPTION_V1
USR03130,57,50_plus,CONSERVATIVE,TAX_BENEFIT_IDLE,MOCK,KIRI_2025_20|ASSUMPTION_V1
USR03131,45,40s,STABLE_GROWTH,DC_NEGLECT,MOCK,KIRI_2025_20|ASSUMPTION_V1
USR03132,42,40s,BALANCED,DC_NEGLECT,MOCK,KIRI_2025_20|ASSUMPTION_V1
USR03133,31,30s,STABLE_GROWTH,TAX_BENEFIT_IDLE,MOCK,KIRI_2025_20|ASSUMPTION_V1
USR03134,52,50_plus,CONSERVATIVE,DC_NEGLECT,MOCK,KIRI_2025_20|ASSUMPTION_V1
USR03135,27,20s,BALANCED,DC_NEGLECT,MOCK,KIRI_2025_20|ASSUMPTION_V1
USR03136,57,50_plus,BALANCED,TAX_BENEFIT_IDLE,MOCK,KIRI_2025_20|ASSUMPTION_V1
USR03137,35,30s,AGGRESSIVE,DC_NEGLECT,MOCK,KIRI_2025_20|ASSUMPTION_V1
USR03138,26,20s,STABLE_GROWTH,TAX_BENEFIT_IDLE,MOCK,KIRI_2025_20|ASSUMPTION_V1
USR03139,35,30s,STABLE_GROWTH,OVERLAP_RISK,MOCK,KIRI_2025_20|ASSUMPTION_V1
USR03140,61,50_plus,STABLE_GROWTH,TAX_BENEFIT_IDLE,MOCK,KIRI_2025_20|ASSUMPTION_V1
USR03141,42,40s,GROWTH,TAX_BENEFIT_IDLE,MOCK,KIRI_2025_20|ASSUMPTION_V1
USR03142,43,40s,BALANCED,DC_NEGLECT,MOCK,KIRI_2025_20|ASSUMPTION_V1
USR03143,40,40s,BALANCED,DC_NEGLECT,MOCK,KIRI_2025_20|ASSUMPTION_V1
USR03144,27,20s,BALANCED,DC_NEGLECT,MOCK,KIRI_2025_20|ASSUMPTION_V1
USR03145,45,40s,BALANCED,TAX_BENEFIT_IDLE,MOCK,KIRI_2025_20|ASSUMPTION_V1
USR03146,49,40s,BALANCED,DC_NEGLECT,MOCK,KIRI_2025_20|ASSUMPTION_V1
USR03147,23,20s,AGGRESSIVE,DC_NEGLECT,MOCK,KIRI_2025_20|ASSUMPTION_V1
USR03148,25,20s,BALANCED,DC_NEGLECT,MOCK,KIRI_2025_20|ASSUMPTION_V1
USR03149,48,40s,STABLE_GROWTH,DC_NEGLECT,MOCK,KIRI_2025_20|ASSUMPTION_V1
USR03150,57,50_plus,CONSERVATIVE,TAX_BENEFIT_IDLE,MOCK,KIRI_2025_20|ASSUMPTION_V1
USR03151,51,50_plus,CONSERVATIVE,TAX_BENEFIT_IDLE,MOCK,KIRI_2025_20|ASSUMPTION_V1
USR03152,22,20s,BALANCED,OVERLAP_RISK,MOCK,KIRI_2025_20|ASSUMPTION_V1
USR03153,35,30s,GROWTH,DC_NEGLECT,MOCK,KIRI_2025_20|ASSUMPTION_V1
USR03154,58,50_plus,BALANCED,DC_NEGLECT,MOCK,KIRI_2025_20|ASSUMPTION_V1
USR03155,34,30s,AGGRESSIVE,DC_NEGLECT,MOCK,KIRI_2025_20|ASSUMPTION_V1
USR03156,32,30s,GROWTH,OVERLAP_RISK,MOCK,KIRI_2025_20|ASSUMPTION_V1
USR03157,33,30s,GROWTH,TAX_BENEFIT_IDLE,MOCK,KIRI_2025_20|ASSUMPTION_V1
USR03158,49,40s,AGGRESSIVE,OVERLAP_RISK,MOCK,KIRI_2025_20|ASSUMPTION_V1
USR03159,29,20s,AGGRESSIVE,TAX_BENEFIT_IDLE,MOCK,KIRI_2025_20|ASSUMPTION_V1
USR03160,36,30s,BALANCED,DC_NEGLECT,MOCK,KIRI_2025_20|ASSUMPTION_V1
USR03161,30,30s,BALANCED,OVERLAP_RISK,MOCK,KIRI_2025_20|ASSUMPTION_V1
USR03162,34,30s,GROWTH,DC_NEGLECT,MOCK,KIRI_2025_20|ASSUMPTION_V1
USR03163,59,50_plus,STABLE_GROWTH,DC_NEGLECT,MOCK,KIRI_2025_20|ASSUMPTION_V1
USR03164,43,40s,BALANCED,TAX_BENEFIT_IDLE,MOCK,KIRI_2025_20|ASSUMPTION_V1
USR03165,38,30s,BALANCED,DC_NEGLECT,MOCK,KIRI_2025_20|ASSUMPTION_V1
USR03166,61,50_plus,STABLE_GROWTH,OVERLAP_RISK,MOCK,KIRI_2025_20|ASSUMPTION_V1
USR03167,48,40s,BALANCED,TAX_BENEFIT_IDLE,MOCK,KIRI_2025_20|ASSUMPTION_V1
USR03168,64,50_plus,STABLE_GROWTH,DC_NEGLECT,MOCK,KIRI_2025_20|ASSUMPTION_V1
USR03169,42,40s,GROWTH,OVERLAP_RISK,MOCK,KIRI_2025_20|ASSUMPTION_V1
USR03170,32,30s,AGGRESSIVE,TAX_BENEFIT_IDLE,MOCK,KIRI_2025_20|ASSUMPTION_V1
USR03171,52,50_plus,CONSERVATIVE,OVERLAP_RISK,MOCK,KIRI_2025_20|ASSUMPTION_V1
USR03172,59,50_plus,STABLE_GROWTH,OVERLAP_RISK,MOCK,KIRI_2025_20|ASSUMPTION_V1
USR03173,40,40s,BALANCED,OVERLAP_RISK,MOCK,KIRI_2025_20|ASSUMPTION_V1
USR03174,55,50_plus,STABLE_GROWTH,OVERLAP_RISK,MOCK,KIRI_2025_20|ASSUMPTION_V1
USR03175,48,40s,CONSERVATIVE,DC_NEGLECT,MOCK,KIRI_2025_20|ASSUMPTION_V1
USR03176,31,30s,GROWTH,OVERLAP_RISK,MOCK,KIRI_2025_20|ASSUMPTION_V1
USR03177,20,20s,AGGRESSIVE,DC_NEGLECT,MOCK,KIRI_2025_20|ASSUMPTION_V1
USR03178,38,30s,STABLE_GROWTH,TAX_BENEFIT_IDLE,MOCK,KIRI_2025_20|ASSUMPTION_V1
USR03179,24,20s,BALANCED,OVERLAP_RISK,MOCK,KIRI_2025_20|ASSUMPTION_V1
USR03180,43,40s,CONSERVATIVE,DC_NEGLECT,MOCK,KIRI_2025_20|ASSUMPTION_V1
USR03181,49,40s,BALANCED,DC_NEGLECT,MOCK,KIRI_2025_20|ASSUMPTION_V1
USR03182,59,50_plus,BALANCED,OVERLAP_RISK,MOCK,KIRI_2025_20|ASSUMPTION_V1
USR03183,32,30s,GROWTH,DC_NEGLECT,MOCK,KIRI_2025_20|ASSUMPTION_V1
USR03184,49,40s,STABLE_GROWTH,OVERLAP_RISK,MOCK,KIRI_2025_20|ASSUMPTION_V1
USR03185,40,40s,CONSERVATIVE,OVERLAP_RISK,MOCK,KIRI_2025_20|ASSUMPTION_V1
USR03186,34,30s,STABLE_GROWTH,OVERLAP_RISK,MOCK,KIRI_2025_20|ASSUMPTION_V1
USR03187,37,30s,BALANCED,OVERLAP_RISK,MOCK,KIRI_2025_20|ASSUMPTION_V1
USR03188,49,40s,STABLE_GROWTH,DC_NEGLECT,MOCK,KIRI_2025_20|ASSUMPTION_V1
USR03189,30,30s,BALANCED,DC_NEGLECT,MOCK,KIRI_2025_20|ASSUMPTION_V1
USR03190,37,30s,STABLE_GROWTH,TAX_BENEFIT_IDLE,MOCK,KIRI_2025_20|ASSUMPTION_V1
USR03191,42,40s,BALANCED,OVERLAP_RISK,MOCK,KIRI_2025_20|ASSUMPTION_V1
USR03192,32,30s,AGGRESSIVE,TAX_BENEFIT_IDLE,MOCK,KIRI_2025_20|ASSUMPTION_V1
USR03193,47,40s,BALANCED,DC_NEGLECT,MOCK,KIRI_2025_20|ASSUMPTION_V1
USR03194,49,40s,STABLE_GROWTH,OVERLAP_RISK,MOCK,KIRI_2025_20|ASSUMPTION_V1
USR03195,64,50_plus,CONSERVATIVE,DC_NEGLECT,MOCK,KIRI_2025_20|ASSUMPTION_V1
USR03196,38,30s,CONSERVATIVE,DC_NEGLECT,MOCK,KIRI_2025_20|ASSUMPTION_V1
USR03197,40,40s,GROWTH,OVERLAP_RISK,MOCK,KIRI_2025_20|ASSUMPTION_V1
USR03198,45,40s,STABLE_GROWTH,DC_NEGLECT,MOCK,KIRI_2025_20|ASSUMPTION_V1
USR03199,46,40s,STABLE_GROWTH,DC_NEGLECT,MOCK,KIRI_2025_20|ASSUMPTION_V1
USR03200,29,20s,AGGRESSIVE,OVERLAP_RISK,MOCK,KIRI_2025_20|ASSUMPTION_V1
USR03201,63,50_plus,CONSERVATIVE,TAX_BENEFIT_IDLE,MOCK,KIRI_2025_20|ASSUMPTION_V1
USR03202,31,30s,GROWTH,OVERLAP_RISK,MOCK,KIRI_2025_20|ASSUMPTION_V1
USR03203,39,30s,BALANCED,TAX_BENEFIT_IDLE,MOCK,KIRI_2025_20|ASSUMPTION_V1
USR03204,35,30s,STABLE_GROWTH,DC_NEGLECT,MOCK,KIRI_2025_20|ASSUMPTION_V1
USR03205,47,40s,CONSERVATIVE,TAX_BENEFIT_IDLE,MOCK,KIRI_2025_20|ASSUMPTION_V1
USR03206,36,30s,GROWTH,TAX_BENEFIT_IDLE,MOCK,KIRI_2025_20|ASSUMPTION_V1
USR03207,32,30s,STABLE_GROWTH,OVERLAP_RISK,MOCK,KIRI_2025_20|ASSUMPTION_V1
USR03208,54,50_plus,BALANCED,OVERLAP_RISK,MOCK,KIRI_2025_20|ASSUMPTION_V1
USR03209,31,30s,AGGRESSIVE,OVERLAP_RISK,MOCK,KIRI_2025_20|ASSUMPTION_V1
USR03210,56,50_plus,STABLE_GROWTH,DC_NEGLECT,MOCK,KIRI_2025_20|ASSUMPTION_V1
USR03211,62,50_plus,GROWTH,OVERLAP_RISK,MOCK,KIRI_2025_20|ASSUMPTION_V1
USR03212,32,30s,GROWTH,TAX_BENEFIT_IDLE,MOCK,KIRI_2025_20|ASSUMPTION_V1
USR03213,49,40s,BALANCED,DC_NEGLECT,MOCK,KIRI_2025_20|ASSUMPTION_V1
USR03214,44,40s,STABLE_GROWTH,OVERLAP_RISK,MOCK,KIRI_2025_20|ASSUMPTION_V1
USR03215,22,20s,AGGRESSIVE,DC_NEGLECT,MOCK,KIRI_2025_20|ASSUMPTION_V1
USR03216,45,40s,GROWTH,TAX_BENEFIT_IDLE,MOCK,KIRI_2025_20|ASSUMPTION_V1
USR03217,57,50_plus,STABLE_GROWTH,DC_NEGLECT,MOCK,KIRI_2025_20|ASSUMPTION_V1
USR03218,60,50_plus,CONSERVATIVE,TAX_BENEFIT_IDLE,MOCK,KIRI_2025_20|ASSUMPTION_V1
USR03219,32,30s,GROWTH,DC_NEGLECT,MOCK,KIRI_2025_20|ASSUMPTION_V1
USR03220,36,30s,BALANCED,DC_NEGLECT,MOCK,KIRI_2025_20|ASSUMPTION_V1
USR03221,40,40s,BALANCED,DC_NEGLECT,MOCK,KIRI_2025_20|ASSUMPTION_V1
USR03222,64,50_plus,BALANCED,TAX_BENEFIT_IDLE,MOCK,KIRI_2025_20|ASSUMPTION_V1
USR03223,30,30s,GROWTH,DC_NEGLECT,MOCK,KIRI_2025_20|ASSUMPTION_V1
USR03224,40,40s,GROWTH,DC_NEGLECT,MOCK,KIRI_2025_20|ASSUMPTION_V1
USR03225,51,50_plus,BALANCED,TAX_BENEFIT_IDLE,MOCK,KIRI_2025_20|ASSUMPTION_V1
USR03226,53,50_plus,BALANCED,TAX_BENEFIT_IDLE,MOCK,KIRI_2025_20|ASSUMPTION_V1
USR03227,26,20s,BALANCED,OVERLAP_RISK,MOCK,KIRI_2025_20|ASSUMPTION_V1
USR03228,38,30s,STABLE_GROWTH,DC_NEGLECT,MOCK,KIRI_2025_20|ASSUMPTION_V1
USR03229,32,30s,STABLE_GROWTH,OVERLAP_RISK,MOCK,KIRI_2025_20|ASSUMPTION_V1
USR03230,49,40s,GROWTH,OVERLAP_RISK,MOCK,KIRI_2025_20|ASSUMPTION_V1
USR03231,20,20s,BALANCED,OVERLAP_RISK,MOCK,KIRI_2025_20|ASSUMPTION_V1
USR03232,64,50_plus,AGGRESSIVE,TAX_BENEFIT_IDLE,MOCK,KIRI_2025_20|ASSUMPTION_V1
USR03233,53,50_plus,STABLE_GROWTH,DC_NEGLECT,MOCK,KIRI_2025_20|ASSUMPTION_V1
USR03234,31,30s,BALANCED,TAX_BENEFIT_IDLE,MOCK,KIRI_2025_20|ASSUMPTION_V1
USR03235,39,30s,AGGRESSIVE,TAX_BENEFIT_IDLE,MOCK,KIRI_2025_20|ASSUMPTION_V1
USR03236,54,50_plus,GROWTH,DC_NEGLECT,MOCK,KIRI_2025_20|ASSUMPTION_V1
USR03237,52,50_plus,STABLE_GROWTH,OVERLAP_RISK,MOCK,KIRI_2025_20|ASSUMPTION_V1
USR03238,42,40s,STABLE_GROWTH,OVERLAP_RISK,MOCK,KIRI_2025_20|ASSUMPTION_V1
USR03239,52,50_plus,CONSERVATIVE,TAX_BENEFIT_IDLE,MOCK,KIRI_2025_20|ASSUMPTION_V1
USR03240,55,50_plus,STABLE_GROWTH,DC_NEGLECT,MOCK,KIRI_2025_20|ASSUMPTION_V1
USR03241,43,40s,CONSERVATIVE,OVERLAP_RISK,MOCK,KIRI_2025_20|ASSUMPTION_V1
USR03242,44,40s,BALANCED,TAX_BENEFIT_IDLE,MOCK,KIRI_2025_20|ASSUMPTION_V1
USR03243,37,30s,CONSERVATIVE,OVERLAP_RISK,MOCK,KIRI_2025_20|ASSUMPTION_V1
USR03244,40,40s,AGGRESSIVE,TAX_BENEFIT_IDLE,MOCK,KIRI_2025_20|ASSUMPTION_V1
USR03245,47,40s,GROWTH,TAX_BENEFIT_IDLE,MOCK,KIRI_2025_20|ASSUMPTION_V1
USR03246,49,40s,STABLE_GROWTH,TAX_BENEFIT_IDLE,MOCK,KIRI_2025_20|ASSUMPTION_V1
USR03247,62,50_plus,CONSERVATIVE,OVERLAP_RISK,MOCK,KIRI_2025_20|ASSUMPTION_V1
USR03248,41,40s,BALANCED,TAX_BENEFIT_IDLE,MOCK,KIRI_2025_20|ASSUMPTION_V1
USR03249,30,30s,BALANCED,DC_NEGLECT,MOCK,KIRI_2025_20|ASSUMPTION_V1
USR03250,62,50_plus,BALANCED,OVERLAP_RISK,MOCK,KIRI_2025_20|ASSUMPTION_V1
USR03251,49,40s,GROWTH,DC_NEGLECT,MOCK,KIRI_2025_20|ASSUMPTION_V1
USR03252,43,40s,STABLE_GROWTH,DC_NEGLECT,MOCK,KIRI_2025_20|ASSUMPTION_V1
USR03253,31,30s,STABLE_GROWTH,TAX_BENEFIT_IDLE,MOCK,KIRI_2025_20|ASSUMPTION_V1
USR03254,32,30s,GROWTH,OVERLAP_RISK,MOCK,KIRI_2025_20|ASSUMPTION_V1
USR03255,49,40s,STABLE_GROWTH,TAX_BENEFIT_IDLE,MOCK,KIRI_2025_20|ASSUMPTION_V1
USR03256,31,30s,BALANCED,DC_NEGLECT,MOCK,KIRI_2025_20|ASSUMPTION_V1
USR03257,57,50_plus,CONSERVATIVE,DC_NEGLECT,MOCK,KIRI_2025_20|ASSUMPTION_V1
USR03258,62,50_plus,STABLE_GROWTH,DC_NEGLECT,MOCK,KIRI_2025_20|ASSUMPTION_V1
USR03259,40,40s,AGGRESSIVE,TAX_BENEFIT_IDLE,MOCK,KIRI_2025_20|ASSUMPTION_V1
USR03260,52,50_plus,CONSERVATIVE,TAX_BENEFIT_IDLE,MOCK,KIRI_2025_20|ASSUMPTION_V1
USR03261,46,40s,AGGRESSIVE,TAX_BENEFIT_IDLE,MOCK,KIRI_2025_20|ASSUMPTION_V1
USR03262,57,50_plus,CONSERVATIVE,DC_NEGLECT,MOCK,KIRI_2025_20|ASSUMPTION_V1
USR03263,44,40s,CONSERVATIVE,TAX_BENEFIT_IDLE,MOCK,KIRI_2025_20|ASSUMPTION_V1
USR03264,31,30s,BALANCED,DC_NEGLECT,MOCK,KIRI_2025_20|ASSUMPTION_V1
USR03265,43,40s,STABLE_GROWTH,DC_NEGLECT,MOCK,KIRI_2025_20|ASSUMPTION_V1
USR03266,47,40s,GROWTH,OVERLAP_RISK,MOCK,KIRI_2025_20|ASSUMPTION_V1
USR03267,21,20s,AGGRESSIVE,TAX_BENEFIT_IDLE,MOCK,KIRI_2025_20|ASSUMPTION_V1
USR03268,61,50_plus,GROWTH,DC_NEGLECT,MOCK,KIRI_2025_20|ASSUMPTION_V1
USR03269,45,40s,BALANCED,TAX_BENEFIT_IDLE,MOCK,KIRI_2025_20|ASSUMPTION_V1
USR03270,32,30s,STABLE_GROWTH,OVERLAP_RISK,MOCK,KIRI_2025_20|ASSUMPTION_V1
USR03271,46,40s,GROWTH,OVERLAP_RISK,MOCK,KIRI_2025_20|ASSUMPTION_V1
USR03272,46,40s,CONSERVATIVE,OVERLAP_RISK,MOCK,KIRI_2025_20|ASSUMPTION_V1
USR03273,44,40s,STABLE_GROWTH,OVERLAP_RISK,MOCK,KIRI_2025_20|ASSUMPTION_V1
USR03274,34,30s,GROWTH,TAX_BENEFIT_IDLE,MOCK,KIRI_2025_20|ASSUMPTION_V1
USR03275,49,40s,GROWTH,OVERLAP_RISK,MOCK,KIRI_2025_20|ASSUMPTION_V1
USR03276,59,50_plus,STABLE_GROWTH,DC_NEGLECT,MOCK,KIRI_2025_20|ASSUMPTION_V1
USR03277,43,40s,GROWTH,DC_NEGLECT,MOCK,KIRI_2025_20|ASSUMPTION_V1
USR03278,40,40s,STABLE_GROWTH,OVERLAP_RISK,MOCK,KIRI_2025_20|ASSUMPTION_V1
USR03279,50,50_plus,BALANCED,OVERLAP_RISK,MOCK,KIRI_2025_20|ASSUMPTION_V1
USR03280,55,50_plus,STABLE_GROWTH,DC_NEGLECT,MOCK,KIRI_2025_20|ASSUMPTION_V1
USR03281,38,30s,STABLE_GROWTH,OVERLAP_RISK,MOCK,KIRI_2025_20|ASSUMPTION_V1
USR03282,30,30s,AGGRESSIVE,DC_NEGLECT,MOCK,KIRI_2025_20|ASSUMPTION_V1
USR03283,48,40s,STABLE_GROWTH,OVERLAP_RISK,MOCK,KIRI_2025_20|ASSUMPTION_V1
USR03284,46,40s,BALANCED,OVERLAP_RISK,MOCK,KIRI_2025_20|ASSUMPTION_V1
USR03285,59,50_plus,STABLE_GROWTH,TAX_BENEFIT_IDLE,MOCK,KIRI_2025_20|ASSUMPTION_V1
USR03286,61,50_plus,BALANCED,OVERLAP_RISK,MOCK,KIRI_2025_20|ASSUMPTION_V1
USR03287,46,40s,STABLE_GROWTH,DC_NEGLECT,MOCK,KIRI_2025_20|ASSUMPTION_V1
USR03288,28,20s,BALANCED,DC_NEGLECT,MOCK,KIRI_2025_20|ASSUMPTION_V1
USR03289,39,30s,CONSERVATIVE,OVERLAP_RISK,MOCK,KIRI_2025_20|ASSUMPTION_V1
USR03290,33,30s,STABLE_GROWTH,DC_NEGLECT,MOCK,KIRI_2025_20|ASSUMPTION_V1
USR03291,41,40s,STABLE_GROWTH,DC_NEGLECT,MOCK,KIRI_2025_20|ASSUMPTION_V1
USR03292,44,40s,STABLE_GROWTH,OVERLAP_RISK,MOCK,KIRI_2025_20|ASSUMPTION_V1
USR03293,40,40s,CONSERVATIVE,DC_NEGLECT,MOCK,KIRI_2025_20|ASSUMPTION_V1
USR03294,48,40s,BALANCED,TAX_BENEFIT_IDLE,MOCK,KIRI_2025_20|ASSUMPTION_V1
USR03295,39,30s,BALANCED,TAX_BENEFIT_IDLE,MOCK,KIRI_2025_20|ASSUMPTION_V1
USR03296,62,50_plus,BALANCED,OVERLAP_RISK,MOCK,KIRI_2025_20|ASSUMPTION_V1
USR03297,63,50_plus,BALANCED,DC_NEGLECT,MOCK,KIRI_2025_20|ASSUMPTION_V1
USR03298,63,50_plus,GROWTH,TAX_BENEFIT_IDLE,MOCK,KIRI_2025_20|ASSUMPTION_V1
USR03299,46,40s,BALANCED,TAX_BENEFIT_IDLE,MOCK,KIRI_2025_20|ASSUMPTION_V1
USR03300,33,30s,BALANCED,TAX_BENEFIT_IDLE,MOCK,KIRI_2025_20|ASSUMPTION_V1
USR03301,47,40s,AGGRESSIVE,OVERLAP_RISK,MOCK,KIRI_2025_20|ASSUMPTION_V1
USR03302,40,40s,GROWTH,DC_NEGLECT,MOCK,KIRI_2025_20|ASSUMPTION_V1
USR03303,45,40s,GROWTH,TAX_BENEFIT_IDLE,MOCK,KIRI_2025_20|ASSUMPTION_V1
USR03304,29,20s,BALANCED,TAX_BENEFIT_IDLE,MOCK,KIRI_2025_20|ASSUMPTION_V1
USR03305,36,30s,BALANCED,TAX_BENEFIT_IDLE,MOCK,KIRI_2025_20|ASSUMPTION_V1
USR03306,62,50_plus,CONSERVATIVE,DC_NEGLECT,MOCK,KIRI_2025_20|ASSUMPTION_V1
USR03307,31,30s,AGGRESSIVE,TAX_BENEFIT_IDLE,MOCK,KIRI_2025_20|ASSUMPTION_V1
USR03308,57,50_plus,BALANCED,DC_NEGLECT,MOCK,KIRI_2025_20|ASSUMPTION_V1
USR03309,44,40s,GROWTH,DC_NEGLECT,MOCK,KIRI_2025_20|ASSUMPTION_V1
USR03310,35,30s,STABLE_GROWTH,DC_NEGLECT,MOCK,KIRI_2025_20|ASSUMPTION_V1
USR03311,49,40s,STABLE_GROWTH,TAX_BENEFIT_IDLE,MOCK,KIRI_2025_20|ASSUMPTION_V1
USR03312,63,50_plus,CONSERVATIVE,DC_NEGLECT,MOCK,KIRI_2025_20|ASSUMPTION_V1
USR03313,38,30s,GROWTH,OVERLAP_RISK,MOCK,KIRI_2025_20|ASSUMPTION_V1
USR03314,37,30s,BALANCED,DC_NEGLECT,MOCK,KIRI_2025_20|ASSUMPTION_V1
USR03315,27,20s,STABLE_GROWTH,TAX_BENEFIT_IDLE,MOCK,KIRI_2025_20|ASSUMPTION_V1
USR03316,31,30s,BALANCED,OVERLAP_RISK,MOCK,KIRI_2025_20|ASSUMPTION_V1
USR03317,60,50_plus,STABLE_GROWTH,TAX_BENEFIT_IDLE,MOCK,KIRI_2025_20|ASSUMPTION_V1
USR03318,20,20s,BALANCED,TAX_BENEFIT_IDLE,MOCK,KIRI_2025_20|ASSUMPTION_V1
USR03319,42,40s,AGGRESSIVE,OVERLAP_RISK,MOCK,KIRI_2025_20|ASSUMPTION_V1
USR03320,35,30s,BALANCED,OVERLAP_RISK,MOCK,KIRI_2025_20|ASSUMPTION_V1
USR03321,47,40s,STABLE_GROWTH,TAX_BENEFIT_IDLE,MOCK,KIRI_2025_20|ASSUMPTION_V1
USR03322,49,40s,GROWTH,DC_NEGLECT,MOCK,KIRI_2025_20|ASSUMPTION_V1
USR03323,49,40s,STABLE_GROWTH,TAX_BENEFIT_IDLE,MOCK,KIRI_2025_20|ASSUMPTION_V1
USR03324,22,20s,CONSERVATIVE,TAX_BENEFIT_IDLE,MOCK,KIRI_2025_20|ASSUMPTION_V1
USR03325,23,20s,GROWTH,OVERLAP_RISK,MOCK,KIRI_2025_20|ASSUMPTION_V1
USR03326,64,50_plus,STABLE_GROWTH,TAX_BENEFIT_IDLE,MOCK,KIRI_2025_20|ASSUMPTION_V1
USR03327,23,20s,GROWTH,OVERLAP_RISK,MOCK,KIRI_2025_20|ASSUMPTION_V1
USR03328,59,50_plus,STABLE_GROWTH,TAX_BENEFIT_IDLE,MOCK,KIRI_2025_20|ASSUMPTION_V1
USR03329,27,20s,AGGRESSIVE,TAX_BENEFIT_IDLE,MOCK,KIRI_2025_20|ASSUMPTION_V1
USR03330,41,40s,GROWTH,DC_NEGLECT,MOCK,KIRI_2025_20|ASSUMPTION_V1
USR03331,60,50_plus,STABLE_GROWTH,TAX_BENEFIT_IDLE,MOCK,KIRI_2025_20|ASSUMPTION_V1
USR03332,36,30s,CONSERVATIVE,TAX_BENEFIT_IDLE,MOCK,KIRI_2025_20|ASSUMPTION_V1
USR03333,40,40s,BALANCED,OVERLAP_RISK,MOCK,KIRI_2025_20|ASSUMPTION_V1
USR03334,58,50_plus,BALANCED,TAX_BENEFIT_IDLE,MOCK,KIRI_2025_20|ASSUMPTION_V1
USR03335,40,40s,BALANCED,OVERLAP_RISK,MOCK,KIRI_2025_20|ASSUMPTION_V1
USR03336,39,30s,GROWTH,DC_NEGLECT,MOCK,KIRI_2025_20|ASSUMPTION_V1
USR03337,60,50_plus,STABLE_GROWTH,TAX_BENEFIT_IDLE,MOCK,KIRI_2025_20|ASSUMPTION_V1
USR03338,35,30s,STABLE_GROWTH,TAX_BENEFIT_IDLE,MOCK,KIRI_2025_20|ASSUMPTION_V1
USR03339,37,30s,GROWTH,DC_NEGLECT,MOCK,KIRI_2025_20|ASSUMPTION_V1
USR03340,37,30s,GROWTH,OVERLAP_RISK,MOCK,KIRI_2025_20|ASSUMPTION_V1
USR03341,41,40s,GROWTH,DC_NEGLECT,MOCK,KIRI_2025_20|ASSUMPTION_V1
USR03342,41,40s,CONSERVATIVE,OVERLAP_RISK,MOCK,KIRI_2025_20|ASSUMPTION_V1
USR03343,64,50_plus,STABLE_GROWTH,OVERLAP_RISK,MOCK,KIRI_2025_20|ASSUMPTION_V1
USR03344,43,40s,AGGRESSIVE,OVERLAP_RISK,MOCK,KIRI_2025_20|ASSUMPTION_V1
USR03345,33,30s,BALANCED,OVERLAP_RISK,MOCK,KIRI_2025_20|ASSUMPTION_V1
USR03346,40,40s,BALANCED,OVERLAP_RISK,MOCK,KIRI_2025_20|ASSUMPTION_V1
USR03347,43,40s,STABLE_GROWTH,TAX_BENEFIT_IDLE,MOCK,KIRI_2025_20|ASSUMPTION_V1
USR03348,39,30s,STABLE_GROWTH,OVERLAP_RISK,MOCK,KIRI_2025_20|ASSUMPTION_V1
USR03349,27,20s,AGGRESSIVE,DC_NEGLECT,MOCK,KIRI_2025_20|ASSUMPTION_V1
USR03350,31,30s,STABLE_GROWTH,TAX_BENEFIT_IDLE,MOCK,KIRI_2025_20|ASSUMPTION_V1
USR03351,44,40s,STABLE_GROWTH,OVERLAP_RISK,MOCK,KIRI_2025_20|ASSUMPTION_V1
USR03352,37,30s,CONSERVATIVE,TAX_BENEFIT_IDLE,MOCK,KIRI_2025_20|ASSUMPTION_V1
USR03353,39,30s,STABLE_GROWTH,OVERLAP_RISK,MOCK,KIRI_2025_20|ASSUMPTION_V1
USR03354,31,30s,STABLE_GROWTH,DC_NEGLECT,MOCK,KIRI_2025_20|ASSUMPTION_V1
USR03355,49,40s,BALANCED,TAX_BENEFIT_IDLE,MOCK,KIRI_2025_20|ASSUMPTION_V1
USR03356,46,40s,STABLE_GROWTH,DC_NEGLECT,MOCK,KIRI_2025_20|ASSUMPTION_V1
USR03357,46,40s,BALANCED,DC_NEGLECT,MOCK,KIRI_2025_20|ASSUMPTION_V1
USR03358,27,20s,GROWTH,OVERLAP_RISK,MOCK,KIRI_2025_20|ASSUMPTION_V1
USR03359,49,40s,BALANCED,TAX_BENEFIT_IDLE,MOCK,KIRI_2025_20|ASSUMPTION_V1
USR03360,52,50_plus,BALANCED,OVERLAP_RISK,MOCK,KIRI_2025_20|ASSUMPTION_V1
USR03361,62,50_plus,GROWTH,DC_NEGLECT,MOCK,KIRI_2025_20|ASSUMPTION_V1
USR03362,41,40s,STABLE_GROWTH,TAX_BENEFIT_IDLE,MOCK,KIRI_2025_20|ASSUMPTION_V1
USR03363,39,30s,STABLE_GROWTH,TAX_BENEFIT_IDLE,MOCK,KIRI_2025_20|ASSUMPTION_V1
USR03364,33,30s,GROWTH,TAX_BENEFIT_IDLE,MOCK,KIRI_2025_20|ASSUMPTION_V1
USR03365,41,40s,GROWTH,TAX_BENEFIT_IDLE,MOCK,KIRI_2025_20|ASSUMPTION_V1
USR03366,42,40s,STABLE_GROWTH,DC_NEGLECT,MOCK,KIRI_2025_20|ASSUMPTION_V1
USR03367,63,50_plus,CONSERVATIVE,TAX_BENEFIT_IDLE,MOCK,KIRI_2025_20|ASSUMPTION_V1
USR03368,30,30s,BALANCED,OVERLAP_RISK,MOCK,KIRI_2025_20|ASSUMPTION_V1
USR03369,36,30s,BALANCED,OVERLAP_RISK,MOCK,KIRI_2025_20|ASSUMPTION_V1
USR03370,35,30s,AGGRESSIVE,OVERLAP_RISK,MOCK,KIRI_2025_20|ASSUMPTION_V1
USR03371,58,50_plus,BALANCED,TAX_BENEFIT_IDLE,MOCK,KIRI_2025_20|ASSUMPTION_V1
USR03372,63,50_plus,STABLE_GROWTH,OVERLAP_RISK,MOCK,KIRI_2025_20|ASSUMPTION_V1
USR03373,20,20s,GROWTH,TAX_BENEFIT_IDLE,MOCK,KIRI_2025_20|ASSUMPTION_V1
USR03374,39,30s,CONSERVATIVE,DC_NEGLECT,MOCK,KIRI_2025_20|ASSUMPTION_V1
USR03375,31,30s,GROWTH,TAX_BENEFIT_IDLE,MOCK,KIRI_2025_20|ASSUMPTION_V1
USR03376,50,50_plus,STABLE_GROWTH,TAX_BENEFIT_IDLE,MOCK,KIRI_2025_20|ASSUMPTION_V1
USR03377,46,40s,BALANCED,DC_NEGLECT,MOCK,KIRI_2025_20|ASSUMPTION_V1
USR03378,63,50_plus,CONSERVATIVE,DC_NEGLECT,MOCK,KIRI_2025_20|ASSUMPTION_V1
USR03379,44,40s,CONSERVATIVE,OVERLAP_RISK,MOCK,KIRI_2025_20|ASSUMPTION_V1
USR03380,25,20s,GROWTH,OVERLAP_RISK,MOCK,KIRI_2025_20|ASSUMPTION_V1
USR03381,45,40s,GROWTH,DC_NEGLECT,MOCK,KIRI_2025_20|ASSUMPTION_V1
USR03382,51,50_plus,STABLE_GROWTH,OVERLAP_RISK,MOCK,KIRI_2025_20|ASSUMPTION_V1
USR03383,58,50_plus,GROWTH,TAX_BENEFIT_IDLE,MOCK,KIRI_2025_20|ASSUMPTION_V1
USR03384,51,50_plus,BALANCED,DC_NEGLECT,MOCK,KIRI_2025_20|ASSUMPTION_V1
USR03385,62,50_plus,AGGRESSIVE,DC_NEGLECT,MOCK,KIRI_2025_20|ASSUMPTION_V1
USR03386,41,40s,GROWTH,TAX_BENEFIT_IDLE,MOCK,KIRI_2025_20|ASSUMPTION_V1
USR03387,53,50_plus,CONSERVATIVE,OVERLAP_RISK,MOCK,KIRI_2025_20|ASSUMPTION_V1
USR03388,42,40s,CONSERVATIVE,TAX_BENEFIT_IDLE,MOCK,KIRI_2025_20|ASSUMPTION_V1
USR03389,30,30s,AGGRESSIVE,DC_NEGLECT,MOCK,KIRI_2025_20|ASSUMPTION_V1
USR03390,22,20s,AGGRESSIVE,DC_NEGLECT,MOCK,KIRI_2025_20|ASSUMPTION_V1
USR03391,22,20s,STABLE_GROWTH,DC_NEGLECT,MOCK,KIRI_2025_20|ASSUMPTION_V1
USR03392,61,50_plus,STABLE_GROWTH,DC_NEGLECT,MOCK,KIRI_2025_20|ASSUMPTION_V1
USR03393,55,50_plus,GROWTH,TAX_BENEFIT_IDLE,MOCK,KIRI_2025_20|ASSUMPTION_V1
USR03394,42,40s,GROWTH,DC_NEGLECT,MOCK,KIRI_2025_20|ASSUMPTION_V1
USR03395,41,40s,BALANCED,OVERLAP_RISK,MOCK,KIRI_2025_20|ASSUMPTION_V1
USR03396,43,40s,GROWTH,TAX_BENEFIT_IDLE,MOCK,KIRI_2025_20|ASSUMPTION_V1
USR03397,39,30s,BALANCED,OVERLAP_RISK,MOCK,KIRI_2025_20|ASSUMPTION_V1
USR03398,37,30s,GROWTH,TAX_BENEFIT_IDLE,MOCK,KIRI_2025_20|ASSUMPTION_V1
USR03399,31,30s,STABLE_GROWTH,OVERLAP_RISK,MOCK,KIRI_2025_20|ASSUMPTION_V1
USR03400,61,50_plus,GROWTH,OVERLAP_RISK,MOCK,KIRI_2025_20|ASSUMPTION_V1
USR03401,23,20s,AGGRESSIVE,OVERLAP_RISK,MOCK,KIRI_2025_20|ASSUMPTION_V1
USR03402,46,40s,CONSERVATIVE,TAX_BENEFIT_IDLE,MOCK,KIRI_2025_20|ASSUMPTION_V1
USR03403,53,50_plus,CONSERVATIVE,OVERLAP_RISK,MOCK,KIRI_2025_20|ASSUMPTION_V1
USR03404,64,50_plus,CONSERVATIVE,DC_NEGLECT,MOCK,KIRI_2025_20|ASSUMPTION_V1
USR03405,38,30s,BALANCED,DC_NEGLECT,MOCK,KIRI_2025_20|ASSUMPTION_V1
USR03406,57,50_plus,GROWTH,DC_NEGLECT,MOCK,KIRI_2025_20|ASSUMPTION_V1
USR03407,46,40s,CONSERVATIVE,TAX_BENEFIT_IDLE,MOCK,KIRI_2025_20|ASSUMPTION_V1
USR03408,41,40s,CONSERVATIVE,DC_NEGLECT,MOCK,KIRI_2025_20|ASSUMPTION_V1
USR03409,41,40s,CONSERVATIVE,DC_NEGLECT,MOCK,KIRI_2025_20|ASSUMPTION_V1
USR03410,42,40s,BALANCED,OVERLAP_RISK,MOCK,KIRI_2025_20|ASSUMPTION_V1
USR03411,56,50_plus,BALANCED,TAX_BENEFIT_IDLE,MOCK,KIRI_2025_20|ASSUMPTION_V1
USR03412,42,40s,CONSERVATIVE,OVERLAP_RISK,MOCK,KIRI_2025_20|ASSUMPTION_V1
USR03413,34,30s,STABLE_GROWTH,DC_NEGLECT,MOCK,KIRI_2025_20|ASSUMPTION_V1
USR03414,49,40s,CONSERVATIVE,TAX_BENEFIT_IDLE,MOCK,KIRI_2025_20|ASSUMPTION_V1
USR03415,62,50_plus,CONSERVATIVE,DC_NEGLECT,MOCK,KIRI_2025_20|ASSUMPTION_V1
USR03416,38,30s,CONSERVATIVE,TAX_BENEFIT_IDLE,MOCK,KIRI_2025_20|ASSUMPTION_V1
USR03417,45,40s,STABLE_GROWTH,DC_NEGLECT,MOCK,KIRI_2025_20|ASSUMPTION_V1
USR03418,43,40s,CONSERVATIVE,TAX_BENEFIT_IDLE,MOCK,KIRI_2025_20|ASSUMPTION_V1
USR03419,45,40s,STABLE_GROWTH,OVERLAP_RISK,MOCK,KIRI_2025_20|ASSUMPTION_V1
USR03420,22,20s,BALANCED,DC_NEGLECT,MOCK,KIRI_2025_20|ASSUMPTION_V1
USR03421,48,40s,BALANCED,DC_NEGLECT,MOCK,KIRI_2025_20|ASSUMPTION_V1
USR03422,42,40s,CONSERVATIVE,OVERLAP_RISK,MOCK,KIRI_2025_20|ASSUMPTION_V1
USR03423,35,30s,STABLE_GROWTH,DC_NEGLECT,MOCK,KIRI_2025_20|ASSUMPTION_V1
USR03424,28,20s,AGGRESSIVE,DC_NEGLECT,MOCK,KIRI_2025_20|ASSUMPTION_V1
USR03425,44,40s,GROWTH,OVERLAP_RISK,MOCK,KIRI_2025_20|ASSUMPTION_V1
USR03426,26,20s,GROWTH,TAX_BENEFIT_IDLE,MOCK,KIRI_2025_20|ASSUMPTION_V1
USR03427,35,30s,BALANCED,DC_NEGLECT,MOCK,KIRI_2025_20|ASSUMPTION_V1
USR03428,24,20s,GROWTH,TAX_BENEFIT_IDLE,MOCK,KIRI_2025_20|ASSUMPTION_V1
USR03429,36,30s,BALANCED,OVERLAP_RISK,MOCK,KIRI_2025_20|ASSUMPTION_V1
USR03430,45,40s,GROWTH,TAX_BENEFIT_IDLE,MOCK,KIRI_2025_20|ASSUMPTION_V1
USR03431,42,40s,CONSERVATIVE,TAX_BENEFIT_IDLE,MOCK,KIRI_2025_20|ASSUMPTION_V1
USR03432,57,50_plus,STABLE_GROWTH,DC_NEGLECT,MOCK,KIRI_2025_20|ASSUMPTION_V1
USR03433,43,40s,GROWTH,DC_NEGLECT,MOCK,KIRI_2025_20|ASSUMPTION_V1
USR03434,45,40s,CONSERVATIVE,DC_NEGLECT,MOCK,KIRI_2025_20|ASSUMPTION_V1
USR03435,53,50_plus,CONSERVATIVE,DC_NEGLECT,MOCK,KIRI_2025_20|ASSUMPTION_V1
USR03436,38,30s,BALANCED,DC_NEGLECT,MOCK,KIRI_2025_20|ASSUMPTION_V1
USR03437,20,20s,AGGRESSIVE,OVERLAP_RISK,MOCK,KIRI_2025_20|ASSUMPTION_V1
USR03438,49,40s,AGGRESSIVE,DC_NEGLECT,MOCK,KIRI_2025_20|ASSUMPTION_V1
USR03439,47,40s,BALANCED,TAX_BENEFIT_IDLE,MOCK,KIRI_2025_20|ASSUMPTION_V1
USR03440,37,30s,GROWTH,TAX_BENEFIT_IDLE,MOCK,KIRI_2025_20|ASSUMPTION_V1
USR03441,61,50_plus,STABLE_GROWTH,TAX_BENEFIT_IDLE,MOCK,KIRI_2025_20|ASSUMPTION_V1
USR03442,57,50_plus,BALANCED,DC_NEGLECT,MOCK,KIRI_2025_20|ASSUMPTION_V1
USR03443,46,40s,STABLE_GROWTH,TAX_BENEFIT_IDLE,MOCK,KIRI_2025_20|ASSUMPTION_V1
USR03444,30,30s,BALANCED,DC_NEGLECT,MOCK,KIRI_2025_20|ASSUMPTION_V1
USR03445,47,40s,GROWTH,TAX_BENEFIT_IDLE,MOCK,KIRI_2025_20|ASSUMPTION_V1
USR03446,28,20s,AGGRESSIVE,TAX_BENEFIT_IDLE,MOCK,KIRI_2025_20|ASSUMPTION_V1
USR03447,36,30s,BALANCED,TAX_BENEFIT_IDLE,MOCK,KIRI_2025_20|ASSUMPTION_V1
USR03448,36,30s,CONSERVATIVE,DC_NEGLECT,MOCK,KIRI_2025_20|ASSUMPTION_V1
USR03449,33,30s,STABLE_GROWTH,OVERLAP_RISK,MOCK,KIRI_2025_20|ASSUMPTION_V1
USR03450,40,40s,AGGRESSIVE,OVERLAP_RISK,MOCK,KIRI_2025_20|ASSUMPTION_V1
USR03451,27,20s,AGGRESSIVE,TAX_BENEFIT_IDLE,MOCK,KIRI_2025_20|ASSUMPTION_V1
USR03452,49,40s,BALANCED,OVERLAP_RISK,MOCK,KIRI_2025_20|ASSUMPTION_V1
USR03453,47,40s,GROWTH,TAX_BENEFIT_IDLE,MOCK,KIRI_2025_20|ASSUMPTION_V1
USR03454,41,40s,GROWTH,OVERLAP_RISK,MOCK,KIRI_2025_20|ASSUMPTION_V1
USR03455,52,50_plus,CONSERVATIVE,TAX_BENEFIT_IDLE,MOCK,KIRI_2025_20|ASSUMPTION_V1
USR03456,55,50_plus,STABLE_GROWTH,TAX_BENEFIT_IDLE,MOCK,KIRI_2025_20|ASSUMPTION_V1
USR03457,44,40s,BALANCED,TAX_BENEFIT_IDLE,MOCK,KIRI_2025_20|ASSUMPTION_V1
USR03458,40,40s,STABLE_GROWTH,DC_NEGLECT,MOCK,KIRI_2025_20|ASSUMPTION_V1
USR03459,39,30s,AGGRESSIVE,OVERLAP_RISK,MOCK,KIRI_2025_20|ASSUMPTION_V1
USR03460,38,30s,STABLE_GROWTH,DC_NEGLECT,MOCK,KIRI_2025_20|ASSUMPTION_V1
USR03461,34,30s,CONSERVATIVE,TAX_BENEFIT_IDLE,MOCK,KIRI_2025_20|ASSUMPTION_V1
USR03462,48,40s,CONSERVATIVE,OVERLAP_RISK,MOCK,KIRI_2025_20|ASSUMPTION_V1
USR03463,40,40s,BALANCED,DC_NEGLECT,MOCK,KIRI_2025_20|ASSUMPTION_V1
USR03464,48,40s,CONSERVATIVE,OVERLAP_RISK,MOCK,KIRI_2025_20|ASSUMPTION_V1
USR03465,44,40s,BALANCED,DC_NEGLECT,MOCK,KIRI_2025_20|ASSUMPTION_V1
USR03466,60,50_plus,CONSERVATIVE,OVERLAP_RISK,MOCK,KIRI_2025_20|ASSUMPTION_V1
USR03467,60,50_plus,CONSERVATIVE,OVERLAP_RISK,MOCK,KIRI_2025_20|ASSUMPTION_V1
USR03468,31,30s,GROWTH,TAX_BENEFIT_IDLE,MOCK,KIRI_2025_20|ASSUMPTION_V1
USR03469,47,40s,BALANCED,OVERLAP_RISK,MOCK,KIRI_2025_20|ASSUMPTION_V1
USR03470,46,40s,BALANCED,DC_NEGLECT,MOCK,KIRI_2025_20|ASSUMPTION_V1
USR03471,40,40s,AGGRESSIVE,OVERLAP_RISK,MOCK,KIRI_2025_20|ASSUMPTION_V1
USR03472,52,50_plus,CONSERVATIVE,DC_NEGLECT,MOCK,KIRI_2025_20|ASSUMPTION_V1
USR03473,35,30s,BALANCED,TAX_BENEFIT_IDLE,MOCK,KIRI_2025_20|ASSUMPTION_V1
USR03474,56,50_plus,BALANCED,DC_NEGLECT,MOCK,KIRI_2025_20|ASSUMPTION_V1
USR03475,62,50_plus,STABLE_GROWTH,OVERLAP_RISK,MOCK,KIRI_2025_20|ASSUMPTION_V1
USR03476,37,30s,STABLE_GROWTH,OVERLAP_RISK,MOCK,KIRI_2025_20|ASSUMPTION_V1
USR03477,41,40s,CONSERVATIVE,DC_NEGLECT,MOCK,KIRI_2025_20|ASSUMPTION_V1
USR03478,45,40s,GROWTH,TAX_BENEFIT_IDLE,MOCK,KIRI_2025_20|ASSUMPTION_V1
USR03479,26,20s,BALANCED,DC_NEGLECT,MOCK,KIRI_2025_20|ASSUMPTION_V1
USR03480,53,50_plus,STABLE_GROWTH,DC_NEGLECT,MOCK,KIRI_2025_20|ASSUMPTION_V1
USR03481,38,30s,CONSERVATIVE,TAX_BENEFIT_IDLE,MOCK,KIRI_2025_20|ASSUMPTION_V1
USR03482,40,40s,GROWTH,DC_NEGLECT,MOCK,KIRI_2025_20|ASSUMPTION_V1
USR03483,29,20s,STABLE_GROWTH,DC_NEGLECT,MOCK,KIRI_2025_20|ASSUMPTION_V1
USR03484,59,50_plus,BALANCED,OVERLAP_RISK,MOCK,KIRI_2025_20|ASSUMPTION_V1
USR03485,34,30s,STABLE_GROWTH,OVERLAP_RISK,MOCK,KIRI_2025_20|ASSUMPTION_V1
USR03486,54,50_plus,STABLE_GROWTH,DC_NEGLECT,MOCK,KIRI_2025_20|ASSUMPTION_V1
USR03487,64,50_plus,STABLE_GROWTH,DC_NEGLECT,MOCK,KIRI_2025_20|ASSUMPTION_V1
USR03488,21,20s,STABLE_GROWTH,OVERLAP_RISK,MOCK,KIRI_2025_20|ASSUMPTION_V1
USR03489,64,50_plus,GROWTH,TAX_BENEFIT_IDLE,MOCK,KIRI_2025_20|ASSUMPTION_V1
USR03490,41,40s,GROWTH,DC_NEGLECT,MOCK,KIRI_2025_20|ASSUMPTION_V1
USR03491,52,50_plus,STABLE_GROWTH,DC_NEGLECT,MOCK,KIRI_2025_20|ASSUMPTION_V1
USR03492,55,50_plus,BALANCED,TAX_BENEFIT_IDLE,MOCK,KIRI_2025_20|ASSUMPTION_V1
USR03493,56,50_plus,STABLE_GROWTH,OVERLAP_RISK,MOCK,KIRI_2025_20|ASSUMPTION_V1
USR03494,42,40s,CONSERVATIVE,OVERLAP_RISK,MOCK,KIRI_2025_20|ASSUMPTION_V1
USR03495,39,30s,BALANCED,OVERLAP_RISK,MOCK,KIRI_2025_20|ASSUMPTION_V1
USR03496,48,40s,STABLE_GROWTH,DC_NEGLECT,MOCK,KIRI_2025_20|ASSUMPTION_V1
USR03497,41,40s,BALANCED,OVERLAP_RISK,MOCK,KIRI_2025_20|ASSUMPTION_V1
USR03498,32,30s,GROWTH,TAX_BENEFIT_IDLE,MOCK,KIRI_2025_20|ASSUMPTION_V1
USR03499,50,50_plus,AGGRESSIVE,OVERLAP_RISK,MOCK,KIRI_2025_20|ASSUMPTION_V1
USR03500,39,30s,GROWTH,DC_NEGLECT,MOCK,KIRI_2025_20|ASSUMPTION_V1
USR03501,42,40s,GROWTH,OVERLAP_RISK,MOCK,KIRI_2025_20|ASSUMPTION_V1
USR03502,37,30s,CONSERVATIVE,DC_NEGLECT,MOCK,KIRI_2025_20|ASSUMPTION_V1
USR03503,61,50_plus,CONSERVATIVE,OVERLAP_RISK,MOCK,KIRI_2025_20|ASSUMPTION_V1
USR03504,64,50_plus,GROWTH,TAX_BENEFIT_IDLE,MOCK,KIRI_2025_20|ASSUMPTION_V1
USR03505,64,50_plus,BALANCED,OVERLAP_RISK,MOCK,KIRI_2025_20|ASSUMPTION_V1
USR03506,52,50_plus,BALANCED,DC_NEGLECT,MOCK,KIRI_2025_20|ASSUMPTION_V1
USR03507,41,40s,GROWTH,OVERLAP_RISK,MOCK,KIRI_2025_20|ASSUMPTION_V1
USR03508,62,50_plus,STABLE_GROWTH,TAX_BENEFIT_IDLE,MOCK,KIRI_2025_20|ASSUMPTION_V1
USR03509,42,40s,BALANCED,DC_NEGLECT,MOCK,KIRI_2025_20|ASSUMPTION_V1
USR03510,20,20s,STABLE_GROWTH,TAX_BENEFIT_IDLE,MOCK,KIRI_2025_20|ASSUMPTION_V1
USR03511,49,40s,BALANCED,DC_NEGLECT,MOCK,KIRI_2025_20|ASSUMPTION_V1
USR03512,50,50_plus,BALANCED,OVERLAP_RISK,MOCK,KIRI_2025_20|ASSUMPTION_V1
USR03513,46,40s,CONSERVATIVE,TAX_BENEFIT_IDLE,MOCK,KIRI_2025_20|ASSUMPTION_V1
USR03514,48,40s,STABLE_GROWTH,TAX_BENEFIT_IDLE,MOCK,KIRI_2025_20|ASSUMPTION_V1
USR03515,52,50_plus,STABLE_GROWTH,TAX_BENEFIT_IDLE,MOCK,KIRI_2025_20|ASSUMPTION_V1
USR03516,24,20s,AGGRESSIVE,OVERLAP_RISK,MOCK,KIRI_2025_20|ASSUMPTION_V1
USR03517,43,40s,STABLE_GROWTH,DC_NEGLECT,MOCK,KIRI_2025_20|ASSUMPTION_V1
USR03518,47,40s,AGGRESSIVE,TAX_BENEFIT_IDLE,MOCK,KIRI_2025_20|ASSUMPTION_V1
USR03519,25,20s,AGGRESSIVE,DC_NEGLECT,MOCK,KIRI_2025_20|ASSUMPTION_V1
USR03520,60,50_plus,GROWTH,OVERLAP_RISK,MOCK,KIRI_2025_20|ASSUMPTION_V1
USR03521,49,40s,CONSERVATIVE,OVERLAP_RISK,MOCK,KIRI_2025_20|ASSUMPTION_V1
USR03522,51,50_plus,BALANCED,DC_NEGLECT,MOCK,KIRI_2025_20|ASSUMPTION_V1
USR03523,60,50_plus,BALANCED,TAX_BENEFIT_IDLE,MOCK,KIRI_2025_20|ASSUMPTION_V1
USR03524,41,40s,STABLE_GROWTH,DC_NEGLECT,MOCK,KIRI_2025_20|ASSUMPTION_V1
USR03525,59,50_plus,BALANCED,OVERLAP_RISK,MOCK,KIRI_2025_20|ASSUMPTION_V1
USR03526,49,40s,STABLE_GROWTH,DC_NEGLECT,MOCK,KIRI_2025_20|ASSUMPTION_V1
USR03527,38,30s,CONSERVATIVE,DC_NEGLECT,MOCK,KIRI_2025_20|ASSUMPTION_V1
USR03528,40,40s,STABLE_GROWTH,DC_NEGLECT,MOCK,KIRI_2025_20|ASSUMPTION_V1
USR03529,45,40s,STABLE_GROWTH,OVERLAP_RISK,MOCK,KIRI_2025_20|ASSUMPTION_V1
USR03530,25,20s,STABLE_GROWTH,DC_NEGLECT,MOCK,KIRI_2025_20|ASSUMPTION_V1
USR03531,45,40s,CONSERVATIVE,TAX_BENEFIT_IDLE,MOCK,KIRI_2025_20|ASSUMPTION_V1
USR03532,44,40s,BALANCED,OVERLAP_RISK,MOCK,KIRI_2025_20|ASSUMPTION_V1
USR03533,54,50_plus,GROWTH,OVERLAP_RISK,MOCK,KIRI_2025_20|ASSUMPTION_V1
USR03534,44,40s,GROWTH,DC_NEGLECT,MOCK,KIRI_2025_20|ASSUMPTION_V1
USR03535,38,30s,GROWTH,TAX_BENEFIT_IDLE,MOCK,KIRI_2025_20|ASSUMPTION_V1
USR03536,23,20s,STABLE_GROWTH,DC_NEGLECT,MOCK,KIRI_2025_20|ASSUMPTION_V1
USR03537,38,30s,STABLE_GROWTH,TAX_BENEFIT_IDLE,MOCK,KIRI_2025_20|ASSUMPTION_V1
USR03538,34,30s,BALANCED,OVERLAP_RISK,MOCK,KIRI_2025_20|ASSUMPTION_V1
USR03539,41,40s,STABLE_GROWTH,OVERLAP_RISK,MOCK,KIRI_2025_20|ASSUMPTION_V1
USR03540,38,30s,AGGRESSIVE,DC_NEGLECT,MOCK,KIRI_2025_20|ASSUMPTION_V1
USR03541,53,50_plus,STABLE_GROWTH,DC_NEGLECT,MOCK,KIRI_2025_20|ASSUMPTION_V1
USR03542,36,30s,BALANCED,TAX_BENEFIT_IDLE,MOCK,KIRI_2025_20|ASSUMPTION_V1
USR03543,49,40s,GROWTH,DC_NEGLECT,MOCK,KIRI_2025_20|ASSUMPTION_V1
USR03544,51,50_plus,AGGRESSIVE,TAX_BENEFIT_IDLE,MOCK,KIRI_2025_20|ASSUMPTION_V1
USR03545,45,40s,STABLE_GROWTH,OVERLAP_RISK,MOCK,KIRI_2025_20|ASSUMPTION_V1
USR03546,44,40s,GROWTH,OVERLAP_RISK,MOCK,KIRI_2025_20|ASSUMPTION_V1
USR03547,37,30s,GROWTH,DC_NEGLECT,MOCK,KIRI_2025_20|ASSUMPTION_V1
USR03548,54,50_plus,CONSERVATIVE,DC_NEGLECT,MOCK,KIRI_2025_20|ASSUMPTION_V1
USR03549,62,50_plus,CONSERVATIVE,DC_NEGLECT,MOCK,KIRI_2025_20|ASSUMPTION_V1
USR03550,29,20s,BALANCED,OVERLAP_RISK,MOCK,KIRI_2025_20|ASSUMPTION_V1
USR03551,45,40s,STABLE_GROWTH,DC_NEGLECT,MOCK,KIRI_2025_20|ASSUMPTION_V1
USR03552,40,40s,CONSERVATIVE,TAX_BENEFIT_IDLE,MOCK,KIRI_2025_20|ASSUMPTION_V1
USR03553,40,40s,CONSERVATIVE,OVERLAP_RISK,MOCK,KIRI_2025_20|ASSUMPTION_V1
USR03554,39,30s,CONSERVATIVE,TAX_BENEFIT_IDLE,MOCK,KIRI_2025_20|ASSUMPTION_V1
USR03555,45,40s,STABLE_GROWTH,DC_NEGLECT,MOCK,KIRI_2025_20|ASSUMPTION_V1
USR03556,24,20s,AGGRESSIVE,TAX_BENEFIT_IDLE,MOCK,KIRI_2025_20|ASSUMPTION_V1
USR03557,21,20s,BALANCED,OVERLAP_RISK,MOCK,KIRI_2025_20|ASSUMPTION_V1
USR03558,30,30s,BALANCED,OVERLAP_RISK,MOCK,KIRI_2025_20|ASSUMPTION_V1
USR03559,38,30s,STABLE_GROWTH,TAX_BENEFIT_IDLE,MOCK,KIRI_2025_20|ASSUMPTION_V1
USR03560,33,30s,CONSERVATIVE,DC_NEGLECT,MOCK,KIRI_2025_20|ASSUMPTION_V1
USR03561,61,50_plus,CONSERVATIVE,TAX_BENEFIT_IDLE,MOCK,KIRI_2025_20|ASSUMPTION_V1
USR03562,52,50_plus,AGGRESSIVE,DC_NEGLECT,MOCK,KIRI_2025_20|ASSUMPTION_V1
USR03563,64,50_plus,CONSERVATIVE,OVERLAP_RISK,MOCK,KIRI_2025_20|ASSUMPTION_V1
USR03564,26,20s,GROWTH,TAX_BENEFIT_IDLE,MOCK,KIRI_2025_20|ASSUMPTION_V1
USR03565,30,30s,GROWTH,TAX_BENEFIT_IDLE,MOCK,KIRI_2025_20|ASSUMPTION_V1
USR03566,58,50_plus,BALANCED,DC_NEGLECT,MOCK,KIRI_2025_20|ASSUMPTION_V1
USR03567,27,20s,GROWTH,TAX_BENEFIT_IDLE,MOCK,KIRI_2025_20|ASSUMPTION_V1
USR03568,62,50_plus,BALANCED,DC_NEGLECT,MOCK,KIRI_2025_20|ASSUMPTION_V1
USR03569,36,30s,STABLE_GROWTH,TAX_BENEFIT_IDLE,MOCK,KIRI_2025_20|ASSUMPTION_V1
USR03570,34,30s,BALANCED,DC_NEGLECT,MOCK,KIRI_2025_20|ASSUMPTION_V1
USR03571,33,30s,BALANCED,DC_NEGLECT,MOCK,KIRI_2025_20|ASSUMPTION_V1
USR03572,61,50_plus,CONSERVATIVE,TAX_BENEFIT_IDLE,MOCK,KIRI_2025_20|ASSUMPTION_V1
USR03573,23,20s,STABLE_GROWTH,DC_NEGLECT,MOCK,KIRI_2025_20|ASSUMPTION_V1
USR03574,41,40s,BALANCED,DC_NEGLECT,MOCK,KIRI_2025_20|ASSUMPTION_V1
USR03575,47,40s,STABLE_GROWTH,DC_NEGLECT,MOCK,KIRI_2025_20|ASSUMPTION_V1
USR03576,33,30s,CONSERVATIVE,OVERLAP_RISK,MOCK,KIRI_2025_20|ASSUMPTION_V1
USR03577,36,30s,BALANCED,TAX_BENEFIT_IDLE,MOCK,KIRI_2025_20|ASSUMPTION_V1
USR03578,58,50_plus,STABLE_GROWTH,TAX_BENEFIT_IDLE,MOCK,KIRI_2025_20|ASSUMPTION_V1
USR03579,42,40s,STABLE_GROWTH,TAX_BENEFIT_IDLE,MOCK,KIRI_2025_20|ASSUMPTION_V1
USR03580,59,50_plus,BALANCED,TAX_BENEFIT_IDLE,MOCK,KIRI_2025_20|ASSUMPTION_V1
USR03581,46,40s,BALANCED,DC_NEGLECT,MOCK,KIRI_2025_20|ASSUMPTION_V1
USR03582,50,50_plus,GROWTH,DC_NEGLECT,MOCK,KIRI_2025_20|ASSUMPTION_V1
USR03583,55,50_plus,STABLE_GROWTH,OVERLAP_RISK,MOCK,KIRI_2025_20|ASSUMPTION_V1
USR03584,26,20s,GROWTH,OVERLAP_RISK,MOCK,KIRI_2025_20|ASSUMPTION_V1
USR03585,40,40s,BALANCED,DC_NEGLECT,MOCK,KIRI_2025_20|ASSUMPTION_V1
USR03586,60,50_plus,CONSERVATIVE,DC_NEGLECT,MOCK,KIRI_2025_20|ASSUMPTION_V1
USR03587,40,40s,GROWTH,DC_NEGLECT,MOCK,KIRI_2025_20|ASSUMPTION_V1
USR03588,41,40s,STABLE_GROWTH,TAX_BENEFIT_IDLE,MOCK,KIRI_2025_20|ASSUMPTION_V1
USR03589,35,30s,GROWTH,OVERLAP_RISK,MOCK,KIRI_2025_20|ASSUMPTION_V1
USR03590,32,30s,BALANCED,OVERLAP_RISK,MOCK,KIRI_2025_20|ASSUMPTION_V1
USR03591,30,30s,BALANCED,TAX_BENEFIT_IDLE,MOCK,KIRI_2025_20|ASSUMPTION_V1
USR03592,46,40s,STABLE_GROWTH,DC_NEGLECT,MOCK,KIRI_2025_20|ASSUMPTION_V1
USR03593,39,30s,BALANCED,DC_NEGLECT,MOCK,KIRI_2025_20|ASSUMPTION_V1
USR03594,44,40s,CONSERVATIVE,TAX_BENEFIT_IDLE,MOCK,KIRI_2025_20|ASSUMPTION_V1
USR03595,31,30s,AGGRESSIVE,DC_NEGLECT,MOCK,KIRI_2025_20|ASSUMPTION_V1
USR03596,39,30s,BALANCED,TAX_BENEFIT_IDLE,MOCK,KIRI_2025_20|ASSUMPTION_V1
USR03597,24,20s,AGGRESSIVE,DC_NEGLECT,MOCK,KIRI_2025_20|ASSUMPTION_V1
USR03598,32,30s,BALANCED,TAX_BENEFIT_IDLE,MOCK,KIRI_2025_20|ASSUMPTION_V1
USR03599,38,30s,GROWTH,DC_NEGLECT,MOCK,KIRI_2025_20|ASSUMPTION_V1
USR03600,58,50_plus,CONSERVATIVE,DC_NEGLECT,MOCK,KIRI_2025_20|ASSUMPTION_V1
USR03601,24,20s,CONSERVATIVE,TAX_BENEFIT_IDLE,MOCK,KIRI_2025_20|ASSUMPTION_V1
USR03602,35,30s,STABLE_GROWTH,DC_NEGLECT,MOCK,KIRI_2025_20|ASSUMPTION_V1
USR03603,47,40s,CONSERVATIVE,DC_NEGLECT,MOCK,KIRI_2025_20|ASSUMPTION_V1
USR03604,46,40s,BALANCED,OVERLAP_RISK,MOCK,KIRI_2025_20|ASSUMPTION_V1
USR03605,48,40s,CONSERVATIVE,TAX_BENEFIT_IDLE,MOCK,KIRI_2025_20|ASSUMPTION_V1
USR03606,36,30s,STABLE_GROWTH,DC_NEGLECT,MOCK,KIRI_2025_20|ASSUMPTION_V1
USR03607,54,50_plus,BALANCED,DC_NEGLECT,MOCK,KIRI_2025_20|ASSUMPTION_V1
USR03608,62,50_plus,CONSERVATIVE,TAX_BENEFIT_IDLE,MOCK,KIRI_2025_20|ASSUMPTION_V1
USR03609,50,50_plus,CONSERVATIVE,OVERLAP_RISK,MOCK,KIRI_2025_20|ASSUMPTION_V1
USR03610,62,50_plus,GROWTH,DC_NEGLECT,MOCK,KIRI_2025_20|ASSUMPTION_V1
USR03611,28,20s,STABLE_GROWTH,OVERLAP_RISK,MOCK,KIRI_2025_20|ASSUMPTION_V1
USR03612,49,40s,STABLE_GROWTH,OVERLAP_RISK,MOCK,KIRI_2025_20|ASSUMPTION_V1
USR03613,26,20s,GROWTH,OVERLAP_RISK,MOCK,KIRI_2025_20|ASSUMPTION_V1
USR03614,38,30s,AGGRESSIVE,DC_NEGLECT,MOCK,KIRI_2025_20|ASSUMPTION_V1
USR03615,22,20s,CONSERVATIVE,DC_NEGLECT,MOCK,KIRI_2025_20|ASSUMPTION_V1
USR03616,46,40s,STABLE_GROWTH,DC_NEGLECT,MOCK,KIRI_2025_20|ASSUMPTION_V1
USR03617,34,30s,AGGRESSIVE,OVERLAP_RISK,MOCK,KIRI_2025_20|ASSUMPTION_V1
USR03618,27,20s,GROWTH,OVERLAP_RISK,MOCK,KIRI_2025_20|ASSUMPTION_V1
USR03619,32,30s,CONSERVATIVE,DC_NEGLECT,MOCK,KIRI_2025_20|ASSUMPTION_V1
USR03620,48,40s,GROWTH,OVERLAP_RISK,MOCK,KIRI_2025_20|ASSUMPTION_V1
USR03621,30,30s,BALANCED,DC_NEGLECT,MOCK,KIRI_2025_20|ASSUMPTION_V1
USR03622,37,30s,BALANCED,OVERLAP_RISK,MOCK,KIRI_2025_20|ASSUMPTION_V1
USR03623,35,30s,AGGRESSIVE,OVERLAP_RISK,MOCK,KIRI_2025_20|ASSUMPTION_V1
USR03624,46,40s,AGGRESSIVE,OVERLAP_RISK,MOCK,KIRI_2025_20|ASSUMPTION_V1
USR03625,34,30s,GROWTH,OVERLAP_RISK,MOCK,KIRI_2025_20|ASSUMPTION_V1
USR03626,58,50_plus,STABLE_GROWTH,TAX_BENEFIT_IDLE,MOCK,KIRI_2025_20|ASSUMPTION_V1
USR03627,62,50_plus,STABLE_GROWTH,TAX_BENEFIT_IDLE,MOCK,KIRI_2025_20|ASSUMPTION_V1
USR03628,25,20s,CONSERVATIVE,DC_NEGLECT,MOCK,KIRI_2025_20|ASSUMPTION_V1
USR03629,33,30s,STABLE_GROWTH,TAX_BENEFIT_IDLE,MOCK,KIRI_2025_20|ASSUMPTION_V1
USR03630,37,30s,CONSERVATIVE,OVERLAP_RISK,MOCK,KIRI_2025_20|ASSUMPTION_V1
USR03631,40,40s,GROWTH,TAX_BENEFIT_IDLE,MOCK,KIRI_2025_20|ASSUMPTION_V1
USR03632,48,40s,STABLE_GROWTH,DC_NEGLECT,MOCK,KIRI_2025_20|ASSUMPTION_V1
USR03633,45,40s,BALANCED,DC_NEGLECT,MOCK,KIRI_2025_20|ASSUMPTION_V1
USR03634,39,30s,BALANCED,DC_NEGLECT,MOCK,KIRI_2025_20|ASSUMPTION_V1
USR03635,45,40s,BALANCED,OVERLAP_RISK,MOCK,KIRI_2025_20|ASSUMPTION_V1
USR03636,33,30s,BALANCED,OVERLAP_RISK,MOCK,KIRI_2025_20|ASSUMPTION_V1
USR03637,58,50_plus,CONSERVATIVE,OVERLAP_RISK,MOCK,KIRI_2025_20|ASSUMPTION_V1
USR03638,48,40s,GROWTH,DC_NEGLECT,MOCK,KIRI_2025_20|ASSUMPTION_V1
USR03639,35,30s,GROWTH,OVERLAP_RISK,MOCK,KIRI_2025_20|ASSUMPTION_V1
USR03640,59,50_plus,STABLE_GROWTH,DC_NEGLECT,MOCK,KIRI_2025_20|ASSUMPTION_V1
USR03641,53,50_plus,STABLE_GROWTH,TAX_BENEFIT_IDLE,MOCK,KIRI_2025_20|ASSUMPTION_V1
USR03642,48,40s,BALANCED,OVERLAP_RISK,MOCK,KIRI_2025_20|ASSUMPTION_V1
USR03643,49,40s,CONSERVATIVE,OVERLAP_RISK,MOCK,KIRI_2025_20|ASSUMPTION_V1
USR03644,31,30s,STABLE_GROWTH,OVERLAP_RISK,MOCK,KIRI_2025_20|ASSUMPTION_V1
USR03645,47,40s,STABLE_GROWTH,DC_NEGLECT,MOCK,KIRI_2025_20|ASSUMPTION_V1
USR03646,54,50_plus,CONSERVATIVE,TAX_BENEFIT_IDLE,MOCK,KIRI_2025_20|ASSUMPTION_V1
USR03647,50,50_plus,BALANCED,OVERLAP_RISK,MOCK,KIRI_2025_20|ASSUMPTION_V1
USR03648,46,40s,BALANCED,OVERLAP_RISK,MOCK,KIRI_2025_20|ASSUMPTION_V1
USR03649,35,30s,BALANCED,DC_NEGLECT,MOCK,KIRI_2025_20|ASSUMPTION_V1
USR03650,64,50_plus,CONSERVATIVE,DC_NEGLECT,MOCK,KIRI_2025_20|ASSUMPTION_V1
USR03651,46,40s,GROWTH,TAX_BENEFIT_IDLE,MOCK,KIRI_2025_20|ASSUMPTION_V1
USR03652,36,30s,BALANCED,OVERLAP_RISK,MOCK,KIRI_2025_20|ASSUMPTION_V1
USR03653,36,30s,STABLE_GROWTH,OVERLAP_RISK,MOCK,KIRI_2025_20|ASSUMPTION_V1
USR03654,61,50_plus,GROWTH,TAX_BENEFIT_IDLE,MOCK,KIRI_2025_20|ASSUMPTION_V1
USR03655,44,40s,BALANCED,TAX_BENEFIT_IDLE,MOCK,KIRI_2025_20|ASSUMPTION_V1
USR03656,49,40s,STABLE_GROWTH,DC_NEGLECT,MOCK,KIRI_2025_20|ASSUMPTION_V1
USR03657,50,50_plus,STABLE_GROWTH,OVERLAP_RISK,MOCK,KIRI_2025_20|ASSUMPTION_V1
USR03658,47,40s,STABLE_GROWTH,DC_NEGLECT,MOCK,KIRI_2025_20|ASSUMPTION_V1
USR03659,48,40s,STABLE_GROWTH,DC_NEGLECT,MOCK,KIRI_2025_20|ASSUMPTION_V1
USR03660,50,50_plus,STABLE_GROWTH,DC_NEGLECT,MOCK,KIRI_2025_20|ASSUMPTION_V1
USR03661,49,40s,STABLE_GROWTH,DC_NEGLECT,MOCK,KIRI_2025_20|ASSUMPTION_V1
USR03662,43,40s,BALANCED,DC_NEGLECT,MOCK,KIRI_2025_20|ASSUMPTION_V1
USR03663,28,20s,GROWTH,OVERLAP_RISK,MOCK,KIRI_2025_20|ASSUMPTION_V1
USR03664,58,50_plus,AGGRESSIVE,DC_NEGLECT,MOCK,KIRI_2025_20|ASSUMPTION_V1
USR03665,48,40s,STABLE_GROWTH,OVERLAP_RISK,MOCK,KIRI_2025_20|ASSUMPTION_V1
USR03666,38,30s,BALANCED,DC_NEGLECT,MOCK,KIRI_2025_20|ASSUMPTION_V1
USR03667,38,30s,AGGRESSIVE,DC_NEGLECT,MOCK,KIRI_2025_20|ASSUMPTION_V1
USR03668,49,40s,BALANCED,DC_NEGLECT,MOCK,KIRI_2025_20|ASSUMPTION_V1
USR03669,62,50_plus,CONSERVATIVE,TAX_BENEFIT_IDLE,MOCK,KIRI_2025_20|ASSUMPTION_V1
USR03670,55,50_plus,STABLE_GROWTH,OVERLAP_RISK,MOCK,KIRI_2025_20|ASSUMPTION_V1
USR03671,24,20s,STABLE_GROWTH,DC_NEGLECT,MOCK,KIRI_2025_20|ASSUMPTION_V1
USR03672,38,30s,GROWTH,OVERLAP_RISK,MOCK,KIRI_2025_20|ASSUMPTION_V1
USR03673,41,40s,GROWTH,DC_NEGLECT,MOCK,KIRI_2025_20|ASSUMPTION_V1
USR03674,31,30s,STABLE_GROWTH,OVERLAP_RISK,MOCK,KIRI_2025_20|ASSUMPTION_V1
USR03675,51,50_plus,STABLE_GROWTH,DC_NEGLECT,MOCK,KIRI_2025_20|ASSUMPTION_V1
USR03676,20,20s,AGGRESSIVE,DC_NEGLECT,MOCK,KIRI_2025_20|ASSUMPTION_V1
USR03677,39,30s,BALANCED,TAX_BENEFIT_IDLE,MOCK,KIRI_2025_20|ASSUMPTION_V1
USR03678,39,30s,STABLE_GROWTH,TAX_BENEFIT_IDLE,MOCK,KIRI_2025_20|ASSUMPTION_V1
USR03679,48,40s,CONSERVATIVE,OVERLAP_RISK,MOCK,KIRI_2025_20|ASSUMPTION_V1
USR03680,41,40s,CONSERVATIVE,TAX_BENEFIT_IDLE,MOCK,KIRI_2025_20|ASSUMPTION_V1
USR03681,44,40s,STABLE_GROWTH,OVERLAP_RISK,MOCK,KIRI_2025_20|ASSUMPTION_V1
USR03682,34,30s,STABLE_GROWTH,OVERLAP_RISK,MOCK,KIRI_2025_20|ASSUMPTION_V1
USR03683,47,40s,BALANCED,DC_NEGLECT,MOCK,KIRI_2025_20|ASSUMPTION_V1
USR03684,49,40s,BALANCED,TAX_BENEFIT_IDLE,MOCK,KIRI_2025_20|ASSUMPTION_V1
USR03685,45,40s,STABLE_GROWTH,DC_NEGLECT,MOCK,KIRI_2025_20|ASSUMPTION_V1
USR03686,52,50_plus,CONSERVATIVE,DC_NEGLECT,MOCK,KIRI_2025_20|ASSUMPTION_V1
USR03687,21,20s,STABLE_GROWTH,TAX_BENEFIT_IDLE,MOCK,KIRI_2025_20|ASSUMPTION_V1
USR03688,39,30s,BALANCED,OVERLAP_RISK,MOCK,KIRI_2025_20|ASSUMPTION_V1
USR03689,20,20s,BALANCED,TAX_BENEFIT_IDLE,MOCK,KIRI_2025_20|ASSUMPTION_V1
USR03690,36,30s,CONSERVATIVE,OVERLAP_RISK,MOCK,KIRI_2025_20|ASSUMPTION_V1
USR03691,31,30s,BALANCED,DC_NEGLECT,MOCK,KIRI_2025_20|ASSUMPTION_V1
USR03692,35,30s,GROWTH,DC_NEGLECT,MOCK,KIRI_2025_20|ASSUMPTION_V1
USR03693,36,30s,BALANCED,OVERLAP_RISK,MOCK,KIRI_2025_20|ASSUMPTION_V1
USR03694,53,50_plus,CONSERVATIVE,TAX_BENEFIT_IDLE,MOCK,KIRI_2025_20|ASSUMPTION_V1
USR03695,58,50_plus,GROWTH,DC_NEGLECT,MOCK,KIRI_2025_20|ASSUMPTION_V1
USR03696,55,50_plus,STABLE_GROWTH,TAX_BENEFIT_IDLE,MOCK,KIRI_2025_20|ASSUMPTION_V1
USR03697,38,30s,GROWTH,DC_NEGLECT,MOCK,KIRI_2025_20|ASSUMPTION_V1
USR03698,30,30s,AGGRESSIVE,DC_NEGLECT,MOCK,KIRI_2025_20|ASSUMPTION_V1
USR03699,52,50_plus,STABLE_GROWTH,TAX_BENEFIT_IDLE,MOCK,KIRI_2025_20|ASSUMPTION_V1
USR03700,57,50_plus,GROWTH,DC_NEGLECT,MOCK,KIRI_2025_20|ASSUMPTION_V1
USR03701,63,50_plus,BALANCED,OVERLAP_RISK,MOCK,KIRI_2025_20|ASSUMPTION_V1
USR03702,32,30s,GROWTH,TAX_BENEFIT_IDLE,MOCK,KIRI_2025_20|ASSUMPTION_V1
USR03703,46,40s,BALANCED,DC_NEGLECT,MOCK,KIRI_2025_20|ASSUMPTION_V1
USR03704,42,40s,BALANCED,OVERLAP_RISK,MOCK,KIRI_2025_20|ASSUMPTION_V1
USR03705,20,20s,GROWTH,DC_NEGLECT,MOCK,KIRI_2025_20|ASSUMPTION_V1
USR03706,30,30s,BALANCED,DC_NEGLECT,MOCK,KIRI_2025_20|ASSUMPTION_V1
USR03707,53,50_plus,CONSERVATIVE,OVERLAP_RISK,MOCK,KIRI_2025_20|ASSUMPTION_V1
USR03708,45,40s,STABLE_GROWTH,DC_NEGLECT,MOCK,KIRI_2025_20|ASSUMPTION_V1
USR03709,53,50_plus,GROWTH,TAX_BENEFIT_IDLE,MOCK,KIRI_2025_20|ASSUMPTION_V1
USR03710,33,30s,STABLE_GROWTH,DC_NEGLECT,MOCK,KIRI_2025_20|ASSUMPTION_V1
USR03711,48,40s,BALANCED,DC_NEGLECT,MOCK,KIRI_2025_20|ASSUMPTION_V1
USR03712,34,30s,CONSERVATIVE,DC_NEGLECT,MOCK,KIRI_2025_20|ASSUMPTION_V1
USR03713,40,40s,BALANCED,DC_NEGLECT,MOCK,KIRI_2025_20|ASSUMPTION_V1
USR03714,49,40s,BALANCED,DC_NEGLECT,MOCK,KIRI_2025_20|ASSUMPTION_V1
USR03715,27,20s,CONSERVATIVE,TAX_BENEFIT_IDLE,MOCK,KIRI_2025_20|ASSUMPTION_V1
USR03716,41,40s,CONSERVATIVE,DC_NEGLECT,MOCK,KIRI_2025_20|ASSUMPTION_V1
USR03717,45,40s,GROWTH,DC_NEGLECT,MOCK,KIRI_2025_20|ASSUMPTION_V1
USR03718,44,40s,CONSERVATIVE,DC_NEGLECT,MOCK,KIRI_2025_20|ASSUMPTION_V1
USR03719,63,50_plus,STABLE_GROWTH,TAX_BENEFIT_IDLE,MOCK,KIRI_2025_20|ASSUMPTION_V1
USR03720,33,30s,STABLE_GROWTH,TAX_BENEFIT_IDLE,MOCK,KIRI_2025_20|ASSUMPTION_V1
USR03721,46,40s,BALANCED,DC_NEGLECT,MOCK,KIRI_2025_20|ASSUMPTION_V1
USR03722,46,40s,BALANCED,OVERLAP_RISK,MOCK,KIRI_2025_20|ASSUMPTION_V1
USR03723,40,40s,CONSERVATIVE,OVERLAP_RISK,MOCK,KIRI_2025_20|ASSUMPTION_V1
USR03724,47,40s,STABLE_GROWTH,DC_NEGLECT,MOCK,KIRI_2025_20|ASSUMPTION_V1
USR03725,59,50_plus,CONSERVATIVE,OVERLAP_RISK,MOCK,KIRI_2025_20|ASSUMPTION_V1
USR03726,64,50_plus,STABLE_GROWTH,DC_NEGLECT,MOCK,KIRI_2025_20|ASSUMPTION_V1
USR03727,47,40s,STABLE_GROWTH,DC_NEGLECT,MOCK,KIRI_2025_20|ASSUMPTION_V1
USR03728,30,30s,BALANCED,OVERLAP_RISK,MOCK,KIRI_2025_20|ASSUMPTION_V1
USR03729,48,40s,BALANCED,DC_NEGLECT,MOCK,KIRI_2025_20|ASSUMPTION_V1
USR03730,47,40s,CONSERVATIVE,DC_NEGLECT,MOCK,KIRI_2025_20|ASSUMPTION_V1
USR03731,60,50_plus,STABLE_GROWTH,DC_NEGLECT,MOCK,KIRI_2025_20|ASSUMPTION_V1
USR03732,35,30s,STABLE_GROWTH,DC_NEGLECT,MOCK,KIRI_2025_20|ASSUMPTION_V1
USR03733,32,30s,GROWTH,TAX_BENEFIT_IDLE,MOCK,KIRI_2025_20|ASSUMPTION_V1
USR03734,42,40s,STABLE_GROWTH,OVERLAP_RISK,MOCK,KIRI_2025_20|ASSUMPTION_V1
USR03735,52,50_plus,CONSERVATIVE,DC_NEGLECT,MOCK,KIRI_2025_20|ASSUMPTION_V1
USR03736,64,50_plus,STABLE_GROWTH,DC_NEGLECT,MOCK,KIRI_2025_20|ASSUMPTION_V1
USR03737,62,50_plus,CONSERVATIVE,TAX_BENEFIT_IDLE,MOCK,KIRI_2025_20|ASSUMPTION_V1
USR03738,32,30s,STABLE_GROWTH,DC_NEGLECT,MOCK,KIRI_2025_20|ASSUMPTION_V1
USR03739,62,50_plus,CONSERVATIVE,OVERLAP_RISK,MOCK,KIRI_2025_20|ASSUMPTION_V1
USR03740,52,50_plus,CONSERVATIVE,DC_NEGLECT,MOCK,KIRI_2025_20|ASSUMPTION_V1
USR03741,58,50_plus,CONSERVATIVE,OVERLAP_RISK,MOCK,KIRI_2025_20|ASSUMPTION_V1
USR03742,52,50_plus,CONSERVATIVE,DC_NEGLECT,MOCK,KIRI_2025_20|ASSUMPTION_V1
USR03743,54,50_plus,CONSERVATIVE,DC_NEGLECT,MOCK,KIRI_2025_20|ASSUMPTION_V1
USR03744,25,20s,BALANCED,DC_NEGLECT,MOCK,KIRI_2025_20|ASSUMPTION_V1
USR03745,64,50_plus,STABLE_GROWTH,TAX_BENEFIT_IDLE,MOCK,KIRI_2025_20|ASSUMPTION_V1
USR03746,30,30s,CONSERVATIVE,DC_NEGLECT,MOCK,KIRI_2025_20|ASSUMPTION_V1
USR03747,40,40s,BALANCED,DC_NEGLECT,MOCK,KIRI_2025_20|ASSUMPTION_V1
USR03748,50,50_plus,CONSERVATIVE,OVERLAP_RISK,MOCK,KIRI_2025_20|ASSUMPTION_V1
USR03749,23,20s,CONSERVATIVE,DC_NEGLECT,MOCK,KIRI_2025_20|ASSUMPTION_V1
USR03750,22,20s,GROWTH,OVERLAP_RISK,MOCK,KIRI_2025_20|ASSUMPTION_V1
USR03751,42,40s,CONSERVATIVE,OVERLAP_RISK,MOCK,KIRI_2025_20|ASSUMPTION_V1
USR03752,60,50_plus,STABLE_GROWTH,TAX_BENEFIT_IDLE,MOCK,KIRI_2025_20|ASSUMPTION_V1
USR03753,38,30s,STABLE_GROWTH,TAX_BENEFIT_IDLE,MOCK,KIRI_2025_20|ASSUMPTION_V1
USR03754,25,20s,AGGRESSIVE,DC_NEGLECT,MOCK,KIRI_2025_20|ASSUMPTION_V1
USR03755,44,40s,STABLE_GROWTH,DC_NEGLECT,MOCK,KIRI_2025_20|ASSUMPTION_V1
USR03756,60,50_plus,CONSERVATIVE,TAX_BENEFIT_IDLE,MOCK,KIRI_2025_20|ASSUMPTION_V1
USR03757,32,30s,AGGRESSIVE,TAX_BENEFIT_IDLE,MOCK,KIRI_2025_20|ASSUMPTION_V1
USR03758,40,40s,BALANCED,TAX_BENEFIT_IDLE,MOCK,KIRI_2025_20|ASSUMPTION_V1
USR03759,45,40s,BALANCED,OVERLAP_RISK,MOCK,KIRI_2025_20|ASSUMPTION_V1
USR03760,36,30s,BALANCED,TAX_BENEFIT_IDLE,MOCK,KIRI_2025_20|ASSUMPTION_V1
USR03761,39,30s,CONSERVATIVE,DC_NEGLECT,MOCK,KIRI_2025_20|ASSUMPTION_V1
USR03762,33,30s,STABLE_GROWTH,OVERLAP_RISK,MOCK,KIRI_2025_20|ASSUMPTION_V1
USR03763,34,30s,BALANCED,OVERLAP_RISK,MOCK,KIRI_2025_20|ASSUMPTION_V1
USR03764,50,50_plus,CONSERVATIVE,TAX_BENEFIT_IDLE,MOCK,KIRI_2025_20|ASSUMPTION_V1
USR03765,35,30s,STABLE_GROWTH,OVERLAP_RISK,MOCK,KIRI_2025_20|ASSUMPTION_V1
USR03766,51,50_plus,GROWTH,OVERLAP_RISK,MOCK,KIRI_2025_20|ASSUMPTION_V1
USR03767,39,30s,GROWTH,TAX_BENEFIT_IDLE,MOCK,KIRI_2025_20|ASSUMPTION_V1
USR03768,64,50_plus,BALANCED,DC_NEGLECT,MOCK,KIRI_2025_20|ASSUMPTION_V1
USR03769,37,30s,CONSERVATIVE,DC_NEGLECT,MOCK,KIRI_2025_20|ASSUMPTION_V1
USR03770,35,30s,STABLE_GROWTH,DC_NEGLECT,MOCK,KIRI_2025_20|ASSUMPTION_V1
USR03771,56,50_plus,STABLE_GROWTH,OVERLAP_RISK,MOCK,KIRI_2025_20|ASSUMPTION_V1
USR03772,36,30s,BALANCED,TAX_BENEFIT_IDLE,MOCK,KIRI_2025_20|ASSUMPTION_V1
USR03773,29,20s,STABLE_GROWTH,DC_NEGLECT,MOCK,KIRI_2025_20|ASSUMPTION_V1
USR03774,42,40s,GROWTH,OVERLAP_RISK,MOCK,KIRI_2025_20|ASSUMPTION_V1
USR03775,31,30s,STABLE_GROWTH,OVERLAP_RISK,MOCK,KIRI_2025_20|ASSUMPTION_V1
USR03776,31,30s,GROWTH,OVERLAP_RISK,MOCK,KIRI_2025_20|ASSUMPTION_V1
USR03777,57,50_plus,BALANCED,OVERLAP_RISK,MOCK,KIRI_2025_20|ASSUMPTION_V1
USR03778,60,50_plus,STABLE_GROWTH,TAX_BENEFIT_IDLE,MOCK,KIRI_2025_20|ASSUMPTION_V1
USR03779,45,40s,BALANCED,TAX_BENEFIT_IDLE,MOCK,KIRI_2025_20|ASSUMPTION_V1
USR03780,41,40s,CONSERVATIVE,TAX_BENEFIT_IDLE,MOCK,KIRI_2025_20|ASSUMPTION_V1
USR03781,49,40s,CONSERVATIVE,TAX_BENEFIT_IDLE,MOCK,KIRI_2025_20|ASSUMPTION_V1
USR03782,45,40s,STABLE_GROWTH,DC_NEGLECT,MOCK,KIRI_2025_20|ASSUMPTION_V1
USR03783,29,20s,GROWTH,DC_NEGLECT,MOCK,KIRI_2025_20|ASSUMPTION_V1
USR03784,45,40s,CONSERVATIVE,DC_NEGLECT,MOCK,KIRI_2025_20|ASSUMPTION_V1
USR03785,62,50_plus,BALANCED,TAX_BENEFIT_IDLE,MOCK,KIRI_2025_20|ASSUMPTION_V1
USR03786,59,50_plus,CONSERVATIVE,OVERLAP_RISK,MOCK,KIRI_2025_20|ASSUMPTION_V1
USR03787,32,30s,STABLE_GROWTH,TAX_BENEFIT_IDLE,MOCK,KIRI_2025_20|ASSUMPTION_V1
USR03788,31,30s,STABLE_GROWTH,DC_NEGLECT,MOCK,KIRI_2025_20|ASSUMPTION_V1
USR03789,42,40s,BALANCED,DC_NEGLECT,MOCK,KIRI_2025_20|ASSUMPTION_V1
USR03790,37,30s,BALANCED,OVERLAP_RISK,MOCK,KIRI_2025_20|ASSUMPTION_V1
USR03791,64,50_plus,CONSERVATIVE,DC_NEGLECT,MOCK,KIRI_2025_20|ASSUMPTION_V1
USR03792,63,50_plus,CONSERVATIVE,OVERLAP_RISK,MOCK,KIRI_2025_20|ASSUMPTION_V1
USR03793,36,30s,AGGRESSIVE,DC_NEGLECT,MOCK,KIRI_2025_20|ASSUMPTION_V1
USR03794,39,30s,STABLE_GROWTH,OVERLAP_RISK,MOCK,KIRI_2025_20|ASSUMPTION_V1
USR03795,50,50_plus,BALANCED,OVERLAP_RISK,MOCK,KIRI_2025_20|ASSUMPTION_V1
USR03796,31,30s,GROWTH,TAX_BENEFIT_IDLE,MOCK,KIRI_2025_20|ASSUMPTION_V1
USR03797,49,40s,BALANCED,DC_NEGLECT,MOCK,KIRI_2025_20|ASSUMPTION_V1
USR03798,43,40s,CONSERVATIVE,TAX_BENEFIT_IDLE,MOCK,KIRI_2025_20|ASSUMPTION_V1
USR03799,64,50_plus,CONSERVATIVE,TAX_BENEFIT_IDLE,MOCK,KIRI_2025_20|ASSUMPTION_V1
USR03800,40,40s,BALANCED,OVERLAP_RISK,MOCK,KIRI_2025_20|ASSUMPTION_V1
USR03801,38,30s,BALANCED,TAX_BENEFIT_IDLE,MOCK,KIRI_2025_20|ASSUMPTION_V1
USR03802,38,30s,AGGRESSIVE,OVERLAP_RISK,MOCK,KIRI_2025_20|ASSUMPTION_V1
USR03803,40,40s,STABLE_GROWTH,DC_NEGLECT,MOCK,KIRI_2025_20|ASSUMPTION_V1
USR03804,56,50_plus,GROWTH,TAX_BENEFIT_IDLE,MOCK,KIRI_2025_20|ASSUMPTION_V1
USR03805,64,50_plus,STABLE_GROWTH,OVERLAP_RISK,MOCK,KIRI_2025_20|ASSUMPTION_V1
USR03806,38,30s,BALANCED,TAX_BENEFIT_IDLE,MOCK,KIRI_2025_20|ASSUMPTION_V1
USR03807,44,40s,GROWTH,OVERLAP_RISK,MOCK,KIRI_2025_20|ASSUMPTION_V1
USR03808,43,40s,CONSERVATIVE,TAX_BENEFIT_IDLE,MOCK,KIRI_2025_20|ASSUMPTION_V1
USR03809,43,40s,BALANCED,DC_NEGLECT,MOCK,KIRI_2025_20|ASSUMPTION_V1
USR03810,53,50_plus,STABLE_GROWTH,DC_NEGLECT,MOCK,KIRI_2025_20|ASSUMPTION_V1
USR03811,48,40s,CONSERVATIVE,TAX_BENEFIT_IDLE,MOCK,KIRI_2025_20|ASSUMPTION_V1
USR03812,45,40s,GROWTH,DC_NEGLECT,MOCK,KIRI_2025_20|ASSUMPTION_V1
USR03813,49,40s,GROWTH,OVERLAP_RISK,MOCK,KIRI_2025_20|ASSUMPTION_V1
USR03814,25,20s,CONSERVATIVE,TAX_BENEFIT_IDLE,MOCK,KIRI_2025_20|ASSUMPTION_V1
USR03815,31,30s,STABLE_GROWTH,DC_NEGLECT,MOCK,KIRI_2025_20|ASSUMPTION_V1
USR03816,43,40s,BALANCED,OVERLAP_RISK,MOCK,KIRI_2025_20|ASSUMPTION_V1
USR03817,33,30s,BALANCED,DC_NEGLECT,MOCK,KIRI_2025_20|ASSUMPTION_V1
USR03818,36,30s,AGGRESSIVE,TAX_BENEFIT_IDLE,MOCK,KIRI_2025_20|ASSUMPTION_V1
USR03819,64,50_plus,CONSERVATIVE,DC_NEGLECT,MOCK,KIRI_2025_20|ASSUMPTION_V1
USR03820,49,40s,STABLE_GROWTH,DC_NEGLECT,MOCK,KIRI_2025_20|ASSUMPTION_V1
USR03821,60,50_plus,STABLE_GROWTH,DC_NEGLECT,MOCK,KIRI_2025_20|ASSUMPTION_V1
USR03822,55,50_plus,GROWTH,DC_NEGLECT,MOCK,KIRI_2025_20|ASSUMPTION_V1
USR03823,56,50_plus,BALANCED,TAX_BENEFIT_IDLE,MOCK,KIRI_2025_20|ASSUMPTION_V1
USR03824,42,40s,BALANCED,TAX_BENEFIT_IDLE,MOCK,KIRI_2025_20|ASSUMPTION_V1
USR03825,44,40s,BALANCED,DC_NEGLECT,MOCK,KIRI_2025_20|ASSUMPTION_V1
USR03826,39,30s,AGGRESSIVE,TAX_BENEFIT_IDLE,MOCK,KIRI_2025_20|ASSUMPTION_V1
USR03827,26,20s,BALANCED,TAX_BENEFIT_IDLE,MOCK,KIRI_2025_20|ASSUMPTION_V1
USR03828,54,50_plus,STABLE_GROWTH,TAX_BENEFIT_IDLE,MOCK,KIRI_2025_20|ASSUMPTION_V1
USR03829,57,50_plus,STABLE_GROWTH,OVERLAP_RISK,MOCK,KIRI_2025_20|ASSUMPTION_V1
USR03830,52,50_plus,CONSERVATIVE,TAX_BENEFIT_IDLE,MOCK,KIRI_2025_20|ASSUMPTION_V1
USR03831,54,50_plus,STABLE_GROWTH,OVERLAP_RISK,MOCK,KIRI_2025_20|ASSUMPTION_V1
USR03832,31,30s,GROWTH,DC_NEGLECT,MOCK,KIRI_2025_20|ASSUMPTION_V1
USR03833,31,30s,GROWTH,TAX_BENEFIT_IDLE,MOCK,KIRI_2025_20|ASSUMPTION_V1
USR03834,29,20s,STABLE_GROWTH,DC_NEGLECT,MOCK,KIRI_2025_20|ASSUMPTION_V1
USR03835,55,50_plus,STABLE_GROWTH,OVERLAP_RISK,MOCK,KIRI_2025_20|ASSUMPTION_V1
USR03836,30,30s,BALANCED,TAX_BENEFIT_IDLE,MOCK,KIRI_2025_20|ASSUMPTION_V1
USR03837,28,20s,STABLE_GROWTH,DC_NEGLECT,MOCK,KIRI_2025_20|ASSUMPTION_V1
USR03838,48,40s,GROWTH,DC_NEGLECT,MOCK,KIRI_2025_20|ASSUMPTION_V1
USR03839,33,30s,GROWTH,DC_NEGLECT,MOCK,KIRI_2025_20|ASSUMPTION_V1
USR03840,25,20s,BALANCED,DC_NEGLECT,MOCK,KIRI_2025_20|ASSUMPTION_V1
USR03841,60,50_plus,BALANCED,DC_NEGLECT,MOCK,KIRI_2025_20|ASSUMPTION_V1
USR03842,32,30s,BALANCED,TAX_BENEFIT_IDLE,MOCK,KIRI_2025_20|ASSUMPTION_V1
USR03843,53,50_plus,BALANCED,DC_NEGLECT,MOCK,KIRI_2025_20|ASSUMPTION_V1
USR03844,56,50_plus,STABLE_GROWTH,DC_NEGLECT,MOCK,KIRI_2025_20|ASSUMPTION_V1
USR03845,46,40s,GROWTH,DC_NEGLECT,MOCK,KIRI_2025_20|ASSUMPTION_V1
USR03846,30,30s,GROWTH,TAX_BENEFIT_IDLE,MOCK,KIRI_2025_20|ASSUMPTION_V1
USR03847,43,40s,GROWTH,OVERLAP_RISK,MOCK,KIRI_2025_20|ASSUMPTION_V1
USR03848,62,50_plus,CONSERVATIVE,OVERLAP_RISK,MOCK,KIRI_2025_20|ASSUMPTION_V1
USR03849,37,30s,BALANCED,DC_NEGLECT,MOCK,KIRI_2025_20|ASSUMPTION_V1
USR03850,45,40s,GROWTH,DC_NEGLECT,MOCK,KIRI_2025_20|ASSUMPTION_V1
USR03851,25,20s,GROWTH,DC_NEGLECT,MOCK,KIRI_2025_20|ASSUMPTION_V1
USR03852,38,30s,STABLE_GROWTH,DC_NEGLECT,MOCK,KIRI_2025_20|ASSUMPTION_V1
USR03853,22,20s,AGGRESSIVE,TAX_BENEFIT_IDLE,MOCK,KIRI_2025_20|ASSUMPTION_V1
USR03854,42,40s,BALANCED,OVERLAP_RISK,MOCK,KIRI_2025_20|ASSUMPTION_V1
USR03855,50,50_plus,STABLE_GROWTH,DC_NEGLECT,MOCK,KIRI_2025_20|ASSUMPTION_V1
USR03856,43,40s,GROWTH,OVERLAP_RISK,MOCK,KIRI_2025_20|ASSUMPTION_V1
USR03857,60,50_plus,AGGRESSIVE,DC_NEGLECT,MOCK,KIRI_2025_20|ASSUMPTION_V1
USR03858,47,40s,BALANCED,DC_NEGLECT,MOCK,KIRI_2025_20|ASSUMPTION_V1
USR03859,31,30s,GROWTH,OVERLAP_RISK,MOCK,KIRI_2025_20|ASSUMPTION_V1
USR03860,53,50_plus,STABLE_GROWTH,TAX_BENEFIT_IDLE,MOCK,KIRI_2025_20|ASSUMPTION_V1
USR03861,51,50_plus,STABLE_GROWTH,TAX_BENEFIT_IDLE,MOCK,KIRI_2025_20|ASSUMPTION_V1
USR03862,32,30s,BALANCED,OVERLAP_RISK,MOCK,KIRI_2025_20|ASSUMPTION_V1
USR03863,57,50_plus,BALANCED,TAX_BENEFIT_IDLE,MOCK,KIRI_2025_20|ASSUMPTION_V1
USR03864,55,50_plus,BALANCED,OVERLAP_RISK,MOCK,KIRI_2025_20|ASSUMPTION_V1
USR03865,45,40s,CONSERVATIVE,DC_NEGLECT,MOCK,KIRI_2025_20|ASSUMPTION_V1
USR03866,40,40s,GROWTH,DC_NEGLECT,MOCK,KIRI_2025_20|ASSUMPTION_V1
USR03867,45,40s,GROWTH,DC_NEGLECT,MOCK,KIRI_2025_20|ASSUMPTION_V1
USR03868,49,40s,STABLE_GROWTH,DC_NEGLECT,MOCK,KIRI_2025_20|ASSUMPTION_V1
USR03869,40,40s,BALANCED,DC_NEGLECT,MOCK,KIRI_2025_20|ASSUMPTION_V1
USR03870,55,50_plus,BALANCED,TAX_BENEFIT_IDLE,MOCK,KIRI_2025_20|ASSUMPTION_V1
USR03871,33,30s,CONSERVATIVE,OVERLAP_RISK,MOCK,KIRI_2025_20|ASSUMPTION_V1
USR03872,61,50_plus,STABLE_GROWTH,DC_NEGLECT,MOCK,KIRI_2025_20|ASSUMPTION_V1
USR03873,42,40s,STABLE_GROWTH,DC_NEGLECT,MOCK,KIRI_2025_20|ASSUMPTION_V1
USR03874,45,40s,STABLE_GROWTH,DC_NEGLECT,MOCK,KIRI_2025_20|ASSUMPTION_V1
USR03875,37,30s,CONSERVATIVE,OVERLAP_RISK,MOCK,KIRI_2025_20|ASSUMPTION_V1
USR03876,37,30s,STABLE_GROWTH,TAX_BENEFIT_IDLE,MOCK,KIRI_2025_20|ASSUMPTION_V1
USR03877,60,50_plus,CONSERVATIVE,TAX_BENEFIT_IDLE,MOCK,KIRI_2025_20|ASSUMPTION_V1
USR03878,24,20s,GROWTH,DC_NEGLECT,MOCK,KIRI_2025_20|ASSUMPTION_V1
USR03879,46,40s,BALANCED,TAX_BENEFIT_IDLE,MOCK,KIRI_2025_20|ASSUMPTION_V1
USR03880,28,20s,BALANCED,DC_NEGLECT,MOCK,KIRI_2025_20|ASSUMPTION_V1
USR03881,48,40s,BALANCED,OVERLAP_RISK,MOCK,KIRI_2025_20|ASSUMPTION_V1
USR03882,32,30s,CONSERVATIVE,TAX_BENEFIT_IDLE,MOCK,KIRI_2025_20|ASSUMPTION_V1
USR03883,45,40s,CONSERVATIVE,TAX_BENEFIT_IDLE,MOCK,KIRI_2025_20|ASSUMPTION_V1
USR03884,32,30s,BALANCED,OVERLAP_RISK,MOCK,KIRI_2025_20|ASSUMPTION_V1
USR03885,39,30s,STABLE_GROWTH,DC_NEGLECT,MOCK,KIRI_2025_20|ASSUMPTION_V1
USR03886,40,40s,BALANCED,DC_NEGLECT,MOCK,KIRI_2025_20|ASSUMPTION_V1
USR03887,48,40s,BALANCED,DC_NEGLECT,MOCK,KIRI_2025_20|ASSUMPTION_V1
USR03888,47,40s,GROWTH,DC_NEGLECT,MOCK,KIRI_2025_20|ASSUMPTION_V1
USR03889,38,30s,CONSERVATIVE,DC_NEGLECT,MOCK,KIRI_2025_20|ASSUMPTION_V1
USR03890,39,30s,GROWTH,DC_NEGLECT,MOCK,KIRI_2025_20|ASSUMPTION_V1
USR03891,27,20s,GROWTH,OVERLAP_RISK,MOCK,KIRI_2025_20|ASSUMPTION_V1
USR03892,60,50_plus,CONSERVATIVE,TAX_BENEFIT_IDLE,MOCK,KIRI_2025_20|ASSUMPTION_V1
USR03893,34,30s,AGGRESSIVE,TAX_BENEFIT_IDLE,MOCK,KIRI_2025_20|ASSUMPTION_V1
USR03894,52,50_plus,GROWTH,TAX_BENEFIT_IDLE,MOCK,KIRI_2025_20|ASSUMPTION_V1
USR03895,52,50_plus,STABLE_GROWTH,DC_NEGLECT,MOCK,KIRI_2025_20|ASSUMPTION_V1
USR03896,29,20s,BALANCED,DC_NEGLECT,MOCK,KIRI_2025_20|ASSUMPTION_V1
USR03897,53,50_plus,CONSERVATIVE,OVERLAP_RISK,MOCK,KIRI_2025_20|ASSUMPTION_V1
USR03898,26,20s,GROWTH,TAX_BENEFIT_IDLE,MOCK,KIRI_2025_20|ASSUMPTION_V1
USR03899,20,20s,AGGRESSIVE,OVERLAP_RISK,MOCK,KIRI_2025_20|ASSUMPTION_V1
USR03900,35,30s,CONSERVATIVE,DC_NEGLECT,MOCK,KIRI_2025_20|ASSUMPTION_V1
USR03901,31,30s,GROWTH,OVERLAP_RISK,MOCK,KIRI_2025_20|ASSUMPTION_V1
USR03902,37,30s,BALANCED,OVERLAP_RISK,MOCK,KIRI_2025_20|ASSUMPTION_V1
USR03903,54,50_plus,STABLE_GROWTH,OVERLAP_RISK,MOCK,KIRI_2025_20|ASSUMPTION_V1
USR03904,60,50_plus,STABLE_GROWTH,OVERLAP_RISK,MOCK,KIRI_2025_20|ASSUMPTION_V1
USR03905,45,40s,GROWTH,DC_NEGLECT,MOCK,KIRI_2025_20|ASSUMPTION_V1
USR03906,38,30s,STABLE_GROWTH,OVERLAP_RISK,MOCK,KIRI_2025_20|ASSUMPTION_V1
USR03907,50,50_plus,BALANCED,OVERLAP_RISK,MOCK,KIRI_2025_20|ASSUMPTION_V1
USR03908,49,40s,CONSERVATIVE,OVERLAP_RISK,MOCK,KIRI_2025_20|ASSUMPTION_V1
USR03909,32,30s,GROWTH,TAX_BENEFIT_IDLE,MOCK,KIRI_2025_20|ASSUMPTION_V1
USR03910,47,40s,CONSERVATIVE,DC_NEGLECT,MOCK,KIRI_2025_20|ASSUMPTION_V1
USR03911,59,50_plus,STABLE_GROWTH,TAX_BENEFIT_IDLE,MOCK,KIRI_2025_20|ASSUMPTION_V1
USR03912,36,30s,CONSERVATIVE,TAX_BENEFIT_IDLE,MOCK,KIRI_2025_20|ASSUMPTION_V1
USR03913,45,40s,CONSERVATIVE,DC_NEGLECT,MOCK,KIRI_2025_20|ASSUMPTION_V1
USR03914,32,30s,STABLE_GROWTH,OVERLAP_RISK,MOCK,KIRI_2025_20|ASSUMPTION_V1
USR03915,27,20s,AGGRESSIVE,DC_NEGLECT,MOCK,KIRI_2025_20|ASSUMPTION_V1
USR03916,49,40s,BALANCED,OVERLAP_RISK,MOCK,KIRI_2025_20|ASSUMPTION_V1
USR03917,38,30s,GROWTH,DC_NEGLECT,MOCK,KIRI_2025_20|ASSUMPTION_V1
USR03918,43,40s,BALANCED,TAX_BENEFIT_IDLE,MOCK,KIRI_2025_20|ASSUMPTION_V1
USR03919,29,20s,GROWTH,TAX_BENEFIT_IDLE,MOCK,KIRI_2025_20|ASSUMPTION_V1
USR03920,35,30s,BALANCED,DC_NEGLECT,MOCK,KIRI_2025_20|ASSUMPTION_V1
USR03921,20,20s,STABLE_GROWTH,DC_NEGLECT,MOCK,KIRI_2025_20|ASSUMPTION_V1
USR03922,40,40s,AGGRESSIVE,OVERLAP_RISK,MOCK,KIRI_2025_20|ASSUMPTION_V1
USR03923,51,50_plus,BALANCED,OVERLAP_RISK,MOCK,KIRI_2025_20|ASSUMPTION_V1
USR03924,53,50_plus,CONSERVATIVE,OVERLAP_RISK,MOCK,KIRI_2025_20|ASSUMPTION_V1
USR03925,27,20s,BALANCED,DC_NEGLECT,MOCK,KIRI_2025_20|ASSUMPTION_V1
USR03926,58,50_plus,STABLE_GROWTH,TAX_BENEFIT_IDLE,MOCK,KIRI_2025_20|ASSUMPTION_V1
USR03927,40,40s,GROWTH,OVERLAP_RISK,MOCK,KIRI_2025_20|ASSUMPTION_V1
USR03928,49,40s,GROWTH,DC_NEGLECT,MOCK,KIRI_2025_20|ASSUMPTION_V1
USR03929,45,40s,BALANCED,DC_NEGLECT,MOCK,KIRI_2025_20|ASSUMPTION_V1
USR03930,37,30s,GROWTH,DC_NEGLECT,MOCK,KIRI_2025_20|ASSUMPTION_V1
USR03931,41,40s,BALANCED,OVERLAP_RISK,MOCK,KIRI_2025_20|ASSUMPTION_V1
USR03932,46,40s,GROWTH,TAX_BENEFIT_IDLE,MOCK,KIRI_2025_20|ASSUMPTION_V1
USR03933,64,50_plus,BALANCED,OVERLAP_RISK,MOCK,KIRI_2025_20|ASSUMPTION_V1
USR03934,36,30s,CONSERVATIVE,TAX_BENEFIT_IDLE,MOCK,KIRI_2025_20|ASSUMPTION_V1
USR03935,43,40s,AGGRESSIVE,OVERLAP_RISK,MOCK,KIRI_2025_20|ASSUMPTION_V1
USR03936,48,40s,STABLE_GROWTH,TAX_BENEFIT_IDLE,MOCK,KIRI_2025_20|ASSUMPTION_V1
USR03937,50,50_plus,CONSERVATIVE,OVERLAP_RISK,MOCK,KIRI_2025_20|ASSUMPTION_V1
USR03938,32,30s,STABLE_GROWTH,TAX_BENEFIT_IDLE,MOCK,KIRI_2025_20|ASSUMPTION_V1
USR03939,36,30s,AGGRESSIVE,DC_NEGLECT,MOCK,KIRI_2025_20|ASSUMPTION_V1
USR03940,28,20s,BALANCED,OVERLAP_RISK,MOCK,KIRI_2025_20|ASSUMPTION_V1
USR03941,40,40s,BALANCED,TAX_BENEFIT_IDLE,MOCK,KIRI_2025_20|ASSUMPTION_V1
USR03942,44,40s,GROWTH,TAX_BENEFIT_IDLE,MOCK,KIRI_2025_20|ASSUMPTION_V1
USR03943,37,30s,GROWTH,TAX_BENEFIT_IDLE,MOCK,KIRI_2025_20|ASSUMPTION_V1
USR03944,35,30s,GROWTH,DC_NEGLECT,MOCK,KIRI_2025_20|ASSUMPTION_V1
USR03945,52,50_plus,CONSERVATIVE,TAX_BENEFIT_IDLE,MOCK,KIRI_2025_20|ASSUMPTION_V1
USR03946,38,30s,STABLE_GROWTH,DC_NEGLECT,MOCK,KIRI_2025_20|ASSUMPTION_V1
USR03947,38,30s,STABLE_GROWTH,DC_NEGLECT,MOCK,KIRI_2025_20|ASSUMPTION_V1
USR03948,38,30s,STABLE_GROWTH,OVERLAP_RISK,MOCK,KIRI_2025_20|ASSUMPTION_V1
USR03949,43,40s,GROWTH,TAX_BENEFIT_IDLE,MOCK,KIRI_2025_20|ASSUMPTION_V1
USR03950,43,40s,STABLE_GROWTH,TAX_BENEFIT_IDLE,MOCK,KIRI_2025_20|ASSUMPTION_V1
USR03951,34,30s,STABLE_GROWTH,TAX_BENEFIT_IDLE,MOCK,KIRI_2025_20|ASSUMPTION_V1
USR03952,30,30s,GROWTH,OVERLAP_RISK,MOCK,KIRI_2025_20|ASSUMPTION_V1
USR03953,44,40s,CONSERVATIVE,TAX_BENEFIT_IDLE,MOCK,KIRI_2025_20|ASSUMPTION_V1
USR03954,30,30s,CONSERVATIVE,OVERLAP_RISK,MOCK,KIRI_2025_20|ASSUMPTION_V1
USR03955,44,40s,STABLE_GROWTH,TAX_BENEFIT_IDLE,MOCK,KIRI_2025_20|ASSUMPTION_V1
USR03956,42,40s,GROWTH,TAX_BENEFIT_IDLE,MOCK,KIRI_2025_20|ASSUMPTION_V1
USR03957,42,40s,BALANCED,DC_NEGLECT,MOCK,KIRI_2025_20|ASSUMPTION_V1
USR03958,57,50_plus,CONSERVATIVE,DC_NEGLECT,MOCK,KIRI_2025_20|ASSUMPTION_V1
USR03959,29,20s,BALANCED,DC_NEGLECT,MOCK,KIRI_2025_20|ASSUMPTION_V1
USR03960,46,40s,STABLE_GROWTH,OVERLAP_RISK,MOCK,KIRI_2025_20|ASSUMPTION_V1
USR03961,33,30s,BALANCED,TAX_BENEFIT_IDLE,MOCK,KIRI_2025_20|ASSUMPTION_V1
USR03962,38,30s,AGGRESSIVE,TAX_BENEFIT_IDLE,MOCK,KIRI_2025_20|ASSUMPTION_V1
USR03963,41,40s,BALANCED,DC_NEGLECT,MOCK,KIRI_2025_20|ASSUMPTION_V1
USR03964,46,40s,GROWTH,TAX_BENEFIT_IDLE,MOCK,KIRI_2025_20|ASSUMPTION_V1
USR03965,24,20s,BALANCED,DC_NEGLECT,MOCK,KIRI_2025_20|ASSUMPTION_V1
USR03966,45,40s,BALANCED,DC_NEGLECT,MOCK,KIRI_2025_20|ASSUMPTION_V1
USR03967,53,50_plus,STABLE_GROWTH,DC_NEGLECT,MOCK,KIRI_2025_20|ASSUMPTION_V1
USR03968,22,20s,CONSERVATIVE,TAX_BENEFIT_IDLE,MOCK,KIRI_2025_20|ASSUMPTION_V1
USR03969,36,30s,CONSERVATIVE,DC_NEGLECT,MOCK,KIRI_2025_20|ASSUMPTION_V1
USR03970,38,30s,GROWTH,OVERLAP_RISK,MOCK,KIRI_2025_20|ASSUMPTION_V1
USR03971,45,40s,STABLE_GROWTH,DC_NEGLECT,MOCK,KIRI_2025_20|ASSUMPTION_V1
USR03972,45,40s,CONSERVATIVE,DC_NEGLECT,MOCK,KIRI_2025_20|ASSUMPTION_V1
USR03973,22,20s,AGGRESSIVE,DC_NEGLECT,MOCK,KIRI_2025_20|ASSUMPTION_V1
USR03974,37,30s,BALANCED,OVERLAP_RISK,MOCK,KIRI_2025_20|ASSUMPTION_V1
USR03975,20,20s,GROWTH,DC_NEGLECT,MOCK,KIRI_2025_20|ASSUMPTION_V1
USR03976,48,40s,GROWTH,TAX_BENEFIT_IDLE,MOCK,KIRI_2025_20|ASSUMPTION_V1
USR03977,38,30s,BALANCED,DC_NEGLECT,MOCK,KIRI_2025_20|ASSUMPTION_V1
USR03978,42,40s,STABLE_GROWTH,TAX_BENEFIT_IDLE,MOCK,KIRI_2025_20|ASSUMPTION_V1
USR03979,30,30s,BALANCED,DC_NEGLECT,MOCK,KIRI_2025_20|ASSUMPTION_V1
USR03980,42,40s,AGGRESSIVE,TAX_BENEFIT_IDLE,MOCK,KIRI_2025_20|ASSUMPTION_V1
USR03981,24,20s,GROWTH,OVERLAP_RISK,MOCK,KIRI_2025_20|ASSUMPTION_V1
USR03982,24,20s,GROWTH,OVERLAP_RISK,MOCK,KIRI_2025_20|ASSUMPTION_V1
USR03983,36,30s,CONSERVATIVE,OVERLAP_RISK,MOCK,KIRI_2025_20|ASSUMPTION_V1
USR03984,58,50_plus,CONSERVATIVE,OVERLAP_RISK,MOCK,KIRI_2025_20|ASSUMPTION_V1
USR03985,49,40s,GROWTH,DC_NEGLECT,MOCK,KIRI_2025_20|ASSUMPTION_V1
USR03986,47,40s,GROWTH,DC_NEGLECT,MOCK,KIRI_2025_20|ASSUMPTION_V1
USR03987,34,30s,GROWTH,OVERLAP_RISK,MOCK,KIRI_2025_20|ASSUMPTION_V1
USR03988,64,50_plus,STABLE_GROWTH,OVERLAP_RISK,MOCK,KIRI_2025_20|ASSUMPTION_V1
USR03989,46,40s,BALANCED,OVERLAP_RISK,MOCK,KIRI_2025_20|ASSUMPTION_V1
USR03990,31,30s,STABLE_GROWTH,DC_NEGLECT,MOCK,KIRI_2025_20|ASSUMPTION_V1
USR03991,42,40s,CONSERVATIVE,OVERLAP_RISK,MOCK,KIRI_2025_20|ASSUMPTION_V1
USR03992,49,40s,STABLE_GROWTH,OVERLAP_RISK,MOCK,KIRI_2025_20|ASSUMPTION_V1
USR03993,53,50_plus,CONSERVATIVE,TAX_BENEFIT_IDLE,MOCK,KIRI_2025_20|ASSUMPTION_V1
USR03994,20,20s,CONSERVATIVE,TAX_BENEFIT_IDLE,MOCK,KIRI_2025_20|ASSUMPTION_V1
USR03995,48,40s,CONSERVATIVE,TAX_BENEFIT_IDLE,MOCK,KIRI_2025_20|ASSUMPTION_V1
USR03996,30,30s,GROWTH,DC_NEGLECT,MOCK,KIRI_2025_20|ASSUMPTION_V1
USR03997,41,40s,BALANCED,DC_NEGLECT,MOCK,KIRI_2025_20|ASSUMPTION_V1
USR03998,33,30s,BALANCED,OVERLAP_RISK,MOCK,KIRI_2025_20|ASSUMPTION_V1
USR03999,50,50_plus,CONSERVATIVE,TAX_BENEFIT_IDLE,MOCK,KIRI_2025_20|ASSUMPTION_V1
USR04000,30,30s,CONSERVATIVE,DC_NEGLECT,MOCK,KIRI_2025_20|ASSUMPTION_V1
USR04001,30,30s,STABLE_GROWTH,OVERLAP_RISK,MOCK,KIRI_2025_20|ASSUMPTION_V1
USR04002,42,40s,GROWTH,TAX_BENEFIT_IDLE,MOCK,KIRI_2025_20|ASSUMPTION_V1
USR04003,31,30s,BALANCED,DC_NEGLECT,MOCK,KIRI_2025_20|ASSUMPTION_V1
USR04004,33,30s,STABLE_GROWTH,DC_NEGLECT,MOCK,KIRI_2025_20|ASSUMPTION_V1
USR04005,63,50_plus,GROWTH,DC_NEGLECT,MOCK,KIRI_2025_20|ASSUMPTION_V1
USR04006,51,50_plus,STABLE_GROWTH,TAX_BENEFIT_IDLE,MOCK,KIRI_2025_20|ASSUMPTION_V1
USR04007,21,20s,BALANCED,DC_NEGLECT,MOCK,KIRI_2025_20|ASSUMPTION_V1
USR04008,59,50_plus,STABLE_GROWTH,TAX_BENEFIT_IDLE,MOCK,KIRI_2025_20|ASSUMPTION_V1
USR04009,48,40s,GROWTH,OVERLAP_RISK,MOCK,KIRI_2025_20|ASSUMPTION_V1
USR04010,45,40s,CONSERVATIVE,TAX_BENEFIT_IDLE,MOCK,KIRI_2025_20|ASSUMPTION_V1
USR04011,33,30s,STABLE_GROWTH,TAX_BENEFIT_IDLE,MOCK,KIRI_2025_20|ASSUMPTION_V1
USR04012,58,50_plus,BALANCED,DC_NEGLECT,MOCK,KIRI_2025_20|ASSUMPTION_V1
USR04013,32,30s,STABLE_GROWTH,TAX_BENEFIT_IDLE,MOCK,KIRI_2025_20|ASSUMPTION_V1
USR04014,27,20s,AGGRESSIVE,DC_NEGLECT,MOCK,KIRI_2025_20|ASSUMPTION_V1
USR04015,46,40s,STABLE_GROWTH,OVERLAP_RISK,MOCK,KIRI_2025_20|ASSUMPTION_V1
USR04016,47,40s,CONSERVATIVE,OVERLAP_RISK,MOCK,KIRI_2025_20|ASSUMPTION_V1
USR04017,41,40s,GROWTH,TAX_BENEFIT_IDLE,MOCK,KIRI_2025_20|ASSUMPTION_V1
USR04018,52,50_plus,BALANCED,TAX_BENEFIT_IDLE,MOCK,KIRI_2025_20|ASSUMPTION_V1
USR04019,37,30s,BALANCED,DC_NEGLECT,MOCK,KIRI_2025_20|ASSUMPTION_V1
USR04020,50,50_plus,STABLE_GROWTH,DC_NEGLECT,MOCK,KIRI_2025_20|ASSUMPTION_V1
USR04021,53,50_plus,CONSERVATIVE,DC_NEGLECT,MOCK,KIRI_2025_20|ASSUMPTION_V1
USR04022,38,30s,BALANCED,OVERLAP_RISK,MOCK,KIRI_2025_20|ASSUMPTION_V1
USR04023,61,50_plus,CONSERVATIVE,DC_NEGLECT,MOCK,KIRI_2025_20|ASSUMPTION_V1
USR04024,31,30s,BALANCED,OVERLAP_RISK,MOCK,KIRI_2025_20|ASSUMPTION_V1
USR04025,31,30s,GROWTH,OVERLAP_RISK,MOCK,KIRI_2025_20|ASSUMPTION_V1
USR04026,46,40s,CONSERVATIVE,DC_NEGLECT,MOCK,KIRI_2025_20|ASSUMPTION_V1
USR04027,32,30s,STABLE_GROWTH,OVERLAP_RISK,MOCK,KIRI_2025_20|ASSUMPTION_V1
USR04028,30,30s,BALANCED,DC_NEGLECT,MOCK,KIRI_2025_20|ASSUMPTION_V1
USR04029,33,30s,GROWTH,DC_NEGLECT,MOCK,KIRI_2025_20|ASSUMPTION_V1
USR04030,58,50_plus,CONSERVATIVE,TAX_BENEFIT_IDLE,MOCK,KIRI_2025_20|ASSUMPTION_V1
USR04031,47,40s,AGGRESSIVE,OVERLAP_RISK,MOCK,KIRI_2025_20|ASSUMPTION_V1
USR04032,58,50_plus,GROWTH,TAX_BENEFIT_IDLE,MOCK,KIRI_2025_20|ASSUMPTION_V1
USR04033,55,50_plus,GROWTH,OVERLAP_RISK,MOCK,KIRI_2025_20|ASSUMPTION_V1
USR04034,63,50_plus,CONSERVATIVE,TAX_BENEFIT_IDLE,MOCK,KIRI_2025_20|ASSUMPTION_V1
USR04035,45,40s,AGGRESSIVE,DC_NEGLECT,MOCK,KIRI_2025_20|ASSUMPTION_V1
USR04036,56,50_plus,STABLE_GROWTH,OVERLAP_RISK,MOCK,KIRI_2025_20|ASSUMPTION_V1
USR04037,37,30s,GROWTH,DC_NEGLECT,MOCK,KIRI_2025_20|ASSUMPTION_V1
USR04038,25,20s,AGGRESSIVE,OVERLAP_RISK,MOCK,KIRI_2025_20|ASSUMPTION_V1
USR04039,27,20s,BALANCED,OVERLAP_RISK,MOCK,KIRI_2025_20|ASSUMPTION_V1
USR04040,54,50_plus,BALANCED,DC_NEGLECT,MOCK,KIRI_2025_20|ASSUMPTION_V1
USR04041,21,20s,STABLE_GROWTH,DC_NEGLECT,MOCK,KIRI_2025_20|ASSUMPTION_V1
USR04042,59,50_plus,BALANCED,TAX_BENEFIT_IDLE,MOCK,KIRI_2025_20|ASSUMPTION_V1
USR04043,39,30s,CONSERVATIVE,DC_NEGLECT,MOCK,KIRI_2025_20|ASSUMPTION_V1
USR04044,44,40s,GROWTH,OVERLAP_RISK,MOCK,KIRI_2025_20|ASSUMPTION_V1
USR04045,27,20s,CONSERVATIVE,DC_NEGLECT,MOCK,KIRI_2025_20|ASSUMPTION_V1
USR04046,44,40s,CONSERVATIVE,DC_NEGLECT,MOCK,KIRI_2025_20|ASSUMPTION_V1
USR04047,38,30s,STABLE_GROWTH,DC_NEGLECT,MOCK,KIRI_2025_20|ASSUMPTION_V1
USR04048,43,40s,BALANCED,OVERLAP_RISK,MOCK,KIRI_2025_20|ASSUMPTION_V1
USR04049,52,50_plus,STABLE_GROWTH,DC_NEGLECT,MOCK,KIRI_2025_20|ASSUMPTION_V1
USR04050,61,50_plus,STABLE_GROWTH,OVERLAP_RISK,MOCK,KIRI_2025_20|ASSUMPTION_V1
USR04051,58,50_plus,AGGRESSIVE,TAX_BENEFIT_IDLE,MOCK,KIRI_2025_20|ASSUMPTION_V1
USR04052,31,30s,CONSERVATIVE,TAX_BENEFIT_IDLE,MOCK,KIRI_2025_20|ASSUMPTION_V1
USR04053,38,30s,GROWTH,DC_NEGLECT,MOCK,KIRI_2025_20|ASSUMPTION_V1
USR04054,39,30s,GROWTH,OVERLAP_RISK,MOCK,KIRI_2025_20|ASSUMPTION_V1
USR04055,64,50_plus,STABLE_GROWTH,OVERLAP_RISK,MOCK,KIRI_2025_20|ASSUMPTION_V1
USR04056,36,30s,BALANCED,DC_NEGLECT,MOCK,KIRI_2025_20|ASSUMPTION_V1
USR04057,35,30s,GROWTH,TAX_BENEFIT_IDLE,MOCK,KIRI_2025_20|ASSUMPTION_V1
USR04058,24,20s,CONSERVATIVE,DC_NEGLECT,MOCK,KIRI_2025_20|ASSUMPTION_V1
USR04059,33,30s,CONSERVATIVE,DC_NEGLECT,MOCK,KIRI_2025_20|ASSUMPTION_V1
USR04060,44,40s,BALANCED,OVERLAP_RISK,MOCK,KIRI_2025_20|ASSUMPTION_V1
USR04061,30,30s,GROWTH,OVERLAP_RISK,MOCK,KIRI_2025_20|ASSUMPTION_V1
USR04062,47,40s,CONSERVATIVE,OVERLAP_RISK,MOCK,KIRI_2025_20|ASSUMPTION_V1
USR04063,34,30s,GROWTH,DC_NEGLECT,MOCK,KIRI_2025_20|ASSUMPTION_V1
USR04064,32,30s,GROWTH,OVERLAP_RISK,MOCK,KIRI_2025_20|ASSUMPTION_V1
USR04065,35,30s,GROWTH,DC_NEGLECT,MOCK,KIRI_2025_20|ASSUMPTION_V1
USR04066,54,50_plus,CONSERVATIVE,DC_NEGLECT,MOCK,KIRI_2025_20|ASSUMPTION_V1
USR04067,49,40s,STABLE_GROWTH,DC_NEGLECT,MOCK,KIRI_2025_20|ASSUMPTION_V1
USR04068,55,50_plus,AGGRESSIVE,OVERLAP_RISK,MOCK,KIRI_2025_20|ASSUMPTION_V1
USR04069,38,30s,BALANCED,DC_NEGLECT,MOCK,KIRI_2025_20|ASSUMPTION_V1
USR04070,51,50_plus,CONSERVATIVE,OVERLAP_RISK,MOCK,KIRI_2025_20|ASSUMPTION_V1
USR04071,20,20s,STABLE_GROWTH,DC_NEGLECT,MOCK,KIRI_2025_20|ASSUMPTION_V1
USR04072,64,50_plus,CONSERVATIVE,TAX_BENEFIT_IDLE,MOCK,KIRI_2025_20|ASSUMPTION_V1
USR04073,64,50_plus,GROWTH,OVERLAP_RISK,MOCK,KIRI_2025_20|ASSUMPTION_V1
USR04074,35,30s,CONSERVATIVE,OVERLAP_RISK,MOCK,KIRI_2025_20|ASSUMPTION_V1
USR04075,56,50_plus,CONSERVATIVE,DC_NEGLECT,MOCK,KIRI_2025_20|ASSUMPTION_V1
USR04076,43,40s,STABLE_GROWTH,DC_NEGLECT,MOCK,KIRI_2025_20|ASSUMPTION_V1
USR04077,38,30s,STABLE_GROWTH,OVERLAP_RISK,MOCK,KIRI_2025_20|ASSUMPTION_V1
USR04078,20,20s,STABLE_GROWTH,TAX_BENEFIT_IDLE,MOCK,KIRI_2025_20|ASSUMPTION_V1
USR04079,50,50_plus,STABLE_GROWTH,DC_NEGLECT,MOCK,KIRI_2025_20|ASSUMPTION_V1
USR04080,46,40s,CONSERVATIVE,DC_NEGLECT,MOCK,KIRI_2025_20|ASSUMPTION_V1
USR04081,47,40s,GROWTH,TAX_BENEFIT_IDLE,MOCK,KIRI_2025_20|ASSUMPTION_V1
USR04082,49,40s,CONSERVATIVE,DC_NEGLECT,MOCK,KIRI_2025_20|ASSUMPTION_V1
USR04083,58,50_plus,CONSERVATIVE,OVERLAP_RISK,MOCK,KIRI_2025_20|ASSUMPTION_V1
USR04084,43,40s,GROWTH,DC_NEGLECT,MOCK,KIRI_2025_20|ASSUMPTION_V1
USR04085,58,50_plus,STABLE_GROWTH,DC_NEGLECT,MOCK,KIRI_2025_20|ASSUMPTION_V1
USR04086,41,40s,BALANCED,TAX_BENEFIT_IDLE,MOCK,KIRI_2025_20|ASSUMPTION_V1
USR04087,39,30s,BALANCED,DC_NEGLECT,MOCK,KIRI_2025_20|ASSUMPTION_V1
USR04088,56,50_plus,CONSERVATIVE,TAX_BENEFIT_IDLE,MOCK,KIRI_2025_20|ASSUMPTION_V1
USR04089,60,50_plus,CONSERVATIVE,OVERLAP_RISK,MOCK,KIRI_2025_20|ASSUMPTION_V1
USR04090,42,40s,GROWTH,OVERLAP_RISK,MOCK,KIRI_2025_20|ASSUMPTION_V1
USR04091,40,40s,BALANCED,OVERLAP_RISK,MOCK,KIRI_2025_20|ASSUMPTION_V1
USR04092,33,30s,GROWTH,OVERLAP_RISK,MOCK,KIRI_2025_20|ASSUMPTION_V1
USR04093,41,40s,GROWTH,OVERLAP_RISK,MOCK,KIRI_2025_20|ASSUMPTION_V1
USR04094,46,40s,GROWTH,DC_NEGLECT,MOCK,KIRI_2025_20|ASSUMPTION_V1
USR04095,55,50_plus,CONSERVATIVE,DC_NEGLECT,MOCK,KIRI_2025_20|ASSUMPTION_V1
USR04096,24,20s,BALANCED,DC_NEGLECT,MOCK,KIRI_2025_20|ASSUMPTION_V1
USR04097,30,30s,BALANCED,TAX_BENEFIT_IDLE,MOCK,KIRI_2025_20|ASSUMPTION_V1
USR04098,43,40s,STABLE_GROWTH,OVERLAP_RISK,MOCK,KIRI_2025_20|ASSUMPTION_V1
USR04099,42,40s,STABLE_GROWTH,TAX_BENEFIT_IDLE,MOCK,KIRI_2025_20|ASSUMPTION_V1
USR04100,64,50_plus,AGGRESSIVE,OVERLAP_RISK,MOCK,KIRI_2025_20|ASSUMPTION_V1
USR04101,28,20s,AGGRESSIVE,TAX_BENEFIT_IDLE,MOCK,KIRI_2025_20|ASSUMPTION_V1
USR04102,62,50_plus,STABLE_GROWTH,DC_NEGLECT,MOCK,KIRI_2025_20|ASSUMPTION_V1
USR04103,63,50_plus,STABLE_GROWTH,TAX_BENEFIT_IDLE,MOCK,KIRI_2025_20|ASSUMPTION_V1
USR04104,49,40s,BALANCED,DC_NEGLECT,MOCK,KIRI_2025_20|ASSUMPTION_V1
USR04105,42,40s,GROWTH,DC_NEGLECT,MOCK,KIRI_2025_20|ASSUMPTION_V1
USR04106,34,30s,CONSERVATIVE,DC_NEGLECT,MOCK,KIRI_2025_20|ASSUMPTION_V1
USR04107,33,30s,CONSERVATIVE,DC_NEGLECT,MOCK,KIRI_2025_20|ASSUMPTION_V1
USR04108,39,30s,GROWTH,DC_NEGLECT,MOCK,KIRI_2025_20|ASSUMPTION_V1
USR04109,58,50_plus,CONSERVATIVE,DC_NEGLECT,MOCK,KIRI_2025_20|ASSUMPTION_V1
USR04110,43,40s,BALANCED,TAX_BENEFIT_IDLE,MOCK,KIRI_2025_20|ASSUMPTION_V1
USR04111,39,30s,BALANCED,DC_NEGLECT,MOCK,KIRI_2025_20|ASSUMPTION_V1
USR04112,43,40s,CONSERVATIVE,TAX_BENEFIT_IDLE,MOCK,KIRI_2025_20|ASSUMPTION_V1
USR04113,41,40s,CONSERVATIVE,OVERLAP_RISK,MOCK,KIRI_2025_20|ASSUMPTION_V1
USR04114,31,30s,STABLE_GROWTH,DC_NEGLECT,MOCK,KIRI_2025_20|ASSUMPTION_V1
USR04115,36,30s,STABLE_GROWTH,DC_NEGLECT,MOCK,KIRI_2025_20|ASSUMPTION_V1
USR04116,39,30s,GROWTH,DC_NEGLECT,MOCK,KIRI_2025_20|ASSUMPTION_V1
USR04117,31,30s,BALANCED,DC_NEGLECT,MOCK,KIRI_2025_20|ASSUMPTION_V1
USR04118,53,50_plus,CONSERVATIVE,DC_NEGLECT,MOCK,KIRI_2025_20|ASSUMPTION_V1
USR04119,37,30s,BALANCED,OVERLAP_RISK,MOCK,KIRI_2025_20|ASSUMPTION_V1
USR04120,55,50_plus,CONSERVATIVE,DC_NEGLECT,MOCK,KIRI_2025_20|ASSUMPTION_V1
USR04121,30,30s,BALANCED,OVERLAP_RISK,MOCK,KIRI_2025_20|ASSUMPTION_V1
USR04122,27,20s,AGGRESSIVE,DC_NEGLECT,MOCK,KIRI_2025_20|ASSUMPTION_V1
USR04123,47,40s,BALANCED,DC_NEGLECT,MOCK,KIRI_2025_20|ASSUMPTION_V1
USR04124,31,30s,AGGRESSIVE,TAX_BENEFIT_IDLE,MOCK,KIRI_2025_20|ASSUMPTION_V1
USR04125,26,20s,BALANCED,OVERLAP_RISK,MOCK,KIRI_2025_20|ASSUMPTION_V1
USR04126,36,30s,STABLE_GROWTH,DC_NEGLECT,MOCK,KIRI_2025_20|ASSUMPTION_V1
USR04127,37,30s,STABLE_GROWTH,OVERLAP_RISK,MOCK,KIRI_2025_20|ASSUMPTION_V1
USR04128,56,50_plus,BALANCED,TAX_BENEFIT_IDLE,MOCK,KIRI_2025_20|ASSUMPTION_V1
USR04129,35,30s,GROWTH,DC_NEGLECT,MOCK,KIRI_2025_20|ASSUMPTION_V1
USR04130,38,30s,BALANCED,OVERLAP_RISK,MOCK,KIRI_2025_20|ASSUMPTION_V1
USR04131,36,30s,BALANCED,OVERLAP_RISK,MOCK,KIRI_2025_20|ASSUMPTION_V1
USR04132,30,30s,AGGRESSIVE,DC_NEGLECT,MOCK,KIRI_2025_20|ASSUMPTION_V1
USR04133,30,30s,GROWTH,OVERLAP_RISK,MOCK,KIRI_2025_20|ASSUMPTION_V1
USR04134,38,30s,STABLE_GROWTH,DC_NEGLECT,MOCK,KIRI_2025_20|ASSUMPTION_V1
USR04135,53,50_plus,CONSERVATIVE,DC_NEGLECT,MOCK,KIRI_2025_20|ASSUMPTION_V1
USR04136,31,30s,BALANCED,OVERLAP_RISK,MOCK,KIRI_2025_20|ASSUMPTION_V1
USR04137,46,40s,CONSERVATIVE,TAX_BENEFIT_IDLE,MOCK,KIRI_2025_20|ASSUMPTION_V1
USR04138,36,30s,GROWTH,DC_NEGLECT,MOCK,KIRI_2025_20|ASSUMPTION_V1
USR04139,55,50_plus,BALANCED,DC_NEGLECT,MOCK,KIRI_2025_20|ASSUMPTION_V1
USR04140,43,40s,BALANCED,TAX_BENEFIT_IDLE,MOCK,KIRI_2025_20|ASSUMPTION_V1
USR04141,60,50_plus,STABLE_GROWTH,DC_NEGLECT,MOCK,KIRI_2025_20|ASSUMPTION_V1
USR04142,54,50_plus,GROWTH,DC_NEGLECT,MOCK,KIRI_2025_20|ASSUMPTION_V1
USR04143,57,50_plus,STABLE_GROWTH,DC_NEGLECT,MOCK,KIRI_2025_20|ASSUMPTION_V1
USR04144,41,40s,CONSERVATIVE,TAX_BENEFIT_IDLE,MOCK,KIRI_2025_20|ASSUMPTION_V1
USR04145,48,40s,AGGRESSIVE,DC_NEGLECT,MOCK,KIRI_2025_20|ASSUMPTION_V1
USR04146,58,50_plus,STABLE_GROWTH,TAX_BENEFIT_IDLE,MOCK,KIRI_2025_20|ASSUMPTION_V1
USR04147,48,40s,BALANCED,OVERLAP_RISK,MOCK,KIRI_2025_20|ASSUMPTION_V1
USR04148,44,40s,BALANCED,DC_NEGLECT,MOCK,KIRI_2025_20|ASSUMPTION_V1
USR04149,49,40s,BALANCED,TAX_BENEFIT_IDLE,MOCK,KIRI_2025_20|ASSUMPTION_V1
USR04150,53,50_plus,CONSERVATIVE,DC_NEGLECT,MOCK,KIRI_2025_20|ASSUMPTION_V1
USR04151,56,50_plus,BALANCED,DC_NEGLECT,MOCK,KIRI_2025_20|ASSUMPTION_V1
USR04152,42,40s,CONSERVATIVE,TAX_BENEFIT_IDLE,MOCK,KIRI_2025_20|ASSUMPTION_V1
USR04153,35,30s,BALANCED,TAX_BENEFIT_IDLE,MOCK,KIRI_2025_20|ASSUMPTION_V1
USR04154,37,30s,BALANCED,TAX_BENEFIT_IDLE,MOCK,KIRI_2025_20|ASSUMPTION_V1
USR04155,54,50_plus,GROWTH,TAX_BENEFIT_IDLE,MOCK,KIRI_2025_20|ASSUMPTION_V1
USR04156,38,30s,GROWTH,DC_NEGLECT,MOCK,KIRI_2025_20|ASSUMPTION_V1
USR04157,44,40s,GROWTH,DC_NEGLECT,MOCK,KIRI_2025_20|ASSUMPTION_V1
USR04158,35,30s,AGGRESSIVE,DC_NEGLECT,MOCK,KIRI_2025_20|ASSUMPTION_V1
USR04159,34,30s,STABLE_GROWTH,OVERLAP_RISK,MOCK,KIRI_2025_20|ASSUMPTION_V1
USR04160,31,30s,STABLE_GROWTH,DC_NEGLECT,MOCK,KIRI_2025_20|ASSUMPTION_V1
USR04161,37,30s,BALANCED,DC_NEGLECT,MOCK,KIRI_2025_20|ASSUMPTION_V1
USR04162,35,30s,STABLE_GROWTH,OVERLAP_RISK,MOCK,KIRI_2025_20|ASSUMPTION_V1
USR04163,60,50_plus,STABLE_GROWTH,DC_NEGLECT,MOCK,KIRI_2025_20|ASSUMPTION_V1
USR04164,21,20s,GROWTH,DC_NEGLECT,MOCK,KIRI_2025_20|ASSUMPTION_V1
USR04165,28,20s,GROWTH,DC_NEGLECT,MOCK,KIRI_2025_20|ASSUMPTION_V1
USR04166,30,30s,BALANCED,OVERLAP_RISK,MOCK,KIRI_2025_20|ASSUMPTION_V1
USR04167,59,50_plus,STABLE_GROWTH,DC_NEGLECT,MOCK,KIRI_2025_20|ASSUMPTION_V1
USR04168,46,40s,GROWTH,TAX_BENEFIT_IDLE,MOCK,KIRI_2025_20|ASSUMPTION_V1
USR04169,36,30s,GROWTH,DC_NEGLECT,MOCK,KIRI_2025_20|ASSUMPTION_V1
USR04170,42,40s,STABLE_GROWTH,OVERLAP_RISK,MOCK,KIRI_2025_20|ASSUMPTION_V1
USR04171,49,40s,STABLE_GROWTH,DC_NEGLECT,MOCK,KIRI_2025_20|ASSUMPTION_V1
USR04172,44,40s,GROWTH,OVERLAP_RISK,MOCK,KIRI_2025_20|ASSUMPTION_V1
USR04173,45,40s,STABLE_GROWTH,OVERLAP_RISK,MOCK,KIRI_2025_20|ASSUMPTION_V1
USR04174,46,40s,BALANCED,OVERLAP_RISK,MOCK,KIRI_2025_20|ASSUMPTION_V1
USR04175,45,40s,STABLE_GROWTH,OVERLAP_RISK,MOCK,KIRI_2025_20|ASSUMPTION_V1
USR04176,31,30s,BALANCED,DC_NEGLECT,MOCK,KIRI_2025_20|ASSUMPTION_V1
USR04177,37,30s,CONSERVATIVE,OVERLAP_RISK,MOCK,KIRI_2025_20|ASSUMPTION_V1
USR04178,42,40s,STABLE_GROWTH,TAX_BENEFIT_IDLE,MOCK,KIRI_2025_20|ASSUMPTION_V1
USR04179,50,50_plus,STABLE_GROWTH,DC_NEGLECT,MOCK,KIRI_2025_20|ASSUMPTION_V1
USR04180,20,20s,BALANCED,TAX_BENEFIT_IDLE,MOCK,KIRI_2025_20|ASSUMPTION_V1
USR04181,58,50_plus,STABLE_GROWTH,DC_NEGLECT,MOCK,KIRI_2025_20|ASSUMPTION_V1
USR04182,49,40s,STABLE_GROWTH,DC_NEGLECT,MOCK,KIRI_2025_20|ASSUMPTION_V1
USR04183,32,30s,STABLE_GROWTH,DC_NEGLECT,MOCK,KIRI_2025_20|ASSUMPTION_V1
USR04184,46,40s,CONSERVATIVE,DC_NEGLECT,MOCK,KIRI_2025_20|ASSUMPTION_V1
USR04185,33,30s,STABLE_GROWTH,OVERLAP_RISK,MOCK,KIRI_2025_20|ASSUMPTION_V1
USR04186,45,40s,GROWTH,OVERLAP_RISK,MOCK,KIRI_2025_20|ASSUMPTION_V1
USR04187,49,40s,AGGRESSIVE,DC_NEGLECT,MOCK,KIRI_2025_20|ASSUMPTION_V1
USR04188,34,30s,CONSERVATIVE,DC_NEGLECT,MOCK,KIRI_2025_20|ASSUMPTION_V1
USR04189,54,50_plus,STABLE_GROWTH,DC_NEGLECT,MOCK,KIRI_2025_20|ASSUMPTION_V1
USR04190,64,50_plus,STABLE_GROWTH,DC_NEGLECT,MOCK,KIRI_2025_20|ASSUMPTION_V1
USR04191,44,40s,CONSERVATIVE,TAX_BENEFIT_IDLE,MOCK,KIRI_2025_20|ASSUMPTION_V1
USR04192,27,20s,BALANCED,OVERLAP_RISK,MOCK,KIRI_2025_20|ASSUMPTION_V1
USR04193,36,30s,AGGRESSIVE,TAX_BENEFIT_IDLE,MOCK,KIRI_2025_20|ASSUMPTION_V1
USR04194,27,20s,AGGRESSIVE,DC_NEGLECT,MOCK,KIRI_2025_20|ASSUMPTION_V1
USR04195,52,50_plus,STABLE_GROWTH,TAX_BENEFIT_IDLE,MOCK,KIRI_2025_20|ASSUMPTION_V1
USR04196,47,40s,CONSERVATIVE,TAX_BENEFIT_IDLE,MOCK,KIRI_2025_20|ASSUMPTION_V1
USR04197,53,50_plus,STABLE_GROWTH,DC_NEGLECT,MOCK,KIRI_2025_20|ASSUMPTION_V1
USR04198,34,30s,BALANCED,OVERLAP_RISK,MOCK,KIRI_2025_20|ASSUMPTION_V1
USR04199,42,40s,BALANCED,DC_NEGLECT,MOCK,KIRI_2025_20|ASSUMPTION_V1
USR04200,29,20s,GROWTH,OVERLAP_RISK,MOCK,KIRI_2025_20|ASSUMPTION_V1
USR04201,59,50_plus,STABLE_GROWTH,TAX_BENEFIT_IDLE,MOCK,KIRI_2025_20|ASSUMPTION_V1
USR04202,47,40s,STABLE_GROWTH,DC_NEGLECT,MOCK,KIRI_2025_20|ASSUMPTION_V1
USR04203,27,20s,STABLE_GROWTH,DC_NEGLECT,MOCK,KIRI_2025_20|ASSUMPTION_V1
USR04204,44,40s,GROWTH,OVERLAP_RISK,MOCK,KIRI_2025_20|ASSUMPTION_V1
USR04205,44,40s,CONSERVATIVE,OVERLAP_RISK,MOCK,KIRI_2025_20|ASSUMPTION_V1
USR04206,60,50_plus,CONSERVATIVE,TAX_BENEFIT_IDLE,MOCK,KIRI_2025_20|ASSUMPTION_V1
USR04207,59,50_plus,GROWTH,DC_NEGLECT,MOCK,KIRI_2025_20|ASSUMPTION_V1
USR04208,41,40s,BALANCED,OVERLAP_RISK,MOCK,KIRI_2025_20|ASSUMPTION_V1
USR04209,51,50_plus,CONSERVATIVE,TAX_BENEFIT_IDLE,MOCK,KIRI_2025_20|ASSUMPTION_V1
USR04210,49,40s,BALANCED,DC_NEGLECT,MOCK,KIRI_2025_20|ASSUMPTION_V1
USR04211,43,40s,STABLE_GROWTH,TAX_BENEFIT_IDLE,MOCK,KIRI_2025_20|ASSUMPTION_V1
USR04212,26,20s,GROWTH,TAX_BENEFIT_IDLE,MOCK,KIRI_2025_20|ASSUMPTION_V1
USR04213,33,30s,STABLE_GROWTH,DC_NEGLECT,MOCK,KIRI_2025_20|ASSUMPTION_V1
USR04214,25,20s,BALANCED,DC_NEGLECT,MOCK,KIRI_2025_20|ASSUMPTION_V1
USR04215,35,30s,BALANCED,TAX_BENEFIT_IDLE,MOCK,KIRI_2025_20|ASSUMPTION_V1
USR04216,36,30s,CONSERVATIVE,OVERLAP_RISK,MOCK,KIRI_2025_20|ASSUMPTION_V1
USR04217,36,30s,BALANCED,DC_NEGLECT,MOCK,KIRI_2025_20|ASSUMPTION_V1
USR04218,34,30s,STABLE_GROWTH,TAX_BENEFIT_IDLE,MOCK,KIRI_2025_20|ASSUMPTION_V1
USR04219,47,40s,BALANCED,TAX_BENEFIT_IDLE,MOCK,KIRI_2025_20|ASSUMPTION_V1
USR04220,60,50_plus,CONSERVATIVE,OVERLAP_RISK,MOCK,KIRI_2025_20|ASSUMPTION_V1
USR04221,34,30s,GROWTH,OVERLAP_RISK,MOCK,KIRI_2025_20|ASSUMPTION_V1
USR04222,30,30s,GROWTH,DC_NEGLECT,MOCK,KIRI_2025_20|ASSUMPTION_V1
USR04223,50,50_plus,BALANCED,DC_NEGLECT,MOCK,KIRI_2025_20|ASSUMPTION_V1
USR04224,38,30s,STABLE_GROWTH,DC_NEGLECT,MOCK,KIRI_2025_20|ASSUMPTION_V1
USR04225,23,20s,BALANCED,OVERLAP_RISK,MOCK,KIRI_2025_20|ASSUMPTION_V1
USR04226,50,50_plus,BALANCED,TAX_BENEFIT_IDLE,MOCK,KIRI_2025_20|ASSUMPTION_V1
USR04227,44,40s,STABLE_GROWTH,OVERLAP_RISK,MOCK,KIRI_2025_20|ASSUMPTION_V1
USR04228,40,40s,BALANCED,OVERLAP_RISK,MOCK,KIRI_2025_20|ASSUMPTION_V1
USR04229,37,30s,GROWTH,TAX_BENEFIT_IDLE,MOCK,KIRI_2025_20|ASSUMPTION_V1
USR04230,30,30s,GROWTH,TAX_BENEFIT_IDLE,MOCK,KIRI_2025_20|ASSUMPTION_V1
USR04231,63,50_plus,CONSERVATIVE,DC_NEGLECT,MOCK,KIRI_2025_20|ASSUMPTION_V1
USR04232,33,30s,STABLE_GROWTH,OVERLAP_RISK,MOCK,KIRI_2025_20|ASSUMPTION_V1
USR04233,42,40s,CONSERVATIVE,DC_NEGLECT,MOCK,KIRI_2025_20|ASSUMPTION_V1
USR04234,21,20s,GROWTH,TAX_BENEFIT_IDLE,MOCK,KIRI_2025_20|ASSUMPTION_V1
USR04235,54,50_plus,GROWTH,DC_NEGLECT,MOCK,KIRI_2025_20|ASSUMPTION_V1
USR04236,37,30s,AGGRESSIVE,OVERLAP_RISK,MOCK,KIRI_2025_20|ASSUMPTION_V1
USR04237,41,40s,CONSERVATIVE,DC_NEGLECT,MOCK,KIRI_2025_20|ASSUMPTION_V1
USR04238,35,30s,CONSERVATIVE,TAX_BENEFIT_IDLE,MOCK,KIRI_2025_20|ASSUMPTION_V1
USR04239,46,40s,GROWTH,DC_NEGLECT,MOCK,KIRI_2025_20|ASSUMPTION_V1
USR04240,26,20s,STABLE_GROWTH,DC_NEGLECT,MOCK,KIRI_2025_20|ASSUMPTION_V1
USR04241,59,50_plus,CONSERVATIVE,TAX_BENEFIT_IDLE,MOCK,KIRI_2025_20|ASSUMPTION_V1
USR04242,40,40s,BALANCED,DC_NEGLECT,MOCK,KIRI_2025_20|ASSUMPTION_V1
USR04243,45,40s,CONSERVATIVE,DC_NEGLECT,MOCK,KIRI_2025_20|ASSUMPTION_V1
USR04244,59,50_plus,CONSERVATIVE,OVERLAP_RISK,MOCK,KIRI_2025_20|ASSUMPTION_V1
USR04245,55,50_plus,STABLE_GROWTH,OVERLAP_RISK,MOCK,KIRI_2025_20|ASSUMPTION_V1
USR04246,37,30s,STABLE_GROWTH,DC_NEGLECT,MOCK,KIRI_2025_20|ASSUMPTION_V1
USR04247,48,40s,STABLE_GROWTH,TAX_BENEFIT_IDLE,MOCK,KIRI_2025_20|ASSUMPTION_V1
USR04248,29,20s,GROWTH,TAX_BENEFIT_IDLE,MOCK,KIRI_2025_20|ASSUMPTION_V1
USR04249,33,30s,AGGRESSIVE,TAX_BENEFIT_IDLE,MOCK,KIRI_2025_20|ASSUMPTION_V1
USR04250,44,40s,AGGRESSIVE,OVERLAP_RISK,MOCK,KIRI_2025_20|ASSUMPTION_V1
USR04251,47,40s,STABLE_GROWTH,DC_NEGLECT,MOCK,KIRI_2025_20|ASSUMPTION_V1
USR04252,57,50_plus,GROWTH,OVERLAP_RISK,MOCK,KIRI_2025_20|ASSUMPTION_V1
USR04253,52,50_plus,CONSERVATIVE,OVERLAP_RISK,MOCK,KIRI_2025_20|ASSUMPTION_V1
USR04254,45,40s,STABLE_GROWTH,TAX_BENEFIT_IDLE,MOCK,KIRI_2025_20|ASSUMPTION_V1
USR04255,29,20s,BALANCED,DC_NEGLECT,MOCK,KIRI_2025_20|ASSUMPTION_V1
USR04256,23,20s,CONSERVATIVE,DC_NEGLECT,MOCK,KIRI_2025_20|ASSUMPTION_V1
USR04257,61,50_plus,BALANCED,OVERLAP_RISK,MOCK,KIRI_2025_20|ASSUMPTION_V1
USR04258,42,40s,BALANCED,DC_NEGLECT,MOCK,KIRI_2025_20|ASSUMPTION_V1
USR04259,61,50_plus,STABLE_GROWTH,OVERLAP_RISK,MOCK,KIRI_2025_20|ASSUMPTION_V1
USR04260,39,30s,BALANCED,DC_NEGLECT,MOCK,KIRI_2025_20|ASSUMPTION_V1
USR04261,38,30s,AGGRESSIVE,DC_NEGLECT,MOCK,KIRI_2025_20|ASSUMPTION_V1
USR04262,63,50_plus,CONSERVATIVE,OVERLAP_RISK,MOCK,KIRI_2025_20|ASSUMPTION_V1
USR04263,61,50_plus,CONSERVATIVE,DC_NEGLECT,MOCK,KIRI_2025_20|ASSUMPTION_V1
USR04264,61,50_plus,STABLE_GROWTH,TAX_BENEFIT_IDLE,MOCK,KIRI_2025_20|ASSUMPTION_V1
USR04265,59,50_plus,STABLE_GROWTH,DC_NEGLECT,MOCK,KIRI_2025_20|ASSUMPTION_V1
USR04266,33,30s,STABLE_GROWTH,DC_NEGLECT,MOCK,KIRI_2025_20|ASSUMPTION_V1
USR04267,33,30s,GROWTH,DC_NEGLECT,MOCK,KIRI_2025_20|ASSUMPTION_V1
USR04268,42,40s,CONSERVATIVE,DC_NEGLECT,MOCK,KIRI_2025_20|ASSUMPTION_V1
USR04269,41,40s,STABLE_GROWTH,DC_NEGLECT,MOCK,KIRI_2025_20|ASSUMPTION_V1
USR04270,49,40s,BALANCED,OVERLAP_RISK,MOCK,KIRI_2025_20|ASSUMPTION_V1
USR04271,37,30s,BALANCED,TAX_BENEFIT_IDLE,MOCK,KIRI_2025_20|ASSUMPTION_V1
USR04272,29,20s,BALANCED,DC_NEGLECT,MOCK,KIRI_2025_20|ASSUMPTION_V1
USR04273,27,20s,CONSERVATIVE,DC_NEGLECT,MOCK,KIRI_2025_20|ASSUMPTION_V1
USR04274,30,30s,BALANCED,DC_NEGLECT,MOCK,KIRI_2025_20|ASSUMPTION_V1
USR04275,31,30s,STABLE_GROWTH,DC_NEGLECT,MOCK,KIRI_2025_20|ASSUMPTION_V1
USR04276,24,20s,STABLE_GROWTH,DC_NEGLECT,MOCK,KIRI_2025_20|ASSUMPTION_V1
USR04277,55,50_plus,BALANCED,DC_NEGLECT,MOCK,KIRI_2025_20|ASSUMPTION_V1
USR04278,35,30s,BALANCED,DC_NEGLECT,MOCK,KIRI_2025_20|ASSUMPTION_V1
USR04279,46,40s,BALANCED,DC_NEGLECT,MOCK,KIRI_2025_20|ASSUMPTION_V1
USR04280,51,50_plus,CONSERVATIVE,DC_NEGLECT,MOCK,KIRI_2025_20|ASSUMPTION_V1
USR04281,31,30s,GROWTH,DC_NEGLECT,MOCK,KIRI_2025_20|ASSUMPTION_V1
USR04282,38,30s,STABLE_GROWTH,DC_NEGLECT,MOCK,KIRI_2025_20|ASSUMPTION_V1
USR04283,26,20s,STABLE_GROWTH,DC_NEGLECT,MOCK,KIRI_2025_20|ASSUMPTION_V1
USR04284,58,50_plus,CONSERVATIVE,OVERLAP_RISK,MOCK,KIRI_2025_20|ASSUMPTION_V1
USR04285,50,50_plus,AGGRESSIVE,DC_NEGLECT,MOCK,KIRI_2025_20|ASSUMPTION_V1
USR04286,31,30s,GROWTH,OVERLAP_RISK,MOCK,KIRI_2025_20|ASSUMPTION_V1
USR04287,47,40s,STABLE_GROWTH,OVERLAP_RISK,MOCK,KIRI_2025_20|ASSUMPTION_V1
USR04288,31,30s,GROWTH,DC_NEGLECT,MOCK,KIRI_2025_20|ASSUMPTION_V1
USR04289,45,40s,BALANCED,DC_NEGLECT,MOCK,KIRI_2025_20|ASSUMPTION_V1
USR04290,64,50_plus,CONSERVATIVE,OVERLAP_RISK,MOCK,KIRI_2025_20|ASSUMPTION_V1
USR04291,36,30s,STABLE_GROWTH,DC_NEGLECT,MOCK,KIRI_2025_20|ASSUMPTION_V1
USR04292,47,40s,BALANCED,DC_NEGLECT,MOCK,KIRI_2025_20|ASSUMPTION_V1
USR04293,56,50_plus,STABLE_GROWTH,TAX_BENEFIT_IDLE,MOCK,KIRI_2025_20|ASSUMPTION_V1
USR04294,49,40s,BALANCED,DC_NEGLECT,MOCK,KIRI_2025_20|ASSUMPTION_V1
USR04295,52,50_plus,BALANCED,TAX_BENEFIT_IDLE,MOCK,KIRI_2025_20|ASSUMPTION_V1
USR04296,45,40s,STABLE_GROWTH,OVERLAP_RISK,MOCK,KIRI_2025_20|ASSUMPTION_V1
USR04297,21,20s,GROWTH,DC_NEGLECT,MOCK,KIRI_2025_20|ASSUMPTION_V1
USR04298,32,30s,BALANCED,OVERLAP_RISK,MOCK,KIRI_2025_20|ASSUMPTION_V1
USR04299,55,50_plus,STABLE_GROWTH,OVERLAP_RISK,MOCK,KIRI_2025_20|ASSUMPTION_V1
USR04300,43,40s,BALANCED,TAX_BENEFIT_IDLE,MOCK,KIRI_2025_20|ASSUMPTION_V1
USR04301,43,40s,STABLE_GROWTH,OVERLAP_RISK,MOCK,KIRI_2025_20|ASSUMPTION_V1
USR04302,61,50_plus,CONSERVATIVE,DC_NEGLECT,MOCK,KIRI_2025_20|ASSUMPTION_V1
USR04303,36,30s,AGGRESSIVE,DC_NEGLECT,MOCK,KIRI_2025_20|ASSUMPTION_V1
USR04304,40,40s,STABLE_GROWTH,DC_NEGLECT,MOCK,KIRI_2025_20|ASSUMPTION_V1
USR04305,34,30s,AGGRESSIVE,OVERLAP_RISK,MOCK,KIRI_2025_20|ASSUMPTION_V1
USR04306,56,50_plus,BALANCED,DC_NEGLECT,MOCK,KIRI_2025_20|ASSUMPTION_V1
USR04307,35,30s,STABLE_GROWTH,DC_NEGLECT,MOCK,KIRI_2025_20|ASSUMPTION_V1
USR04308,45,40s,GROWTH,TAX_BENEFIT_IDLE,MOCK,KIRI_2025_20|ASSUMPTION_V1
USR04309,45,40s,STABLE_GROWTH,TAX_BENEFIT_IDLE,MOCK,KIRI_2025_20|ASSUMPTION_V1
USR04310,47,40s,CONSERVATIVE,TAX_BENEFIT_IDLE,MOCK,KIRI_2025_20|ASSUMPTION_V1
USR04311,38,30s,BALANCED,TAX_BENEFIT_IDLE,MOCK,KIRI_2025_20|ASSUMPTION_V1
USR04312,33,30s,CONSERVATIVE,TAX_BENEFIT_IDLE,MOCK,KIRI_2025_20|ASSUMPTION_V1
USR04313,55,50_plus,STABLE_GROWTH,OVERLAP_RISK,MOCK,KIRI_2025_20|ASSUMPTION_V1
USR04314,54,50_plus,STABLE_GROWTH,OVERLAP_RISK,MOCK,KIRI_2025_20|ASSUMPTION_V1
USR04315,44,40s,STABLE_GROWTH,DC_NEGLECT,MOCK,KIRI_2025_20|ASSUMPTION_V1
USR04316,20,20s,BALANCED,DC_NEGLECT,MOCK,KIRI_2025_20|ASSUMPTION_V1
USR04317,42,40s,CONSERVATIVE,TAX_BENEFIT_IDLE,MOCK,KIRI_2025_20|ASSUMPTION_V1
USR04318,45,40s,CONSERVATIVE,DC_NEGLECT,MOCK,KIRI_2025_20|ASSUMPTION_V1
USR04319,44,40s,STABLE_GROWTH,OVERLAP_RISK,MOCK,KIRI_2025_20|ASSUMPTION_V1
USR04320,43,40s,BALANCED,DC_NEGLECT,MOCK,KIRI_2025_20|ASSUMPTION_V1
USR04321,43,40s,BALANCED,DC_NEGLECT,MOCK,KIRI_2025_20|ASSUMPTION_V1
USR04322,46,40s,STABLE_GROWTH,TAX_BENEFIT_IDLE,MOCK,KIRI_2025_20|ASSUMPTION_V1
USR04323,49,40s,CONSERVATIVE,TAX_BENEFIT_IDLE,MOCK,KIRI_2025_20|ASSUMPTION_V1
USR04324,40,40s,STABLE_GROWTH,OVERLAP_RISK,MOCK,KIRI_2025_20|ASSUMPTION_V1
USR04325,21,20s,CONSERVATIVE,TAX_BENEFIT_IDLE,MOCK,KIRI_2025_20|ASSUMPTION_V1
USR04326,42,40s,CONSERVATIVE,DC_NEGLECT,MOCK,KIRI_2025_20|ASSUMPTION_V1
USR04327,47,40s,BALANCED,TAX_BENEFIT_IDLE,MOCK,KIRI_2025_20|ASSUMPTION_V1
USR04328,46,40s,AGGRESSIVE,DC_NEGLECT,MOCK,KIRI_2025_20|ASSUMPTION_V1
USR04329,60,50_plus,GROWTH,TAX_BENEFIT_IDLE,MOCK,KIRI_2025_20|ASSUMPTION_V1
USR04330,35,30s,STABLE_GROWTH,DC_NEGLECT,MOCK,KIRI_2025_20|ASSUMPTION_V1
USR04331,46,40s,STABLE_GROWTH,TAX_BENEFIT_IDLE,MOCK,KIRI_2025_20|ASSUMPTION_V1
USR04332,39,30s,STABLE_GROWTH,DC_NEGLECT,MOCK,KIRI_2025_20|ASSUMPTION_V1
USR04333,39,30s,STABLE_GROWTH,OVERLAP_RISK,MOCK,KIRI_2025_20|ASSUMPTION_V1
USR04334,63,50_plus,STABLE_GROWTH,TAX_BENEFIT_IDLE,MOCK,KIRI_2025_20|ASSUMPTION_V1
USR04335,42,40s,STABLE_GROWTH,OVERLAP_RISK,MOCK,KIRI_2025_20|ASSUMPTION_V1
USR04336,31,30s,GROWTH,TAX_BENEFIT_IDLE,MOCK,KIRI_2025_20|ASSUMPTION_V1
USR04337,38,30s,BALANCED,DC_NEGLECT,MOCK,KIRI_2025_20|ASSUMPTION_V1
USR04338,39,30s,CONSERVATIVE,OVERLAP_RISK,MOCK,KIRI_2025_20|ASSUMPTION_V1
USR04339,43,40s,BALANCED,TAX_BENEFIT_IDLE,MOCK,KIRI_2025_20|ASSUMPTION_V1
USR04340,39,30s,CONSERVATIVE,DC_NEGLECT,MOCK,KIRI_2025_20|ASSUMPTION_V1
USR04341,51,50_plus,GROWTH,TAX_BENEFIT_IDLE,MOCK,KIRI_2025_20|ASSUMPTION_V1
USR04342,41,40s,AGGRESSIVE,DC_NEGLECT,MOCK,KIRI_2025_20|ASSUMPTION_V1
USR04343,34,30s,STABLE_GROWTH,DC_NEGLECT,MOCK,KIRI_2025_20|ASSUMPTION_V1
USR04344,26,20s,AGGRESSIVE,DC_NEGLECT,MOCK,KIRI_2025_20|ASSUMPTION_V1
USR04345,30,30s,GROWTH,DC_NEGLECT,MOCK,KIRI_2025_20|ASSUMPTION_V1
USR04346,52,50_plus,AGGRESSIVE,OVERLAP_RISK,MOCK,KIRI_2025_20|ASSUMPTION_V1
USR04347,34,30s,BALANCED,TAX_BENEFIT_IDLE,MOCK,KIRI_2025_20|ASSUMPTION_V1
USR04348,39,30s,BALANCED,DC_NEGLECT,MOCK,KIRI_2025_20|ASSUMPTION_V1
USR04349,57,50_plus,CONSERVATIVE,TAX_BENEFIT_IDLE,MOCK,KIRI_2025_20|ASSUMPTION_V1
USR04350,38,30s,BALANCED,DC_NEGLECT,MOCK,KIRI_2025_20|ASSUMPTION_V1
USR04351,23,20s,STABLE_GROWTH,DC_NEGLECT,MOCK,KIRI_2025_20|ASSUMPTION_V1
USR04352,40,40s,GROWTH,TAX_BENEFIT_IDLE,MOCK,KIRI_2025_20|ASSUMPTION_V1
USR04353,59,50_plus,CONSERVATIVE,DC_NEGLECT,MOCK,KIRI_2025_20|ASSUMPTION_V1
USR04354,37,30s,STABLE_GROWTH,DC_NEGLECT,MOCK,KIRI_2025_20|ASSUMPTION_V1
USR04355,22,20s,AGGRESSIVE,DC_NEGLECT,MOCK,KIRI_2025_20|ASSUMPTION_V1
USR04356,42,40s,STABLE_GROWTH,OVERLAP_RISK,MOCK,KIRI_2025_20|ASSUMPTION_V1
USR04357,27,20s,GROWTH,TAX_BENEFIT_IDLE,MOCK,KIRI_2025_20|ASSUMPTION_V1
USR04358,43,40s,CONSERVATIVE,DC_NEGLECT,MOCK,KIRI_2025_20|ASSUMPTION_V1
USR04359,52,50_plus,STABLE_GROWTH,DC_NEGLECT,MOCK,KIRI_2025_20|ASSUMPTION_V1
USR04360,40,40s,AGGRESSIVE,DC_NEGLECT,MOCK,KIRI_2025_20|ASSUMPTION_V1
USR04361,20,20s,AGGRESSIVE,TAX_BENEFIT_IDLE,MOCK,KIRI_2025_20|ASSUMPTION_V1
USR04362,42,40s,AGGRESSIVE,DC_NEGLECT,MOCK,KIRI_2025_20|ASSUMPTION_V1
USR04363,31,30s,GROWTH,OVERLAP_RISK,MOCK,KIRI_2025_20|ASSUMPTION_V1
USR04364,40,40s,STABLE_GROWTH,DC_NEGLECT,MOCK,KIRI_2025_20|ASSUMPTION_V1
USR04365,49,40s,BALANCED,OVERLAP_RISK,MOCK,KIRI_2025_20|ASSUMPTION_V1
USR04366,33,30s,AGGRESSIVE,OVERLAP_RISK,MOCK,KIRI_2025_20|ASSUMPTION_V1
USR04367,44,40s,CONSERVATIVE,OVERLAP_RISK,MOCK,KIRI_2025_20|ASSUMPTION_V1
USR04368,48,40s,BALANCED,OVERLAP_RISK,MOCK,KIRI_2025_20|ASSUMPTION_V1
USR04369,30,30s,CONSERVATIVE,TAX_BENEFIT_IDLE,MOCK,KIRI_2025_20|ASSUMPTION_V1
USR04370,56,50_plus,STABLE_GROWTH,OVERLAP_RISK,MOCK,KIRI_2025_20|ASSUMPTION_V1
USR04371,36,30s,GROWTH,DC_NEGLECT,MOCK,KIRI_2025_20|ASSUMPTION_V1
USR04372,53,50_plus,GROWTH,TAX_BENEFIT_IDLE,MOCK,KIRI_2025_20|ASSUMPTION_V1
USR04373,58,50_plus,GROWTH,TAX_BENEFIT_IDLE,MOCK,KIRI_2025_20|ASSUMPTION_V1
USR04374,50,50_plus,CONSERVATIVE,TAX_BENEFIT_IDLE,MOCK,KIRI_2025_20|ASSUMPTION_V1
USR04375,56,50_plus,CONSERVATIVE,TAX_BENEFIT_IDLE,MOCK,KIRI_2025_20|ASSUMPTION_V1
USR04376,55,50_plus,CONSERVATIVE,DC_NEGLECT,MOCK,KIRI_2025_20|ASSUMPTION_V1
USR04377,22,20s,CONSERVATIVE,TAX_BENEFIT_IDLE,MOCK,KIRI_2025_20|ASSUMPTION_V1
USR04378,44,40s,GROWTH,DC_NEGLECT,MOCK,KIRI_2025_20|ASSUMPTION_V1
USR04379,49,40s,STABLE_GROWTH,OVERLAP_RISK,MOCK,KIRI_2025_20|ASSUMPTION_V1
USR04380,23,20s,GROWTH,OVERLAP_RISK,MOCK,KIRI_2025_20|ASSUMPTION_V1
USR04381,25,20s,GROWTH,OVERLAP_RISK,MOCK,KIRI_2025_20|ASSUMPTION_V1
USR04382,46,40s,AGGRESSIVE,TAX_BENEFIT_IDLE,MOCK,KIRI_2025_20|ASSUMPTION_V1
USR04383,56,50_plus,STABLE_GROWTH,OVERLAP_RISK,MOCK,KIRI_2025_20|ASSUMPTION_V1
USR04384,54,50_plus,STABLE_GROWTH,DC_NEGLECT,MOCK,KIRI_2025_20|ASSUMPTION_V1
USR04385,48,40s,BALANCED,DC_NEGLECT,MOCK,KIRI_2025_20|ASSUMPTION_V1
USR04386,42,40s,GROWTH,TAX_BENEFIT_IDLE,MOCK,KIRI_2025_20|ASSUMPTION_V1
USR04387,22,20s,BALANCED,DC_NEGLECT,MOCK,KIRI_2025_20|ASSUMPTION_V1
USR04388,59,50_plus,CONSERVATIVE,OVERLAP_RISK,MOCK,KIRI_2025_20|ASSUMPTION_V1
USR04389,26,20s,STABLE_GROWTH,DC_NEGLECT,MOCK,KIRI_2025_20|ASSUMPTION_V1
USR04390,26,20s,BALANCED,OVERLAP_RISK,MOCK,KIRI_2025_20|ASSUMPTION_V1
USR04391,41,40s,STABLE_GROWTH,TAX_BENEFIT_IDLE,MOCK,KIRI_2025_20|ASSUMPTION_V1
USR04392,37,30s,STABLE_GROWTH,TAX_BENEFIT_IDLE,MOCK,KIRI_2025_20|ASSUMPTION_V1
USR04393,33,30s,BALANCED,TAX_BENEFIT_IDLE,MOCK,KIRI_2025_20|ASSUMPTION_V1
USR04394,34,30s,BALANCED,DC_NEGLECT,MOCK,KIRI_2025_20|ASSUMPTION_V1
USR04395,61,50_plus,STABLE_GROWTH,OVERLAP_RISK,MOCK,KIRI_2025_20|ASSUMPTION_V1
USR04396,31,30s,CONSERVATIVE,DC_NEGLECT,MOCK,KIRI_2025_20|ASSUMPTION_V1
USR04397,32,30s,BALANCED,TAX_BENEFIT_IDLE,MOCK,KIRI_2025_20|ASSUMPTION_V1
USR04398,46,40s,STABLE_GROWTH,TAX_BENEFIT_IDLE,MOCK,KIRI_2025_20|ASSUMPTION_V1
USR04399,38,30s,CONSERVATIVE,DC_NEGLECT,MOCK,KIRI_2025_20|ASSUMPTION_V1
USR04400,24,20s,CONSERVATIVE,DC_NEGLECT,MOCK,KIRI_2025_20|ASSUMPTION_V1
USR04401,64,50_plus,CONSERVATIVE,TAX_BENEFIT_IDLE,MOCK,KIRI_2025_20|ASSUMPTION_V1
USR04402,53,50_plus,STABLE_GROWTH,DC_NEGLECT,MOCK,KIRI_2025_20|ASSUMPTION_V1
USR04403,51,50_plus,CONSERVATIVE,DC_NEGLECT,MOCK,KIRI_2025_20|ASSUMPTION_V1
USR04404,44,40s,CONSERVATIVE,TAX_BENEFIT_IDLE,MOCK,KIRI_2025_20|ASSUMPTION_V1
USR04405,27,20s,GROWTH,OVERLAP_RISK,MOCK,KIRI_2025_20|ASSUMPTION_V1
USR04406,44,40s,GROWTH,DC_NEGLECT,MOCK,KIRI_2025_20|ASSUMPTION_V1
USR04407,29,20s,CONSERVATIVE,TAX_BENEFIT_IDLE,MOCK,KIRI_2025_20|ASSUMPTION_V1
USR04408,46,40s,GROWTH,TAX_BENEFIT_IDLE,MOCK,KIRI_2025_20|ASSUMPTION_V1
USR04409,22,20s,CONSERVATIVE,TAX_BENEFIT_IDLE,MOCK,KIRI_2025_20|ASSUMPTION_V1
USR04410,38,30s,BALANCED,DC_NEGLECT,MOCK,KIRI_2025_20|ASSUMPTION_V1
USR04411,21,20s,BALANCED,DC_NEGLECT,MOCK,KIRI_2025_20|ASSUMPTION_V1
USR04412,63,50_plus,BALANCED,DC_NEGLECT,MOCK,KIRI_2025_20|ASSUMPTION_V1
USR04413,61,50_plus,STABLE_GROWTH,OVERLAP_RISK,MOCK,KIRI_2025_20|ASSUMPTION_V1
USR04414,40,40s,CONSERVATIVE,OVERLAP_RISK,MOCK,KIRI_2025_20|ASSUMPTION_V1
USR04415,53,50_plus,BALANCED,TAX_BENEFIT_IDLE,MOCK,KIRI_2025_20|ASSUMPTION_V1
USR04416,34,30s,AGGRESSIVE,OVERLAP_RISK,MOCK,KIRI_2025_20|ASSUMPTION_V1
USR04417,58,50_plus,CONSERVATIVE,TAX_BENEFIT_IDLE,MOCK,KIRI_2025_20|ASSUMPTION_V1
USR04418,62,50_plus,STABLE_GROWTH,TAX_BENEFIT_IDLE,MOCK,KIRI_2025_20|ASSUMPTION_V1
USR04419,26,20s,AGGRESSIVE,TAX_BENEFIT_IDLE,MOCK,KIRI_2025_20|ASSUMPTION_V1
USR04420,45,40s,STABLE_GROWTH,DC_NEGLECT,MOCK,KIRI_2025_20|ASSUMPTION_V1
USR04421,30,30s,BALANCED,OVERLAP_RISK,MOCK,KIRI_2025_20|ASSUMPTION_V1
USR04422,44,40s,BALANCED,DC_NEGLECT,MOCK,KIRI_2025_20|ASSUMPTION_V1
USR04423,32,30s,AGGRESSIVE,OVERLAP_RISK,MOCK,KIRI_2025_20|ASSUMPTION_V1
USR04424,45,40s,BALANCED,DC_NEGLECT,MOCK,KIRI_2025_20|ASSUMPTION_V1
USR04425,64,50_plus,CONSERVATIVE,OVERLAP_RISK,MOCK,KIRI_2025_20|ASSUMPTION_V1
USR04426,39,30s,BALANCED,DC_NEGLECT,MOCK,KIRI_2025_20|ASSUMPTION_V1
USR04427,48,40s,CONSERVATIVE,TAX_BENEFIT_IDLE,MOCK,KIRI_2025_20|ASSUMPTION_V1
USR04428,39,30s,GROWTH,DC_NEGLECT,MOCK,KIRI_2025_20|ASSUMPTION_V1
USR04429,34,30s,STABLE_GROWTH,DC_NEGLECT,MOCK,KIRI_2025_20|ASSUMPTION_V1
USR04430,42,40s,CONSERVATIVE,OVERLAP_RISK,MOCK,KIRI_2025_20|ASSUMPTION_V1
USR04431,39,30s,BALANCED,DC_NEGLECT,MOCK,KIRI_2025_20|ASSUMPTION_V1
USR04432,30,30s,STABLE_GROWTH,DC_NEGLECT,MOCK,KIRI_2025_20|ASSUMPTION_V1
USR04433,58,50_plus,BALANCED,TAX_BENEFIT_IDLE,MOCK,KIRI_2025_20|ASSUMPTION_V1
USR04434,52,50_plus,AGGRESSIVE,OVERLAP_RISK,MOCK,KIRI_2025_20|ASSUMPTION_V1
USR04435,23,20s,BALANCED,OVERLAP_RISK,MOCK,KIRI_2025_20|ASSUMPTION_V1
USR04436,64,50_plus,BALANCED,TAX_BENEFIT_IDLE,MOCK,KIRI_2025_20|ASSUMPTION_V1
USR04437,39,30s,BALANCED,DC_NEGLECT,MOCK,KIRI_2025_20|ASSUMPTION_V1
USR04438,56,50_plus,STABLE_GROWTH,TAX_BENEFIT_IDLE,MOCK,KIRI_2025_20|ASSUMPTION_V1
USR04439,40,40s,CONSERVATIVE,OVERLAP_RISK,MOCK,KIRI_2025_20|ASSUMPTION_V1
USR04440,54,50_plus,STABLE_GROWTH,TAX_BENEFIT_IDLE,MOCK,KIRI_2025_20|ASSUMPTION_V1
USR04441,63,50_plus,BALANCED,OVERLAP_RISK,MOCK,KIRI_2025_20|ASSUMPTION_V1
USR04442,56,50_plus,STABLE_GROWTH,DC_NEGLECT,MOCK,KIRI_2025_20|ASSUMPTION_V1
USR04443,40,40s,BALANCED,DC_NEGLECT,MOCK,KIRI_2025_20|ASSUMPTION_V1
USR04444,32,30s,CONSERVATIVE,OVERLAP_RISK,MOCK,KIRI_2025_20|ASSUMPTION_V1
USR04445,58,50_plus,BALANCED,OVERLAP_RISK,MOCK,KIRI_2025_20|ASSUMPTION_V1
USR04446,32,30s,CONSERVATIVE,OVERLAP_RISK,MOCK,KIRI_2025_20|ASSUMPTION_V1
USR04447,31,30s,BALANCED,OVERLAP_RISK,MOCK,KIRI_2025_20|ASSUMPTION_V1
USR04448,49,40s,STABLE_GROWTH,TAX_BENEFIT_IDLE,MOCK,KIRI_2025_20|ASSUMPTION_V1
USR04449,33,30s,BALANCED,TAX_BENEFIT_IDLE,MOCK,KIRI_2025_20|ASSUMPTION_V1
USR04450,38,30s,GROWTH,OVERLAP_RISK,MOCK,KIRI_2025_20|ASSUMPTION_V1
USR04451,34,30s,GROWTH,DC_NEGLECT,MOCK,KIRI_2025_20|ASSUMPTION_V1
USR04452,61,50_plus,CONSERVATIVE,DC_NEGLECT,MOCK,KIRI_2025_20|ASSUMPTION_V1
USR04453,50,50_plus,STABLE_GROWTH,TAX_BENEFIT_IDLE,MOCK,KIRI_2025_20|ASSUMPTION_V1
USR04454,58,50_plus,CONSERVATIVE,TAX_BENEFIT_IDLE,MOCK,KIRI_2025_20|ASSUMPTION_V1
USR04455,20,20s,BALANCED,DC_NEGLECT,MOCK,KIRI_2025_20|ASSUMPTION_V1
USR04456,41,40s,AGGRESSIVE,DC_NEGLECT,MOCK,KIRI_2025_20|ASSUMPTION_V1
USR04457,56,50_plus,CONSERVATIVE,DC_NEGLECT,MOCK,KIRI_2025_20|ASSUMPTION_V1
USR04458,62,50_plus,BALANCED,DC_NEGLECT,MOCK,KIRI_2025_20|ASSUMPTION_V1
USR04459,42,40s,AGGRESSIVE,DC_NEGLECT,MOCK,KIRI_2025_20|ASSUMPTION_V1
USR04460,54,50_plus,STABLE_GROWTH,TAX_BENEFIT_IDLE,MOCK,KIRI_2025_20|ASSUMPTION_V1
USR04461,37,30s,GROWTH,TAX_BENEFIT_IDLE,MOCK,KIRI_2025_20|ASSUMPTION_V1
USR04462,40,40s,CONSERVATIVE,DC_NEGLECT,MOCK,KIRI_2025_20|ASSUMPTION_V1
USR04463,50,50_plus,CONSERVATIVE,OVERLAP_RISK,MOCK,KIRI_2025_20|ASSUMPTION_V1
USR04464,64,50_plus,BALANCED,OVERLAP_RISK,MOCK,KIRI_2025_20|ASSUMPTION_V1
USR04465,46,40s,STABLE_GROWTH,OVERLAP_RISK,MOCK,KIRI_2025_20|ASSUMPTION_V1
USR04466,33,30s,BALANCED,TAX_BENEFIT_IDLE,MOCK,KIRI_2025_20|ASSUMPTION_V1
USR04467,31,30s,GROWTH,DC_NEGLECT,MOCK,KIRI_2025_20|ASSUMPTION_V1
USR04468,24,20s,BALANCED,TAX_BENEFIT_IDLE,MOCK,KIRI_2025_20|ASSUMPTION_V1
USR04469,37,30s,BALANCED,OVERLAP_RISK,MOCK,KIRI_2025_20|ASSUMPTION_V1
USR04470,30,30s,BALANCED,DC_NEGLECT,MOCK,KIRI_2025_20|ASSUMPTION_V1
USR04471,31,30s,AGGRESSIVE,DC_NEGLECT,MOCK,KIRI_2025_20|ASSUMPTION_V1
USR04472,36,30s,GROWTH,TAX_BENEFIT_IDLE,MOCK,KIRI_2025_20|ASSUMPTION_V1
USR04473,26,20s,GROWTH,DC_NEGLECT,MOCK,KIRI_2025_20|ASSUMPTION_V1
USR04474,23,20s,GROWTH,DC_NEGLECT,MOCK,KIRI_2025_20|ASSUMPTION_V1
USR04475,30,30s,BALANCED,DC_NEGLECT,MOCK,KIRI_2025_20|ASSUMPTION_V1
USR04476,63,50_plus,CONSERVATIVE,OVERLAP_RISK,MOCK,KIRI_2025_20|ASSUMPTION_V1
USR04477,57,50_plus,BALANCED,DC_NEGLECT,MOCK,KIRI_2025_20|ASSUMPTION_V1
USR04478,40,40s,AGGRESSIVE,TAX_BENEFIT_IDLE,MOCK,KIRI_2025_20|ASSUMPTION_V1
USR04479,34,30s,CONSERVATIVE,DC_NEGLECT,MOCK,KIRI_2025_20|ASSUMPTION_V1
USR04480,37,30s,GROWTH,OVERLAP_RISK,MOCK,KIRI_2025_20|ASSUMPTION_V1
USR04481,26,20s,AGGRESSIVE,OVERLAP_RISK,MOCK,KIRI_2025_20|ASSUMPTION_V1
USR04482,63,50_plus,CONSERVATIVE,DC_NEGLECT,MOCK,KIRI_2025_20|ASSUMPTION_V1
USR04483,32,30s,GROWTH,TAX_BENEFIT_IDLE,MOCK,KIRI_2025_20|ASSUMPTION_V1
USR04484,29,20s,BALANCED,OVERLAP_RISK,MOCK,KIRI_2025_20|ASSUMPTION_V1
USR04485,40,40s,STABLE_GROWTH,OVERLAP_RISK,MOCK,KIRI_2025_20|ASSUMPTION_V1
USR04486,59,50_plus,AGGRESSIVE,TAX_BENEFIT_IDLE,MOCK,KIRI_2025_20|ASSUMPTION_V1
USR04487,22,20s,STABLE_GROWTH,OVERLAP_RISK,MOCK,KIRI_2025_20|ASSUMPTION_V1
USR04488,54,50_plus,CONSERVATIVE,OVERLAP_RISK,MOCK,KIRI_2025_20|ASSUMPTION_V1
USR04489,48,40s,STABLE_GROWTH,TAX_BENEFIT_IDLE,MOCK,KIRI_2025_20|ASSUMPTION_V1
USR04490,34,30s,BALANCED,TAX_BENEFIT_IDLE,MOCK,KIRI_2025_20|ASSUMPTION_V1
USR04491,57,50_plus,BALANCED,OVERLAP_RISK,MOCK,KIRI_2025_20|ASSUMPTION_V1
USR04492,45,40s,CONSERVATIVE,TAX_BENEFIT_IDLE,MOCK,KIRI_2025_20|ASSUMPTION_V1
USR04493,55,50_plus,STABLE_GROWTH,TAX_BENEFIT_IDLE,MOCK,KIRI_2025_20|ASSUMPTION_V1
USR04494,38,30s,STABLE_GROWTH,DC_NEGLECT,MOCK,KIRI_2025_20|ASSUMPTION_V1
USR04495,47,40s,STABLE_GROWTH,DC_NEGLECT,MOCK,KIRI_2025_20|ASSUMPTION_V1
USR04496,33,30s,STABLE_GROWTH,DC_NEGLECT,MOCK,KIRI_2025_20|ASSUMPTION_V1
USR04497,58,50_plus,BALANCED,TAX_BENEFIT_IDLE,MOCK,KIRI_2025_20|ASSUMPTION_V1
USR04498,28,20s,AGGRESSIVE,TAX_BENEFIT_IDLE,MOCK,KIRI_2025_20|ASSUMPTION_V1
USR04499,33,30s,BALANCED,TAX_BENEFIT_IDLE,MOCK,KIRI_2025_20|ASSUMPTION_V1
USR04500,27,20s,GROWTH,DC_NEGLECT,MOCK,KIRI_2025_20|ASSUMPTION_V1
USR04501,29,20s,STABLE_GROWTH,OVERLAP_RISK,MOCK,KIRI_2025_20|ASSUMPTION_V1
USR04502,44,40s,CONSERVATIVE,OVERLAP_RISK,MOCK,KIRI_2025_20|ASSUMPTION_V1
USR04503,33,30s,BALANCED,TAX_BENEFIT_IDLE,MOCK,KIRI_2025_20|ASSUMPTION_V1
USR04504,56,50_plus,BALANCED,DC_NEGLECT,MOCK,KIRI_2025_20|ASSUMPTION_V1
USR04505,50,50_plus,BALANCED,OVERLAP_RISK,MOCK,KIRI_2025_20|ASSUMPTION_V1
USR04506,31,30s,BALANCED,DC_NEGLECT,MOCK,KIRI_2025_20|ASSUMPTION_V1
USR04507,63,50_plus,CONSERVATIVE,OVERLAP_RISK,MOCK,KIRI_2025_20|ASSUMPTION_V1
USR04508,41,40s,BALANCED,TAX_BENEFIT_IDLE,MOCK,KIRI_2025_20|ASSUMPTION_V1
USR04509,56,50_plus,STABLE_GROWTH,OVERLAP_RISK,MOCK,KIRI_2025_20|ASSUMPTION_V1
USR04510,44,40s,STABLE_GROWTH,TAX_BENEFIT_IDLE,MOCK,KIRI_2025_20|ASSUMPTION_V1
USR04511,44,40s,CONSERVATIVE,DC_NEGLECT,MOCK,KIRI_2025_20|ASSUMPTION_V1
USR04512,39,30s,BALANCED,DC_NEGLECT,MOCK,KIRI_2025_20|ASSUMPTION_V1
USR04513,42,40s,STABLE_GROWTH,OVERLAP_RISK,MOCK,KIRI_2025_20|ASSUMPTION_V1
USR04514,55,50_plus,BALANCED,OVERLAP_RISK,MOCK,KIRI_2025_20|ASSUMPTION_V1
USR04515,32,30s,GROWTH,OVERLAP_RISK,MOCK,KIRI_2025_20|ASSUMPTION_V1
USR04516,43,40s,STABLE_GROWTH,DC_NEGLECT,MOCK,KIRI_2025_20|ASSUMPTION_V1
USR04517,51,50_plus,CONSERVATIVE,DC_NEGLECT,MOCK,KIRI_2025_20|ASSUMPTION_V1
USR04518,38,30s,BALANCED,DC_NEGLECT,MOCK,KIRI_2025_20|ASSUMPTION_V1
USR04519,49,40s,CONSERVATIVE,DC_NEGLECT,MOCK,KIRI_2025_20|ASSUMPTION_V1
USR04520,54,50_plus,CONSERVATIVE,TAX_BENEFIT_IDLE,MOCK,KIRI_2025_20|ASSUMPTION_V1
USR04521,42,40s,AGGRESSIVE,OVERLAP_RISK,MOCK,KIRI_2025_20|ASSUMPTION_V1
USR04522,47,40s,STABLE_GROWTH,OVERLAP_RISK,MOCK,KIRI_2025_20|ASSUMPTION_V1
USR04523,45,40s,BALANCED,DC_NEGLECT,MOCK,KIRI_2025_20|ASSUMPTION_V1
USR04524,36,30s,BALANCED,TAX_BENEFIT_IDLE,MOCK,KIRI_2025_20|ASSUMPTION_V1
USR04525,61,50_plus,BALANCED,DC_NEGLECT,MOCK,KIRI_2025_20|ASSUMPTION_V1
USR04526,32,30s,BALANCED,TAX_BENEFIT_IDLE,MOCK,KIRI_2025_20|ASSUMPTION_V1
USR04527,32,30s,BALANCED,TAX_BENEFIT_IDLE,MOCK,KIRI_2025_20|ASSUMPTION_V1
USR04528,36,30s,BALANCED,OVERLAP_RISK,MOCK,KIRI_2025_20|ASSUMPTION_V1
USR04529,54,50_plus,BALANCED,TAX_BENEFIT_IDLE,MOCK,KIRI_2025_20|ASSUMPTION_V1
USR04530,20,20s,AGGRESSIVE,DC_NEGLECT,MOCK,KIRI_2025_20|ASSUMPTION_V1
USR04531,60,50_plus,GROWTH,DC_NEGLECT,MOCK,KIRI_2025_20|ASSUMPTION_V1
USR04532,39,30s,BALANCED,DC_NEGLECT,MOCK,KIRI_2025_20|ASSUMPTION_V1
USR04533,47,40s,CONSERVATIVE,TAX_BENEFIT_IDLE,MOCK,KIRI_2025_20|ASSUMPTION_V1
USR04534,22,20s,STABLE_GROWTH,DC_NEGLECT,MOCK,KIRI_2025_20|ASSUMPTION_V1
USR04535,59,50_plus,GROWTH,OVERLAP_RISK,MOCK,KIRI_2025_20|ASSUMPTION_V1
USR04536,61,50_plus,STABLE_GROWTH,DC_NEGLECT,MOCK,KIRI_2025_20|ASSUMPTION_V1
USR04537,35,30s,BALANCED,OVERLAP_RISK,MOCK,KIRI_2025_20|ASSUMPTION_V1
USR04538,25,20s,CONSERVATIVE,OVERLAP_RISK,MOCK,KIRI_2025_20|ASSUMPTION_V1
USR04539,52,50_plus,STABLE_GROWTH,OVERLAP_RISK,MOCK,KIRI_2025_20|ASSUMPTION_V1
USR04540,56,50_plus,CONSERVATIVE,TAX_BENEFIT_IDLE,MOCK,KIRI_2025_20|ASSUMPTION_V1
USR04541,41,40s,CONSERVATIVE,DC_NEGLECT,MOCK,KIRI_2025_20|ASSUMPTION_V1
USR04542,31,30s,STABLE_GROWTH,DC_NEGLECT,MOCK,KIRI_2025_20|ASSUMPTION_V1
USR04543,36,30s,STABLE_GROWTH,TAX_BENEFIT_IDLE,MOCK,KIRI_2025_20|ASSUMPTION_V1
USR04544,54,50_plus,STABLE_GROWTH,TAX_BENEFIT_IDLE,MOCK,KIRI_2025_20|ASSUMPTION_V1
USR04545,59,50_plus,STABLE_GROWTH,TAX_BENEFIT_IDLE,MOCK,KIRI_2025_20|ASSUMPTION_V1
USR04546,44,40s,STABLE_GROWTH,DC_NEGLECT,MOCK,KIRI_2025_20|ASSUMPTION_V1
USR04547,26,20s,BALANCED,TAX_BENEFIT_IDLE,MOCK,KIRI_2025_20|ASSUMPTION_V1
USR04548,43,40s,CONSERVATIVE,TAX_BENEFIT_IDLE,MOCK,KIRI_2025_20|ASSUMPTION_V1
USR04549,35,30s,AGGRESSIVE,TAX_BENEFIT_IDLE,MOCK,KIRI_2025_20|ASSUMPTION_V1
USR04550,54,50_plus,CONSERVATIVE,OVERLAP_RISK,MOCK,KIRI_2025_20|ASSUMPTION_V1
USR04551,35,30s,AGGRESSIVE,TAX_BENEFIT_IDLE,MOCK,KIRI_2025_20|ASSUMPTION_V1
USR04552,20,20s,BALANCED,OVERLAP_RISK,MOCK,KIRI_2025_20|ASSUMPTION_V1
USR04553,43,40s,AGGRESSIVE,DC_NEGLECT,MOCK,KIRI_2025_20|ASSUMPTION_V1
USR04554,58,50_plus,STABLE_GROWTH,OVERLAP_RISK,MOCK,KIRI_2025_20|ASSUMPTION_V1
USR04555,37,30s,BALANCED,OVERLAP_RISK,MOCK,KIRI_2025_20|ASSUMPTION_V1
USR04556,62,50_plus,BALANCED,TAX_BENEFIT_IDLE,MOCK,KIRI_2025_20|ASSUMPTION_V1
USR04557,54,50_plus,BALANCED,TAX_BENEFIT_IDLE,MOCK,KIRI_2025_20|ASSUMPTION_V1
USR04558,46,40s,STABLE_GROWTH,DC_NEGLECT,MOCK,KIRI_2025_20|ASSUMPTION_V1
USR04559,30,30s,AGGRESSIVE,DC_NEGLECT,MOCK,KIRI_2025_20|ASSUMPTION_V1
USR04560,37,30s,AGGRESSIVE,OVERLAP_RISK,MOCK,KIRI_2025_20|ASSUMPTION_V1
USR04561,45,40s,CONSERVATIVE,TAX_BENEFIT_IDLE,MOCK,KIRI_2025_20|ASSUMPTION_V1
USR04562,58,50_plus,STABLE_GROWTH,DC_NEGLECT,MOCK,KIRI_2025_20|ASSUMPTION_V1
USR04563,57,50_plus,CONSERVATIVE,TAX_BENEFIT_IDLE,MOCK,KIRI_2025_20|ASSUMPTION_V1
USR04564,39,30s,BALANCED,OVERLAP_RISK,MOCK,KIRI_2025_20|ASSUMPTION_V1
USR04565,44,40s,STABLE_GROWTH,OVERLAP_RISK,MOCK,KIRI_2025_20|ASSUMPTION_V1
USR04566,46,40s,GROWTH,TAX_BENEFIT_IDLE,MOCK,KIRI_2025_20|ASSUMPTION_V1
USR04567,54,50_plus,BALANCED,DC_NEGLECT,MOCK,KIRI_2025_20|ASSUMPTION_V1
USR04568,32,30s,GROWTH,TAX_BENEFIT_IDLE,MOCK,KIRI_2025_20|ASSUMPTION_V1
USR04569,37,30s,AGGRESSIVE,TAX_BENEFIT_IDLE,MOCK,KIRI_2025_20|ASSUMPTION_V1
USR04570,50,50_plus,AGGRESSIVE,DC_NEGLECT,MOCK,KIRI_2025_20|ASSUMPTION_V1
USR04571,37,30s,BALANCED,OVERLAP_RISK,MOCK,KIRI_2025_20|ASSUMPTION_V1
USR04572,35,30s,STABLE_GROWTH,DC_NEGLECT,MOCK,KIRI_2025_20|ASSUMPTION_V1
USR04573,45,40s,STABLE_GROWTH,OVERLAP_RISK,MOCK,KIRI_2025_20|ASSUMPTION_V1
USR04574,56,50_plus,BALANCED,OVERLAP_RISK,MOCK,KIRI_2025_20|ASSUMPTION_V1
USR04575,32,30s,GROWTH,DC_NEGLECT,MOCK,KIRI_2025_20|ASSUMPTION_V1
USR04576,42,40s,BALANCED,TAX_BENEFIT_IDLE,MOCK,KIRI_2025_20|ASSUMPTION_V1
USR04577,37,30s,BALANCED,TAX_BENEFIT_IDLE,MOCK,KIRI_2025_20|ASSUMPTION_V1
USR04578,55,50_plus,STABLE_GROWTH,TAX_BENEFIT_IDLE,MOCK,KIRI_2025_20|ASSUMPTION_V1
USR04579,59,50_plus,AGGRESSIVE,DC_NEGLECT,MOCK,KIRI_2025_20|ASSUMPTION_V1
USR04580,33,30s,BALANCED,TAX_BENEFIT_IDLE,MOCK,KIRI_2025_20|ASSUMPTION_V1
USR04581,32,30s,STABLE_GROWTH,TAX_BENEFIT_IDLE,MOCK,KIRI_2025_20|ASSUMPTION_V1
USR04582,30,30s,BALANCED,TAX_BENEFIT_IDLE,MOCK,KIRI_2025_20|ASSUMPTION_V1
USR04583,58,50_plus,STABLE_GROWTH,DC_NEGLECT,MOCK,KIRI_2025_20|ASSUMPTION_V1
USR04584,47,40s,CONSERVATIVE,TAX_BENEFIT_IDLE,MOCK,KIRI_2025_20|ASSUMPTION_V1
USR04585,44,40s,STABLE_GROWTH,OVERLAP_RISK,MOCK,KIRI_2025_20|ASSUMPTION_V1
USR04586,32,30s,BALANCED,DC_NEGLECT,MOCK,KIRI_2025_20|ASSUMPTION_V1
USR04587,34,30s,AGGRESSIVE,OVERLAP_RISK,MOCK,KIRI_2025_20|ASSUMPTION_V1
USR04588,40,40s,BALANCED,DC_NEGLECT,MOCK,KIRI_2025_20|ASSUMPTION_V1
USR04589,32,30s,CONSERVATIVE,DC_NEGLECT,MOCK,KIRI_2025_20|ASSUMPTION_V1
USR04590,43,40s,STABLE_GROWTH,OVERLAP_RISK,MOCK,KIRI_2025_20|ASSUMPTION_V1
USR04591,50,50_plus,CONSERVATIVE,DC_NEGLECT,MOCK,KIRI_2025_20|ASSUMPTION_V1
USR04592,40,40s,BALANCED,TAX_BENEFIT_IDLE,MOCK,KIRI_2025_20|ASSUMPTION_V1
USR04593,45,40s,BALANCED,OVERLAP_RISK,MOCK,KIRI_2025_20|ASSUMPTION_V1
USR04594,29,20s,STABLE_GROWTH,OVERLAP_RISK,MOCK,KIRI_2025_20|ASSUMPTION_V1
USR04595,41,40s,STABLE_GROWTH,OVERLAP_RISK,MOCK,KIRI_2025_20|ASSUMPTION_V1
USR04596,39,30s,CONSERVATIVE,DC_NEGLECT,MOCK,KIRI_2025_20|ASSUMPTION_V1
USR04597,41,40s,AGGRESSIVE,DC_NEGLECT,MOCK,KIRI_2025_20|ASSUMPTION_V1
USR04598,49,40s,CONSERVATIVE,OVERLAP_RISK,MOCK,KIRI_2025_20|ASSUMPTION_V1
USR04599,21,20s,AGGRESSIVE,DC_NEGLECT,MOCK,KIRI_2025_20|ASSUMPTION_V1
USR04600,59,50_plus,CONSERVATIVE,DC_NEGLECT,MOCK,KIRI_2025_20|ASSUMPTION_V1
USR04601,35,30s,STABLE_GROWTH,TAX_BENEFIT_IDLE,MOCK,KIRI_2025_20|ASSUMPTION_V1
USR04602,46,40s,CONSERVATIVE,DC_NEGLECT,MOCK,KIRI_2025_20|ASSUMPTION_V1
USR04603,46,40s,BALANCED,OVERLAP_RISK,MOCK,KIRI_2025_20|ASSUMPTION_V1
USR04604,22,20s,GROWTH,DC_NEGLECT,MOCK,KIRI_2025_20|ASSUMPTION_V1
USR04605,53,50_plus,CONSERVATIVE,DC_NEGLECT,MOCK,KIRI_2025_20|ASSUMPTION_V1
USR04606,46,40s,STABLE_GROWTH,DC_NEGLECT,MOCK,KIRI_2025_20|ASSUMPTION_V1
USR04607,50,50_plus,STABLE_GROWTH,DC_NEGLECT,MOCK,KIRI_2025_20|ASSUMPTION_V1
USR04608,33,30s,STABLE_GROWTH,DC_NEGLECT,MOCK,KIRI_2025_20|ASSUMPTION_V1
USR04609,64,50_plus,BALANCED,DC_NEGLECT,MOCK,KIRI_2025_20|ASSUMPTION_V1
USR04610,57,50_plus,GROWTH,DC_NEGLECT,MOCK,KIRI_2025_20|ASSUMPTION_V1
USR04611,39,30s,BALANCED,OVERLAP_RISK,MOCK,KIRI_2025_20|ASSUMPTION_V1
USR04612,44,40s,BALANCED,TAX_BENEFIT_IDLE,MOCK,KIRI_2025_20|ASSUMPTION_V1
USR04613,54,50_plus,GROWTH,TAX_BENEFIT_IDLE,MOCK,KIRI_2025_20|ASSUMPTION_V1
USR04614,41,40s,STABLE_GROWTH,OVERLAP_RISK,MOCK,KIRI_2025_20|ASSUMPTION_V1
USR04615,60,50_plus,CONSERVATIVE,DC_NEGLECT,MOCK,KIRI_2025_20|ASSUMPTION_V1
USR04616,50,50_plus,BALANCED,OVERLAP_RISK,MOCK,KIRI_2025_20|ASSUMPTION_V1
USR04617,48,40s,STABLE_GROWTH,OVERLAP_RISK,MOCK,KIRI_2025_20|ASSUMPTION_V1
USR04618,20,20s,GROWTH,TAX_BENEFIT_IDLE,MOCK,KIRI_2025_20|ASSUMPTION_V1
USR04619,52,50_plus,STABLE_GROWTH,DC_NEGLECT,MOCK,KIRI_2025_20|ASSUMPTION_V1
USR04620,26,20s,BALANCED,TAX_BENEFIT_IDLE,MOCK,KIRI_2025_20|ASSUMPTION_V1
USR04621,33,30s,STABLE_GROWTH,OVERLAP_RISK,MOCK,KIRI_2025_20|ASSUMPTION_V1
USR04622,58,50_plus,CONSERVATIVE,OVERLAP_RISK,MOCK,KIRI_2025_20|ASSUMPTION_V1
USR04623,44,40s,CONSERVATIVE,DC_NEGLECT,MOCK,KIRI_2025_20|ASSUMPTION_V1
USR04624,48,40s,BALANCED,OVERLAP_RISK,MOCK,KIRI_2025_20|ASSUMPTION_V1
USR04625,40,40s,BALANCED,OVERLAP_RISK,MOCK,KIRI_2025_20|ASSUMPTION_V1
USR04626,43,40s,BALANCED,OVERLAP_RISK,MOCK,KIRI_2025_20|ASSUMPTION_V1
USR04627,21,20s,BALANCED,TAX_BENEFIT_IDLE,MOCK,KIRI_2025_20|ASSUMPTION_V1
USR04628,26,20s,STABLE_GROWTH,TAX_BENEFIT_IDLE,MOCK,KIRI_2025_20|ASSUMPTION_V1
USR04629,32,30s,STABLE_GROWTH,DC_NEGLECT,MOCK,KIRI_2025_20|ASSUMPTION_V1
USR04630,26,20s,GROWTH,TAX_BENEFIT_IDLE,MOCK,KIRI_2025_20|ASSUMPTION_V1
USR04631,26,20s,CONSERVATIVE,TAX_BENEFIT_IDLE,MOCK,KIRI_2025_20|ASSUMPTION_V1
USR04632,36,30s,BALANCED,OVERLAP_RISK,MOCK,KIRI_2025_20|ASSUMPTION_V1
USR04633,60,50_plus,CONSERVATIVE,TAX_BENEFIT_IDLE,MOCK,KIRI_2025_20|ASSUMPTION_V1
USR04634,45,40s,GROWTH,DC_NEGLECT,MOCK,KIRI_2025_20|ASSUMPTION_V1
USR04635,56,50_plus,STABLE_GROWTH,DC_NEGLECT,MOCK,KIRI_2025_20|ASSUMPTION_V1
USR04636,32,30s,GROWTH,DC_NEGLECT,MOCK,KIRI_2025_20|ASSUMPTION_V1
USR04637,42,40s,CONSERVATIVE,TAX_BENEFIT_IDLE,MOCK,KIRI_2025_20|ASSUMPTION_V1
USR04638,46,40s,AGGRESSIVE,DC_NEGLECT,MOCK,KIRI_2025_20|ASSUMPTION_V1
USR04639,21,20s,STABLE_GROWTH,DC_NEGLECT,MOCK,KIRI_2025_20|ASSUMPTION_V1
USR04640,46,40s,STABLE_GROWTH,OVERLAP_RISK,MOCK,KIRI_2025_20|ASSUMPTION_V1
USR04641,54,50_plus,CONSERVATIVE,OVERLAP_RISK,MOCK,KIRI_2025_20|ASSUMPTION_V1
USR04642,31,30s,BALANCED,DC_NEGLECT,MOCK,KIRI_2025_20|ASSUMPTION_V1
USR04643,46,40s,BALANCED,DC_NEGLECT,MOCK,KIRI_2025_20|ASSUMPTION_V1
USR04644,35,30s,BALANCED,TAX_BENEFIT_IDLE,MOCK,KIRI_2025_20|ASSUMPTION_V1
USR04645,32,30s,STABLE_GROWTH,TAX_BENEFIT_IDLE,MOCK,KIRI_2025_20|ASSUMPTION_V1
USR04646,63,50_plus,STABLE_GROWTH,DC_NEGLECT,MOCK,KIRI_2025_20|ASSUMPTION_V1
USR04647,30,30s,BALANCED,OVERLAP_RISK,MOCK,KIRI_2025_20|ASSUMPTION_V1
USR04648,43,40s,BALANCED,TAX_BENEFIT_IDLE,MOCK,KIRI_2025_20|ASSUMPTION_V1
USR04649,32,30s,STABLE_GROWTH,TAX_BENEFIT_IDLE,MOCK,KIRI_2025_20|ASSUMPTION_V1
USR04650,51,50_plus,STABLE_GROWTH,OVERLAP_RISK,MOCK,KIRI_2025_20|ASSUMPTION_V1
USR04651,36,30s,STABLE_GROWTH,DC_NEGLECT,MOCK,KIRI_2025_20|ASSUMPTION_V1
USR04652,50,50_plus,GROWTH,DC_NEGLECT,MOCK,KIRI_2025_20|ASSUMPTION_V1
USR04653,39,30s,GROWTH,TAX_BENEFIT_IDLE,MOCK,KIRI_2025_20|ASSUMPTION_V1
USR04654,32,30s,STABLE_GROWTH,OVERLAP_RISK,MOCK,KIRI_2025_20|ASSUMPTION_V1
USR04655,27,20s,GROWTH,OVERLAP_RISK,MOCK,KIRI_2025_20|ASSUMPTION_V1
USR04656,23,20s,STABLE_GROWTH,TAX_BENEFIT_IDLE,MOCK,KIRI_2025_20|ASSUMPTION_V1
USR04657,46,40s,BALANCED,DC_NEGLECT,MOCK,KIRI_2025_20|ASSUMPTION_V1
USR04658,42,40s,BALANCED,TAX_BENEFIT_IDLE,MOCK,KIRI_2025_20|ASSUMPTION_V1
USR04659,60,50_plus,CONSERVATIVE,DC_NEGLECT,MOCK,KIRI_2025_20|ASSUMPTION_V1
USR04660,34,30s,BALANCED,TAX_BENEFIT_IDLE,MOCK,KIRI_2025_20|ASSUMPTION_V1
USR04661,35,30s,STABLE_GROWTH,TAX_BENEFIT_IDLE,MOCK,KIRI_2025_20|ASSUMPTION_V1
USR04662,23,20s,BALANCED,TAX_BENEFIT_IDLE,MOCK,KIRI_2025_20|ASSUMPTION_V1
USR04663,24,20s,GROWTH,TAX_BENEFIT_IDLE,MOCK,KIRI_2025_20|ASSUMPTION_V1
USR04664,36,30s,GROWTH,DC_NEGLECT,MOCK,KIRI_2025_20|ASSUMPTION_V1
USR04665,49,40s,STABLE_GROWTH,OVERLAP_RISK,MOCK,KIRI_2025_20|ASSUMPTION_V1
USR04666,41,40s,STABLE_GROWTH,DC_NEGLECT,MOCK,KIRI_2025_20|ASSUMPTION_V1
USR04667,51,50_plus,STABLE_GROWTH,DC_NEGLECT,MOCK,KIRI_2025_20|ASSUMPTION_V1
USR04668,42,40s,CONSERVATIVE,TAX_BENEFIT_IDLE,MOCK,KIRI_2025_20|ASSUMPTION_V1
USR04669,36,30s,BALANCED,TAX_BENEFIT_IDLE,MOCK,KIRI_2025_20|ASSUMPTION_V1
USR04670,43,40s,BALANCED,DC_NEGLECT,MOCK,KIRI_2025_20|ASSUMPTION_V1
USR04671,39,30s,GROWTH,TAX_BENEFIT_IDLE,MOCK,KIRI_2025_20|ASSUMPTION_V1
USR04672,22,20s,GROWTH,DC_NEGLECT,MOCK,KIRI_2025_20|ASSUMPTION_V1
USR04673,55,50_plus,BALANCED,DC_NEGLECT,MOCK,KIRI_2025_20|ASSUMPTION_V1
USR04674,47,40s,CONSERVATIVE,TAX_BENEFIT_IDLE,MOCK,KIRI_2025_20|ASSUMPTION_V1
USR04675,33,30s,GROWTH,DC_NEGLECT,MOCK,KIRI_2025_20|ASSUMPTION_V1
USR04676,35,30s,BALANCED,DC_NEGLECT,MOCK,KIRI_2025_20|ASSUMPTION_V1
USR04677,40,40s,CONSERVATIVE,TAX_BENEFIT_IDLE,MOCK,KIRI_2025_20|ASSUMPTION_V1
USR04678,58,50_plus,CONSERVATIVE,OVERLAP_RISK,MOCK,KIRI_2025_20|ASSUMPTION_V1
USR04679,44,40s,STABLE_GROWTH,DC_NEGLECT,MOCK,KIRI_2025_20|ASSUMPTION_V1
USR04680,31,30s,STABLE_GROWTH,TAX_BENEFIT_IDLE,MOCK,KIRI_2025_20|ASSUMPTION_V1
USR04681,41,40s,BALANCED,TAX_BENEFIT_IDLE,MOCK,KIRI_2025_20|ASSUMPTION_V1
USR04682,54,50_plus,STABLE_GROWTH,OVERLAP_RISK,MOCK,KIRI_2025_20|ASSUMPTION_V1
USR04683,24,20s,AGGRESSIVE,OVERLAP_RISK,MOCK,KIRI_2025_20|ASSUMPTION_V1
USR04684,49,40s,BALANCED,DC_NEGLECT,MOCK,KIRI_2025_20|ASSUMPTION_V1
USR04685,48,40s,BALANCED,OVERLAP_RISK,MOCK,KIRI_2025_20|ASSUMPTION_V1
USR04686,58,50_plus,STABLE_GROWTH,TAX_BENEFIT_IDLE,MOCK,KIRI_2025_20|ASSUMPTION_V1
USR04687,31,30s,CONSERVATIVE,OVERLAP_RISK,MOCK,KIRI_2025_20|ASSUMPTION_V1
USR04688,59,50_plus,BALANCED,OVERLAP_RISK,MOCK,KIRI_2025_20|ASSUMPTION_V1
USR04689,28,20s,STABLE_GROWTH,OVERLAP_RISK,MOCK,KIRI_2025_20|ASSUMPTION_V1
USR04690,40,40s,STABLE_GROWTH,TAX_BENEFIT_IDLE,MOCK,KIRI_2025_20|ASSUMPTION_V1
USR04691,55,50_plus,CONSERVATIVE,TAX_BENEFIT_IDLE,MOCK,KIRI_2025_20|ASSUMPTION_V1
USR04692,50,50_plus,STABLE_GROWTH,TAX_BENEFIT_IDLE,MOCK,KIRI_2025_20|ASSUMPTION_V1
USR04693,24,20s,STABLE_GROWTH,OVERLAP_RISK,MOCK,KIRI_2025_20|ASSUMPTION_V1
USR04694,36,30s,BALANCED,OVERLAP_RISK,MOCK,KIRI_2025_20|ASSUMPTION_V1
USR04695,31,30s,STABLE_GROWTH,OVERLAP_RISK,MOCK,KIRI_2025_20|ASSUMPTION_V1
USR04696,49,40s,STABLE_GROWTH,OVERLAP_RISK,MOCK,KIRI_2025_20|ASSUMPTION_V1
USR04697,59,50_plus,BALANCED,TAX_BENEFIT_IDLE,MOCK,KIRI_2025_20|ASSUMPTION_V1
USR04698,40,40s,CONSERVATIVE,DC_NEGLECT,MOCK,KIRI_2025_20|ASSUMPTION_V1
USR04699,54,50_plus,GROWTH,DC_NEGLECT,MOCK,KIRI_2025_20|ASSUMPTION_V1
USR04700,64,50_plus,CONSERVATIVE,DC_NEGLECT,MOCK,KIRI_2025_20|ASSUMPTION_V1
USR04701,37,30s,BALANCED,OVERLAP_RISK,MOCK,KIRI_2025_20|ASSUMPTION_V1
USR04702,41,40s,BALANCED,OVERLAP_RISK,MOCK,KIRI_2025_20|ASSUMPTION_V1
USR04703,35,30s,STABLE_GROWTH,OVERLAP_RISK,MOCK,KIRI_2025_20|ASSUMPTION_V1
USR04704,26,20s,BALANCED,DC_NEGLECT,MOCK,KIRI_2025_20|ASSUMPTION_V1
USR04705,34,30s,BALANCED,DC_NEGLECT,MOCK,KIRI_2025_20|ASSUMPTION_V1
USR04706,56,50_plus,GROWTH,DC_NEGLECT,MOCK,KIRI_2025_20|ASSUMPTION_V1
USR04707,62,50_plus,STABLE_GROWTH,TAX_BENEFIT_IDLE,MOCK,KIRI_2025_20|ASSUMPTION_V1
USR04708,45,40s,BALANCED,OVERLAP_RISK,MOCK,KIRI_2025_20|ASSUMPTION_V1
USR04709,48,40s,CONSERVATIVE,TAX_BENEFIT_IDLE,MOCK,KIRI_2025_20|ASSUMPTION_V1
USR04710,26,20s,BALANCED,OVERLAP_RISK,MOCK,KIRI_2025_20|ASSUMPTION_V1
USR04711,35,30s,CONSERVATIVE,TAX_BENEFIT_IDLE,MOCK,KIRI_2025_20|ASSUMPTION_V1
USR04712,31,30s,CONSERVATIVE,TAX_BENEFIT_IDLE,MOCK,KIRI_2025_20|ASSUMPTION_V1
USR04713,25,20s,STABLE_GROWTH,DC_NEGLECT,MOCK,KIRI_2025_20|ASSUMPTION_V1
USR04714,46,40s,CONSERVATIVE,OVERLAP_RISK,MOCK,KIRI_2025_20|ASSUMPTION_V1
USR04715,44,40s,BALANCED,TAX_BENEFIT_IDLE,MOCK,KIRI_2025_20|ASSUMPTION_V1
USR04716,22,20s,BALANCED,DC_NEGLECT,MOCK,KIRI_2025_20|ASSUMPTION_V1
USR04717,57,50_plus,BALANCED,DC_NEGLECT,MOCK,KIRI_2025_20|ASSUMPTION_V1
USR04718,62,50_plus,CONSERVATIVE,DC_NEGLECT,MOCK,KIRI_2025_20|ASSUMPTION_V1
USR04719,53,50_plus,STABLE_GROWTH,DC_NEGLECT,MOCK,KIRI_2025_20|ASSUMPTION_V1
USR04720,35,30s,GROWTH,TAX_BENEFIT_IDLE,MOCK,KIRI_2025_20|ASSUMPTION_V1
USR04721,61,50_plus,BALANCED,TAX_BENEFIT_IDLE,MOCK,KIRI_2025_20|ASSUMPTION_V1
USR04722,32,30s,AGGRESSIVE,TAX_BENEFIT_IDLE,MOCK,KIRI_2025_20|ASSUMPTION_V1
USR04723,52,50_plus,BALANCED,TAX_BENEFIT_IDLE,MOCK,KIRI_2025_20|ASSUMPTION_V1
USR04724,63,50_plus,STABLE_GROWTH,DC_NEGLECT,MOCK,KIRI_2025_20|ASSUMPTION_V1
USR04725,31,30s,GROWTH,DC_NEGLECT,MOCK,KIRI_2025_20|ASSUMPTION_V1
USR04726,37,30s,GROWTH,DC_NEGLECT,MOCK,KIRI_2025_20|ASSUMPTION_V1
USR04727,56,50_plus,STABLE_GROWTH,DC_NEGLECT,MOCK,KIRI_2025_20|ASSUMPTION_V1
USR04728,42,40s,GROWTH,OVERLAP_RISK,MOCK,KIRI_2025_20|ASSUMPTION_V1
USR04729,38,30s,BALANCED,OVERLAP_RISK,MOCK,KIRI_2025_20|ASSUMPTION_V1
USR04730,45,40s,STABLE_GROWTH,TAX_BENEFIT_IDLE,MOCK,KIRI_2025_20|ASSUMPTION_V1
USR04731,45,40s,GROWTH,DC_NEGLECT,MOCK,KIRI_2025_20|ASSUMPTION_V1
USR04732,30,30s,GROWTH,DC_NEGLECT,MOCK,KIRI_2025_20|ASSUMPTION_V1
USR04733,45,40s,STABLE_GROWTH,DC_NEGLECT,MOCK,KIRI_2025_20|ASSUMPTION_V1
USR04734,33,30s,STABLE_GROWTH,TAX_BENEFIT_IDLE,MOCK,KIRI_2025_20|ASSUMPTION_V1
USR04735,43,40s,BALANCED,DC_NEGLECT,MOCK,KIRI_2025_20|ASSUMPTION_V1
USR04736,37,30s,GROWTH,TAX_BENEFIT_IDLE,MOCK,KIRI_2025_20|ASSUMPTION_V1
USR04737,45,40s,BALANCED,TAX_BENEFIT_IDLE,MOCK,KIRI_2025_20|ASSUMPTION_V1
USR04738,41,40s,GROWTH,DC_NEGLECT,MOCK,KIRI_2025_20|ASSUMPTION_V1
USR04739,45,40s,STABLE_GROWTH,DC_NEGLECT,MOCK,KIRI_2025_20|ASSUMPTION_V1
USR04740,38,30s,BALANCED,DC_NEGLECT,MOCK,KIRI_2025_20|ASSUMPTION_V1
USR04741,34,30s,CONSERVATIVE,OVERLAP_RISK,MOCK,KIRI_2025_20|ASSUMPTION_V1
USR04742,24,20s,BALANCED,TAX_BENEFIT_IDLE,MOCK,KIRI_2025_20|ASSUMPTION_V1
USR04743,54,50_plus,CONSERVATIVE,DC_NEGLECT,MOCK,KIRI_2025_20|ASSUMPTION_V1
USR04744,30,30s,STABLE_GROWTH,OVERLAP_RISK,MOCK,KIRI_2025_20|ASSUMPTION_V1
USR04745,31,30s,STABLE_GROWTH,OVERLAP_RISK,MOCK,KIRI_2025_20|ASSUMPTION_V1
USR04746,30,30s,BALANCED,OVERLAP_RISK,MOCK,KIRI_2025_20|ASSUMPTION_V1
USR04747,49,40s,GROWTH,DC_NEGLECT,MOCK,KIRI_2025_20|ASSUMPTION_V1
USR04748,61,50_plus,CONSERVATIVE,OVERLAP_RISK,MOCK,KIRI_2025_20|ASSUMPTION_V1
USR04749,37,30s,CONSERVATIVE,DC_NEGLECT,MOCK,KIRI_2025_20|ASSUMPTION_V1
USR04750,47,40s,CONSERVATIVE,OVERLAP_RISK,MOCK,KIRI_2025_20|ASSUMPTION_V1
USR04751,47,40s,CONSERVATIVE,TAX_BENEFIT_IDLE,MOCK,KIRI_2025_20|ASSUMPTION_V1
USR04752,42,40s,GROWTH,DC_NEGLECT,MOCK,KIRI_2025_20|ASSUMPTION_V1
USR04753,48,40s,GROWTH,OVERLAP_RISK,MOCK,KIRI_2025_20|ASSUMPTION_V1
USR04754,33,30s,BALANCED,TAX_BENEFIT_IDLE,MOCK,KIRI_2025_20|ASSUMPTION_V1
USR04755,52,50_plus,CONSERVATIVE,OVERLAP_RISK,MOCK,KIRI_2025_20|ASSUMPTION_V1
USR04756,49,40s,STABLE_GROWTH,OVERLAP_RISK,MOCK,KIRI_2025_20|ASSUMPTION_V1
USR04757,40,40s,BALANCED,TAX_BENEFIT_IDLE,MOCK,KIRI_2025_20|ASSUMPTION_V1
USR04758,47,40s,STABLE_GROWTH,DC_NEGLECT,MOCK,KIRI_2025_20|ASSUMPTION_V1
USR04759,46,40s,GROWTH,TAX_BENEFIT_IDLE,MOCK,KIRI_2025_20|ASSUMPTION_V1
USR04760,48,40s,STABLE_GROWTH,DC_NEGLECT,MOCK,KIRI_2025_20|ASSUMPTION_V1
USR04761,49,40s,CONSERVATIVE,OVERLAP_RISK,MOCK,KIRI_2025_20|ASSUMPTION_V1
USR04762,43,40s,BALANCED,DC_NEGLECT,MOCK,KIRI_2025_20|ASSUMPTION_V1
USR04763,57,50_plus,CONSERVATIVE,DC_NEGLECT,MOCK,KIRI_2025_20|ASSUMPTION_V1
USR04764,28,20s,BALANCED,TAX_BENEFIT_IDLE,MOCK,KIRI_2025_20|ASSUMPTION_V1
USR04765,53,50_plus,STABLE_GROWTH,OVERLAP_RISK,MOCK,KIRI_2025_20|ASSUMPTION_V1
USR04766,36,30s,GROWTH,TAX_BENEFIT_IDLE,MOCK,KIRI_2025_20|ASSUMPTION_V1
USR04767,42,40s,BALANCED,OVERLAP_RISK,MOCK,KIRI_2025_20|ASSUMPTION_V1
USR04768,28,20s,STABLE_GROWTH,DC_NEGLECT,MOCK,KIRI_2025_20|ASSUMPTION_V1
USR04769,42,40s,STABLE_GROWTH,DC_NEGLECT,MOCK,KIRI_2025_20|ASSUMPTION_V1
USR04770,23,20s,BALANCED,TAX_BENEFIT_IDLE,MOCK,KIRI_2025_20|ASSUMPTION_V1
USR04771,60,50_plus,GROWTH,OVERLAP_RISK,MOCK,KIRI_2025_20|ASSUMPTION_V1
USR04772,30,30s,AGGRESSIVE,TAX_BENEFIT_IDLE,MOCK,KIRI_2025_20|ASSUMPTION_V1
USR04773,34,30s,BALANCED,OVERLAP_RISK,MOCK,KIRI_2025_20|ASSUMPTION_V1
USR04774,47,40s,GROWTH,DC_NEGLECT,MOCK,KIRI_2025_20|ASSUMPTION_V1
USR04775,44,40s,STABLE_GROWTH,OVERLAP_RISK,MOCK,KIRI_2025_20|ASSUMPTION_V1
USR04776,22,20s,STABLE_GROWTH,TAX_BENEFIT_IDLE,MOCK,KIRI_2025_20|ASSUMPTION_V1
USR04777,42,40s,BALANCED,DC_NEGLECT,MOCK,KIRI_2025_20|ASSUMPTION_V1
USR04778,34,30s,GROWTH,DC_NEGLECT,MOCK,KIRI_2025_20|ASSUMPTION_V1
USR04779,44,40s,CONSERVATIVE,TAX_BENEFIT_IDLE,MOCK,KIRI_2025_20|ASSUMPTION_V1
USR04780,45,40s,STABLE_GROWTH,DC_NEGLECT,MOCK,KIRI_2025_20|ASSUMPTION_V1
USR04781,31,30s,BALANCED,OVERLAP_RISK,MOCK,KIRI_2025_20|ASSUMPTION_V1
USR04782,50,50_plus,BALANCED,OVERLAP_RISK,MOCK,KIRI_2025_20|ASSUMPTION_V1
USR04783,36,30s,AGGRESSIVE,DC_NEGLECT,MOCK,KIRI_2025_20|ASSUMPTION_V1
USR04784,37,30s,STABLE_GROWTH,TAX_BENEFIT_IDLE,MOCK,KIRI_2025_20|ASSUMPTION_V1
USR04785,55,50_plus,CONSERVATIVE,TAX_BENEFIT_IDLE,MOCK,KIRI_2025_20|ASSUMPTION_V1
USR04786,34,30s,STABLE_GROWTH,OVERLAP_RISK,MOCK,KIRI_2025_20|ASSUMPTION_V1
USR04787,28,20s,STABLE_GROWTH,OVERLAP_RISK,MOCK,KIRI_2025_20|ASSUMPTION_V1
USR04788,44,40s,GROWTH,DC_NEGLECT,MOCK,KIRI_2025_20|ASSUMPTION_V1
USR04789,38,30s,BALANCED,TAX_BENEFIT_IDLE,MOCK,KIRI_2025_20|ASSUMPTION_V1
USR04790,20,20s,GROWTH,DC_NEGLECT,MOCK,KIRI_2025_20|ASSUMPTION_V1
USR04791,25,20s,CONSERVATIVE,DC_NEGLECT,MOCK,KIRI_2025_20|ASSUMPTION_V1
USR04792,39,30s,CONSERVATIVE,DC_NEGLECT,MOCK,KIRI_2025_20|ASSUMPTION_V1
USR04793,45,40s,BALANCED,OVERLAP_RISK,MOCK,KIRI_2025_20|ASSUMPTION_V1
USR04794,41,40s,STABLE_GROWTH,TAX_BENEFIT_IDLE,MOCK,KIRI_2025_20|ASSUMPTION_V1
USR04795,45,40s,BALANCED,OVERLAP_RISK,MOCK,KIRI_2025_20|ASSUMPTION_V1
USR04796,45,40s,CONSERVATIVE,DC_NEGLECT,MOCK,KIRI_2025_20|ASSUMPTION_V1
USR04797,40,40s,STABLE_GROWTH,TAX_BENEFIT_IDLE,MOCK,KIRI_2025_20|ASSUMPTION_V1
USR04798,42,40s,BALANCED,DC_NEGLECT,MOCK,KIRI_2025_20|ASSUMPTION_V1
USR04799,35,30s,STABLE_GROWTH,DC_NEGLECT,MOCK,KIRI_2025_20|ASSUMPTION_V1
USR04800,52,50_plus,STABLE_GROWTH,OVERLAP_RISK,MOCK,KIRI_2025_20|ASSUMPTION_V1
USR04801,33,30s,STABLE_GROWTH,DC_NEGLECT,MOCK,KIRI_2025_20|ASSUMPTION_V1
USR04802,58,50_plus,BALANCED,TAX_BENEFIT_IDLE,MOCK,KIRI_2025_20|ASSUMPTION_V1
USR04803,45,40s,CONSERVATIVE,DC_NEGLECT,MOCK,KIRI_2025_20|ASSUMPTION_V1
USR04804,49,40s,STABLE_GROWTH,DC_NEGLECT,MOCK,KIRI_2025_20|ASSUMPTION_V1
USR04805,46,40s,STABLE_GROWTH,DC_NEGLECT,MOCK,KIRI_2025_20|ASSUMPTION_V1
USR04806,42,40s,CONSERVATIVE,DC_NEGLECT,MOCK,KIRI_2025_20|ASSUMPTION_V1
USR04807,37,30s,STABLE_GROWTH,TAX_BENEFIT_IDLE,MOCK,KIRI_2025_20|ASSUMPTION_V1
USR04808,61,50_plus,GROWTH,DC_NEGLECT,MOCK,KIRI_2025_20|ASSUMPTION_V1
USR04809,49,40s,BALANCED,DC_NEGLECT,MOCK,KIRI_2025_20|ASSUMPTION_V1
USR04810,39,30s,GROWTH,TAX_BENEFIT_IDLE,MOCK,KIRI_2025_20|ASSUMPTION_V1
USR04811,58,50_plus,STABLE_GROWTH,OVERLAP_RISK,MOCK,KIRI_2025_20|ASSUMPTION_V1
USR04812,48,40s,STABLE_GROWTH,TAX_BENEFIT_IDLE,MOCK,KIRI_2025_20|ASSUMPTION_V1
USR04813,30,30s,CONSERVATIVE,OVERLAP_RISK,MOCK,KIRI_2025_20|ASSUMPTION_V1
USR04814,43,40s,BALANCED,DC_NEGLECT,MOCK,KIRI_2025_20|ASSUMPTION_V1
USR04815,36,30s,BALANCED,OVERLAP_RISK,MOCK,KIRI_2025_20|ASSUMPTION_V1
USR04816,57,50_plus,GROWTH,TAX_BENEFIT_IDLE,MOCK,KIRI_2025_20|ASSUMPTION_V1
USR04817,37,30s,STABLE_GROWTH,TAX_BENEFIT_IDLE,MOCK,KIRI_2025_20|ASSUMPTION_V1
USR04818,32,30s,CONSERVATIVE,TAX_BENEFIT_IDLE,MOCK,KIRI_2025_20|ASSUMPTION_V1
USR04819,32,30s,STABLE_GROWTH,TAX_BENEFIT_IDLE,MOCK,KIRI_2025_20|ASSUMPTION_V1
USR04820,63,50_plus,BALANCED,TAX_BENEFIT_IDLE,MOCK,KIRI_2025_20|ASSUMPTION_V1
USR04821,53,50_plus,STABLE_GROWTH,TAX_BENEFIT_IDLE,MOCK,KIRI_2025_20|ASSUMPTION_V1
USR04822,56,50_plus,CONSERVATIVE,DC_NEGLECT,MOCK,KIRI_2025_20|ASSUMPTION_V1
USR04823,44,40s,STABLE_GROWTH,TAX_BENEFIT_IDLE,MOCK,KIRI_2025_20|ASSUMPTION_V1
USR04824,46,40s,CONSERVATIVE,DC_NEGLECT,MOCK,KIRI_2025_20|ASSUMPTION_V1
USR04825,45,40s,GROWTH,TAX_BENEFIT_IDLE,MOCK,KIRI_2025_20|ASSUMPTION_V1
USR04826,41,40s,GROWTH,OVERLAP_RISK,MOCK,KIRI_2025_20|ASSUMPTION_V1
USR04827,47,40s,CONSERVATIVE,OVERLAP_RISK,MOCK,KIRI_2025_20|ASSUMPTION_V1
USR04828,39,30s,GROWTH,TAX_BENEFIT_IDLE,MOCK,KIRI_2025_20|ASSUMPTION_V1
USR04829,46,40s,STABLE_GROWTH,DC_NEGLECT,MOCK,KIRI_2025_20|ASSUMPTION_V1
USR04830,30,30s,AGGRESSIVE,TAX_BENEFIT_IDLE,MOCK,KIRI_2025_20|ASSUMPTION_V1
USR04831,58,50_plus,GROWTH,DC_NEGLECT,MOCK,KIRI_2025_20|ASSUMPTION_V1
USR04832,34,30s,BALANCED,DC_NEGLECT,MOCK,KIRI_2025_20|ASSUMPTION_V1
USR04833,30,30s,STABLE_GROWTH,OVERLAP_RISK,MOCK,KIRI_2025_20|ASSUMPTION_V1
USR04834,30,30s,AGGRESSIVE,OVERLAP_RISK,MOCK,KIRI_2025_20|ASSUMPTION_V1
USR04835,42,40s,CONSERVATIVE,DC_NEGLECT,MOCK,KIRI_2025_20|ASSUMPTION_V1
USR04836,45,40s,GROWTH,OVERLAP_RISK,MOCK,KIRI_2025_20|ASSUMPTION_V1
USR04837,33,30s,STABLE_GROWTH,DC_NEGLECT,MOCK,KIRI_2025_20|ASSUMPTION_V1
USR04838,22,20s,BALANCED,TAX_BENEFIT_IDLE,MOCK,KIRI_2025_20|ASSUMPTION_V1
USR04839,28,20s,GROWTH,OVERLAP_RISK,MOCK,KIRI_2025_20|ASSUMPTION_V1
USR04840,38,30s,GROWTH,OVERLAP_RISK,MOCK,KIRI_2025_20|ASSUMPTION_V1
USR04841,63,50_plus,STABLE_GROWTH,OVERLAP_RISK,MOCK,KIRI_2025_20|ASSUMPTION_V1
USR04842,39,30s,STABLE_GROWTH,TAX_BENEFIT_IDLE,MOCK,KIRI_2025_20|ASSUMPTION_V1
USR04843,31,30s,BALANCED,DC_NEGLECT,MOCK,KIRI_2025_20|ASSUMPTION_V1
USR04844,44,40s,STABLE_GROWTH,TAX_BENEFIT_IDLE,MOCK,KIRI_2025_20|ASSUMPTION_V1
USR04845,62,50_plus,GROWTH,OVERLAP_RISK,MOCK,KIRI_2025_20|ASSUMPTION_V1
USR04846,56,50_plus,STABLE_GROWTH,DC_NEGLECT,MOCK,KIRI_2025_20|ASSUMPTION_V1
USR04847,51,50_plus,GROWTH,OVERLAP_RISK,MOCK,KIRI_2025_20|ASSUMPTION_V1
USR04848,47,40s,GROWTH,OVERLAP_RISK,MOCK,KIRI_2025_20|ASSUMPTION_V1
USR04849,26,20s,AGGRESSIVE,DC_NEGLECT,MOCK,KIRI_2025_20|ASSUMPTION_V1
USR04850,24,20s,STABLE_GROWTH,DC_NEGLECT,MOCK,KIRI_2025_20|ASSUMPTION_V1
USR04851,46,40s,BALANCED,DC_NEGLECT,MOCK,KIRI_2025_20|ASSUMPTION_V1
USR04852,40,40s,BALANCED,DC_NEGLECT,MOCK,KIRI_2025_20|ASSUMPTION_V1
USR04853,40,40s,STABLE_GROWTH,OVERLAP_RISK,MOCK,KIRI_2025_20|ASSUMPTION_V1
USR04854,56,50_plus,AGGRESSIVE,TAX_BENEFIT_IDLE,MOCK,KIRI_2025_20|ASSUMPTION_V1
USR04855,37,30s,BALANCED,DC_NEGLECT,MOCK,KIRI_2025_20|ASSUMPTION_V1
USR04856,36,30s,STABLE_GROWTH,OVERLAP_RISK,MOCK,KIRI_2025_20|ASSUMPTION_V1
USR04857,29,20s,AGGRESSIVE,TAX_BENEFIT_IDLE,MOCK,KIRI_2025_20|ASSUMPTION_V1
USR04858,39,30s,AGGRESSIVE,TAX_BENEFIT_IDLE,MOCK,KIRI_2025_20|ASSUMPTION_V1
USR04859,37,30s,STABLE_GROWTH,OVERLAP_RISK,MOCK,KIRI_2025_20|ASSUMPTION_V1
USR04860,61,50_plus,STABLE_GROWTH,TAX_BENEFIT_IDLE,MOCK,KIRI_2025_20|ASSUMPTION_V1
USR04861,31,30s,STABLE_GROWTH,TAX_BENEFIT_IDLE,MOCK,KIRI_2025_20|ASSUMPTION_V1
USR04862,30,30s,AGGRESSIVE,OVERLAP_RISK,MOCK,KIRI_2025_20|ASSUMPTION_V1
USR04863,32,30s,BALANCED,DC_NEGLECT,MOCK,KIRI_2025_20|ASSUMPTION_V1
USR04864,50,50_plus,CONSERVATIVE,DC_NEGLECT,MOCK,KIRI_2025_20|ASSUMPTION_V1
USR04865,42,40s,AGGRESSIVE,DC_NEGLECT,MOCK,KIRI_2025_20|ASSUMPTION_V1
USR04866,21,20s,STABLE_GROWTH,TAX_BENEFIT_IDLE,MOCK,KIRI_2025_20|ASSUMPTION_V1
USR04867,42,40s,BALANCED,DC_NEGLECT,MOCK,KIRI_2025_20|ASSUMPTION_V1
USR04868,54,50_plus,STABLE_GROWTH,TAX_BENEFIT_IDLE,MOCK,KIRI_2025_20|ASSUMPTION_V1
USR04869,55,50_plus,GROWTH,OVERLAP_RISK,MOCK,KIRI_2025_20|ASSUMPTION_V1
USR04870,56,50_plus,STABLE_GROWTH,TAX_BENEFIT_IDLE,MOCK,KIRI_2025_20|ASSUMPTION_V1
USR04871,46,40s,BALANCED,TAX_BENEFIT_IDLE,MOCK,KIRI_2025_20|ASSUMPTION_V1
USR04872,21,20s,CONSERVATIVE,OVERLAP_RISK,MOCK,KIRI_2025_20|ASSUMPTION_V1
USR04873,48,40s,AGGRESSIVE,OVERLAP_RISK,MOCK,KIRI_2025_20|ASSUMPTION_V1
USR04874,42,40s,STABLE_GROWTH,OVERLAP_RISK,MOCK,KIRI_2025_20|ASSUMPTION_V1
USR04875,39,30s,GROWTH,DC_NEGLECT,MOCK,KIRI_2025_20|ASSUMPTION_V1
USR04876,45,40s,GROWTH,DC_NEGLECT,MOCK,KIRI_2025_20|ASSUMPTION_V1
USR04877,29,20s,CONSERVATIVE,DC_NEGLECT,MOCK,KIRI_2025_20|ASSUMPTION_V1
USR04878,55,50_plus,GROWTH,DC_NEGLECT,MOCK,KIRI_2025_20|ASSUMPTION_V1
USR04879,52,50_plus,STABLE_GROWTH,OVERLAP_RISK,MOCK,KIRI_2025_20|ASSUMPTION_V1
USR04880,23,20s,GROWTH,DC_NEGLECT,MOCK,KIRI_2025_20|ASSUMPTION_V1
USR04881,38,30s,CONSERVATIVE,DC_NEGLECT,MOCK,KIRI_2025_20|ASSUMPTION_V1
USR04882,51,50_plus,STABLE_GROWTH,DC_NEGLECT,MOCK,KIRI_2025_20|ASSUMPTION_V1
USR04883,58,50_plus,STABLE_GROWTH,OVERLAP_RISK,MOCK,KIRI_2025_20|ASSUMPTION_V1
USR04884,47,40s,GROWTH,DC_NEGLECT,MOCK,KIRI_2025_20|ASSUMPTION_V1
USR04885,38,30s,BALANCED,TAX_BENEFIT_IDLE,MOCK,KIRI_2025_20|ASSUMPTION_V1
USR04886,41,40s,CONSERVATIVE,OVERLAP_RISK,MOCK,KIRI_2025_20|ASSUMPTION_V1
USR04887,62,50_plus,STABLE_GROWTH,OVERLAP_RISK,MOCK,KIRI_2025_20|ASSUMPTION_V1
USR04888,51,50_plus,BALANCED,TAX_BENEFIT_IDLE,MOCK,KIRI_2025_20|ASSUMPTION_V1
USR04889,50,50_plus,BALANCED,TAX_BENEFIT_IDLE,MOCK,KIRI_2025_20|ASSUMPTION_V1
USR04890,32,30s,STABLE_GROWTH,DC_NEGLECT,MOCK,KIRI_2025_20|ASSUMPTION_V1
USR04891,29,20s,BALANCED,TAX_BENEFIT_IDLE,MOCK,KIRI_2025_20|ASSUMPTION_V1
USR04892,36,30s,GROWTH,OVERLAP_RISK,MOCK,KIRI_2025_20|ASSUMPTION_V1
USR04893,63,50_plus,STABLE_GROWTH,OVERLAP_RISK,MOCK,KIRI_2025_20|ASSUMPTION_V1
USR04894,40,40s,BALANCED,DC_NEGLECT,MOCK,KIRI_2025_20|ASSUMPTION_V1
USR04895,42,40s,CONSERVATIVE,OVERLAP_RISK,MOCK,KIRI_2025_20|ASSUMPTION_V1
USR04896,37,30s,CONSERVATIVE,TAX_BENEFIT_IDLE,MOCK,KIRI_2025_20|ASSUMPTION_V1
USR04897,39,30s,GROWTH,DC_NEGLECT,MOCK,KIRI_2025_20|ASSUMPTION_V1
USR04898,49,40s,GROWTH,DC_NEGLECT,MOCK,KIRI_2025_20|ASSUMPTION_V1
USR04899,60,50_plus,CONSERVATIVE,OVERLAP_RISK,MOCK,KIRI_2025_20|ASSUMPTION_V1
USR04900,57,50_plus,BALANCED,DC_NEGLECT,MOCK,KIRI_2025_20|ASSUMPTION_V1
USR04901,52,50_plus,CONSERVATIVE,DC_NEGLECT,MOCK,KIRI_2025_20|ASSUMPTION_V1
USR04902,40,40s,CONSERVATIVE,DC_NEGLECT,MOCK,KIRI_2025_20|ASSUMPTION_V1
USR04903,28,20s,BALANCED,TAX_BENEFIT_IDLE,MOCK,KIRI_2025_20|ASSUMPTION_V1
USR04904,35,30s,AGGRESSIVE,TAX_BENEFIT_IDLE,MOCK,KIRI_2025_20|ASSUMPTION_V1
USR04905,39,30s,STABLE_GROWTH,TAX_BENEFIT_IDLE,MOCK,KIRI_2025_20|ASSUMPTION_V1
USR04906,36,30s,AGGRESSIVE,TAX_BENEFIT_IDLE,MOCK,KIRI_2025_20|ASSUMPTION_V1
USR04907,62,50_plus,CONSERVATIVE,DC_NEGLECT,MOCK,KIRI_2025_20|ASSUMPTION_V1
USR04908,63,50_plus,CONSERVATIVE,TAX_BENEFIT_IDLE,MOCK,KIRI_2025_20|ASSUMPTION_V1
USR04909,30,30s,STABLE_GROWTH,TAX_BENEFIT_IDLE,MOCK,KIRI_2025_20|ASSUMPTION_V1
USR04910,38,30s,STABLE_GROWTH,DC_NEGLECT,MOCK,KIRI_2025_20|ASSUMPTION_V1
USR04911,57,50_plus,STABLE_GROWTH,TAX_BENEFIT_IDLE,MOCK,KIRI_2025_20|ASSUMPTION_V1
USR04912,30,30s,GROWTH,OVERLAP_RISK,MOCK,KIRI_2025_20|ASSUMPTION_V1
USR04913,52,50_plus,GROWTH,TAX_BENEFIT_IDLE,MOCK,KIRI_2025_20|ASSUMPTION_V1
USR04914,51,50_plus,CONSERVATIVE,TAX_BENEFIT_IDLE,MOCK,KIRI_2025_20|ASSUMPTION_V1
USR04915,34,30s,CONSERVATIVE,DC_NEGLECT,MOCK,KIRI_2025_20|ASSUMPTION_V1
USR04916,49,40s,BALANCED,DC_NEGLECT,MOCK,KIRI_2025_20|ASSUMPTION_V1
USR04917,33,30s,GROWTH,OVERLAP_RISK,MOCK,KIRI_2025_20|ASSUMPTION_V1
USR04918,20,20s,CONSERVATIVE,OVERLAP_RISK,MOCK,KIRI_2025_20|ASSUMPTION_V1
USR04919,33,30s,CONSERVATIVE,OVERLAP_RISK,MOCK,KIRI_2025_20|ASSUMPTION_V1
USR04920,46,40s,STABLE_GROWTH,OVERLAP_RISK,MOCK,KIRI_2025_20|ASSUMPTION_V1
USR04921,35,30s,BALANCED,TAX_BENEFIT_IDLE,MOCK,KIRI_2025_20|ASSUMPTION_V1
USR04922,48,40s,STABLE_GROWTH,TAX_BENEFIT_IDLE,MOCK,KIRI_2025_20|ASSUMPTION_V1
USR04923,39,30s,CONSERVATIVE,OVERLAP_RISK,MOCK,KIRI_2025_20|ASSUMPTION_V1
USR04924,40,40s,BALANCED,TAX_BENEFIT_IDLE,MOCK,KIRI_2025_20|ASSUMPTION_V1
USR04925,41,40s,STABLE_GROWTH,TAX_BENEFIT_IDLE,MOCK,KIRI_2025_20|ASSUMPTION_V1
USR04926,41,40s,BALANCED,DC_NEGLECT,MOCK,KIRI_2025_20|ASSUMPTION_V1
USR04927,56,50_plus,STABLE_GROWTH,OVERLAP_RISK,MOCK,KIRI_2025_20|ASSUMPTION_V1
USR04928,58,50_plus,CONSERVATIVE,TAX_BENEFIT_IDLE,MOCK,KIRI_2025_20|ASSUMPTION_V1
USR04929,62,50_plus,STABLE_GROWTH,DC_NEGLECT,MOCK,KIRI_2025_20|ASSUMPTION_V1
USR04930,39,30s,BALANCED,DC_NEGLECT,MOCK,KIRI_2025_20|ASSUMPTION_V1
USR04931,45,40s,BALANCED,DC_NEGLECT,MOCK,KIRI_2025_20|ASSUMPTION_V1
USR04932,51,50_plus,CONSERVATIVE,OVERLAP_RISK,MOCK,KIRI_2025_20|ASSUMPTION_V1
USR04933,29,20s,CONSERVATIVE,TAX_BENEFIT_IDLE,MOCK,KIRI_2025_20|ASSUMPTION_V1
USR04934,24,20s,GROWTH,TAX_BENEFIT_IDLE,MOCK,KIRI_2025_20|ASSUMPTION_V1
USR04935,21,20s,AGGRESSIVE,OVERLAP_RISK,MOCK,KIRI_2025_20|ASSUMPTION_V1
USR04936,64,50_plus,CONSERVATIVE,DC_NEGLECT,MOCK,KIRI_2025_20|ASSUMPTION_V1
USR04937,25,20s,BALANCED,TAX_BENEFIT_IDLE,MOCK,KIRI_2025_20|ASSUMPTION_V1
USR04938,40,40s,STABLE_GROWTH,TAX_BENEFIT_IDLE,MOCK,KIRI_2025_20|ASSUMPTION_V1
USR04939,61,50_plus,CONSERVATIVE,TAX_BENEFIT_IDLE,MOCK,KIRI_2025_20|ASSUMPTION_V1
USR04940,61,50_plus,GROWTH,TAX_BENEFIT_IDLE,MOCK,KIRI_2025_20|ASSUMPTION_V1
USR04941,31,30s,BALANCED,TAX_BENEFIT_IDLE,MOCK,KIRI_2025_20|ASSUMPTION_V1
USR04942,35,30s,STABLE_GROWTH,OVERLAP_RISK,MOCK,KIRI_2025_20|ASSUMPTION_V1
USR04943,41,40s,CONSERVATIVE,DC_NEGLECT,MOCK,KIRI_2025_20|ASSUMPTION_V1
USR04944,24,20s,GROWTH,TAX_BENEFIT_IDLE,MOCK,KIRI_2025_20|ASSUMPTION_V1
USR04945,38,30s,BALANCED,TAX_BENEFIT_IDLE,MOCK,KIRI_2025_20|ASSUMPTION_V1
USR04946,31,30s,CONSERVATIVE,OVERLAP_RISK,MOCK,KIRI_2025_20|ASSUMPTION_V1
USR04947,53,50_plus,BALANCED,TAX_BENEFIT_IDLE,MOCK,KIRI_2025_20|ASSUMPTION_V1
USR04948,56,50_plus,BALANCED,TAX_BENEFIT_IDLE,MOCK,KIRI_2025_20|ASSUMPTION_V1
USR04949,46,40s,STABLE_GROWTH,DC_NEGLECT,MOCK,KIRI_2025_20|ASSUMPTION_V1
USR04950,30,30s,BALANCED,OVERLAP_RISK,MOCK,KIRI_2025_20|ASSUMPTION_V1
USR04951,38,30s,BALANCED,DC_NEGLECT,MOCK,KIRI_2025_20|ASSUMPTION_V1
USR04952,47,40s,CONSERVATIVE,DC_NEGLECT,MOCK,KIRI_2025_20|ASSUMPTION_V1
USR04953,45,40s,BALANCED,TAX_BENEFIT_IDLE,MOCK,KIRI_2025_20|ASSUMPTION_V1
USR04954,38,30s,AGGRESSIVE,TAX_BENEFIT_IDLE,MOCK,KIRI_2025_20|ASSUMPTION_V1
USR04955,46,40s,BALANCED,OVERLAP_RISK,MOCK,KIRI_2025_20|ASSUMPTION_V1
USR04956,49,40s,STABLE_GROWTH,OVERLAP_RISK,MOCK,KIRI_2025_20|ASSUMPTION_V1
USR04957,47,40s,STABLE_GROWTH,OVERLAP_RISK,MOCK,KIRI_2025_20|ASSUMPTION_V1
USR04958,61,50_plus,STABLE_GROWTH,DC_NEGLECT,MOCK,KIRI_2025_20|ASSUMPTION_V1
USR04959,22,20s,AGGRESSIVE,TAX_BENEFIT_IDLE,MOCK,KIRI_2025_20|ASSUMPTION_V1
USR04960,45,40s,GROWTH,DC_NEGLECT,MOCK,KIRI_2025_20|ASSUMPTION_V1
USR04961,33,30s,GROWTH,DC_NEGLECT,MOCK,KIRI_2025_20|ASSUMPTION_V1
USR04962,61,50_plus,BALANCED,OVERLAP_RISK,MOCK,KIRI_2025_20|ASSUMPTION_V1
USR04963,43,40s,GROWTH,DC_NEGLECT,MOCK,KIRI_2025_20|ASSUMPTION_V1
USR04964,64,50_plus,CONSERVATIVE,OVERLAP_RISK,MOCK,KIRI_2025_20|ASSUMPTION_V1
USR04965,64,50_plus,CONSERVATIVE,TAX_BENEFIT_IDLE,MOCK,KIRI_2025_20|ASSUMPTION_V1
USR04966,47,40s,BALANCED,OVERLAP_RISK,MOCK,KIRI_2025_20|ASSUMPTION_V1
USR04967,61,50_plus,CONSERVATIVE,DC_NEGLECT,MOCK,KIRI_2025_20|ASSUMPTION_V1
USR04968,60,50_plus,AGGRESSIVE,OVERLAP_RISK,MOCK,KIRI_2025_20|ASSUMPTION_V1
USR04969,57,50_plus,CONSERVATIVE,TAX_BENEFIT_IDLE,MOCK,KIRI_2025_20|ASSUMPTION_V1
USR04970,34,30s,CONSERVATIVE,TAX_BENEFIT_IDLE,MOCK,KIRI_2025_20|ASSUMPTION_V1
USR04971,29,20s,AGGRESSIVE,TAX_BENEFIT_IDLE,MOCK,KIRI_2025_20|ASSUMPTION_V1
USR04972,26,20s,STABLE_GROWTH,OVERLAP_RISK,MOCK,KIRI_2025_20|ASSUMPTION_V1
USR04973,48,40s,AGGRESSIVE,TAX_BENEFIT_IDLE,MOCK,KIRI_2025_20|ASSUMPTION_V1
USR04974,32,30s,BALANCED,OVERLAP_RISK,MOCK,KIRI_2025_20|ASSUMPTION_V1
USR04975,43,40s,GROWTH,OVERLAP_RISK,MOCK,KIRI_2025_20|ASSUMPTION_V1
USR04976,20,20s,BALANCED,TAX_BENEFIT_IDLE,MOCK,KIRI_2025_20|ASSUMPTION_V1
USR04977,46,40s,BALANCED,DC_NEGLECT,MOCK,KIRI_2025_20|ASSUMPTION_V1
USR04978,20,20s,BALANCED,DC_NEGLECT,MOCK,KIRI_2025_20|ASSUMPTION_V1
USR04979,49,40s,STABLE_GROWTH,TAX_BENEFIT_IDLE,MOCK,KIRI_2025_20|ASSUMPTION_V1
USR04980,53,50_plus,CONSERVATIVE,OVERLAP_RISK,MOCK,KIRI_2025_20|ASSUMPTION_V1
USR04981,34,30s,GROWTH,DC_NEGLECT,MOCK,KIRI_2025_20|ASSUMPTION_V1
USR04982,42,40s,GROWTH,OVERLAP_RISK,MOCK,KIRI_2025_20|ASSUMPTION_V1
USR04983,33,30s,BALANCED,TAX_BENEFIT_IDLE,MOCK,KIRI_2025_20|ASSUMPTION_V1
USR04984,61,50_plus,GROWTH,TAX_BENEFIT_IDLE,MOCK,KIRI_2025_20|ASSUMPTION_V1
USR04985,59,50_plus,STABLE_GROWTH,OVERLAP_RISK,MOCK,KIRI_2025_20|ASSUMPTION_V1
USR04986,60,50_plus,AGGRESSIVE,OVERLAP_RISK,MOCK,KIRI_2025_20|ASSUMPTION_V1
USR04987,37,30s,GROWTH,DC_NEGLECT,MOCK,KIRI_2025_20|ASSUMPTION_V1
USR04988,48,40s,AGGRESSIVE,OVERLAP_RISK,MOCK,KIRI_2025_20|ASSUMPTION_V1
USR04989,62,50_plus,CONSERVATIVE,OVERLAP_RISK,MOCK,KIRI_2025_20|ASSUMPTION_V1
USR04990,61,50_plus,STABLE_GROWTH,DC_NEGLECT,MOCK,KIRI_2025_20|ASSUMPTION_V1
USR04991,63,50_plus,STABLE_GROWTH,DC_NEGLECT,MOCK,KIRI_2025_20|ASSUMPTION_V1
USR04992,27,20s,STABLE_GROWTH,DC_NEGLECT,MOCK,KIRI_2025_20|ASSUMPTION_V1
USR04993,58,50_plus,STABLE_GROWTH,DC_NEGLECT,MOCK,KIRI_2025_20|ASSUMPTION_V1
USR04994,32,30s,BALANCED,OVERLAP_RISK,MOCK,KIRI_2025_20|ASSUMPTION_V1
USR04995,37,30s,STABLE_GROWTH,TAX_BENEFIT_IDLE,MOCK,KIRI_2025_20|ASSUMPTION_V1
USR04996,49,40s,BALANCED,DC_NEGLECT,MOCK,KIRI_2025_20|ASSUMPTION_V1
USR04997,25,20s,GROWTH,DC_NEGLECT,MOCK,KIRI_2025_20|ASSUMPTION_V1
USR04998,37,30s,BALANCED,DC_NEGLECT,MOCK,KIRI_2025_20|ASSUMPTION_V1
USR04999,30,30s,STABLE_GROWTH,TAX_BENEFIT_IDLE,MOCK,KIRI_2025_20|ASSUMPTION_V1
USR05000,44,40s,GROWTH,DC_NEGLECT,MOCK,KIRI_2025_20|ASSUMPTION_V1
USR05001,43,40s,STABLE_GROWTH,TAX_BENEFIT_IDLE,MOCK,KIRI_2025_20|ASSUMPTION_V1
USR05002,29,20s,BALANCED,OVERLAP_RISK,MOCK,KIRI_2025_20|ASSUMPTION_V1
USR05003,41,40s,STABLE_GROWTH,OVERLAP_RISK,MOCK,KIRI_2025_20|ASSUMPTION_V1
USR05004,44,40s,GROWTH,DC_NEGLECT,MOCK,KIRI_2025_20|ASSUMPTION_V1
USR05005,63,50_plus,STABLE_GROWTH,OVERLAP_RISK,MOCK,KIRI_2025_20|ASSUMPTION_V1
USR05006,35,30s,BALANCED,DC_NEGLECT,MOCK,KIRI_2025_20|ASSUMPTION_V1
USR05007,37,30s,STABLE_GROWTH,TAX_BENEFIT_IDLE,MOCK,KIRI_2025_20|ASSUMPTION_V1
USR05008,64,50_plus,BALANCED,DC_NEGLECT,MOCK,KIRI_2025_20|ASSUMPTION_V1
USR05009,46,40s,STABLE_GROWTH,DC_NEGLECT,MOCK,KIRI_2025_20|ASSUMPTION_V1
USR05010,39,30s,GROWTH,DC_NEGLECT,MOCK,KIRI_2025_20|ASSUMPTION_V1
USR05011,58,50_plus,STABLE_GROWTH,DC_NEGLECT,MOCK,KIRI_2025_20|ASSUMPTION_V1
USR05012,55,50_plus,CONSERVATIVE,DC_NEGLECT,MOCK,KIRI_2025_20|ASSUMPTION_V1
USR05013,45,40s,CONSERVATIVE,TAX_BENEFIT_IDLE,MOCK,KIRI_2025_20|ASSUMPTION_V1
USR05014,49,40s,STABLE_GROWTH,TAX_BENEFIT_IDLE,MOCK,KIRI_2025_20|ASSUMPTION_V1
USR05015,58,50_plus,CONSERVATIVE,OVERLAP_RISK,MOCK,KIRI_2025_20|ASSUMPTION_V1
USR05016,44,40s,BALANCED,DC_NEGLECT,MOCK,KIRI_2025_20|ASSUMPTION_V1
USR05017,63,50_plus,STABLE_GROWTH,OVERLAP_RISK,MOCK,KIRI_2025_20|ASSUMPTION_V1
USR05018,48,40s,CONSERVATIVE,DC_NEGLECT,MOCK,KIRI_2025_20|ASSUMPTION_V1
USR05019,50,50_plus,STABLE_GROWTH,DC_NEGLECT,MOCK,KIRI_2025_20|ASSUMPTION_V1
USR05020,35,30s,AGGRESSIVE,TAX_BENEFIT_IDLE,MOCK,KIRI_2025_20|ASSUMPTION_V1
USR05021,42,40s,AGGRESSIVE,DC_NEGLECT,MOCK,KIRI_2025_20|ASSUMPTION_V1
USR05022,47,40s,STABLE_GROWTH,DC_NEGLECT,MOCK,KIRI_2025_20|ASSUMPTION_V1
USR05023,28,20s,STABLE_GROWTH,DC_NEGLECT,MOCK,KIRI_2025_20|ASSUMPTION_V1
USR05024,40,40s,BALANCED,TAX_BENEFIT_IDLE,MOCK,KIRI_2025_20|ASSUMPTION_V1
USR05025,49,40s,GROWTH,OVERLAP_RISK,MOCK,KIRI_2025_20|ASSUMPTION_V1
USR05026,30,30s,BALANCED,OVERLAP_RISK,MOCK,KIRI_2025_20|ASSUMPTION_V1
USR05027,36,30s,GROWTH,DC_NEGLECT,MOCK,KIRI_2025_20|ASSUMPTION_V1
USR05028,64,50_plus,CONSERVATIVE,OVERLAP_RISK,MOCK,KIRI_2025_20|ASSUMPTION_V1
USR05029,56,50_plus,CONSERVATIVE,DC_NEGLECT,MOCK,KIRI_2025_20|ASSUMPTION_V1
USR05030,41,40s,GROWTH,TAX_BENEFIT_IDLE,MOCK,KIRI_2025_20|ASSUMPTION_V1
USR05031,36,30s,AGGRESSIVE,DC_NEGLECT,MOCK,KIRI_2025_20|ASSUMPTION_V1
USR05032,31,30s,GROWTH,TAX_BENEFIT_IDLE,MOCK,KIRI_2025_20|ASSUMPTION_V1
USR05033,63,50_plus,BALANCED,TAX_BENEFIT_IDLE,MOCK,KIRI_2025_20|ASSUMPTION_V1
USR05034,20,20s,BALANCED,DC_NEGLECT,MOCK,KIRI_2025_20|ASSUMPTION_V1
USR05035,61,50_plus,BALANCED,DC_NEGLECT,MOCK,KIRI_2025_20|ASSUMPTION_V1
USR05036,27,20s,STABLE_GROWTH,TAX_BENEFIT_IDLE,MOCK,KIRI_2025_20|ASSUMPTION_V1
USR05037,46,40s,CONSERVATIVE,DC_NEGLECT,MOCK,KIRI_2025_20|ASSUMPTION_V1
USR05038,36,30s,GROWTH,TAX_BENEFIT_IDLE,MOCK,KIRI_2025_20|ASSUMPTION_V1
USR05039,39,30s,STABLE_GROWTH,TAX_BENEFIT_IDLE,MOCK,KIRI_2025_20|ASSUMPTION_V1
USR05040,49,40s,STABLE_GROWTH,OVERLAP_RISK,MOCK,KIRI_2025_20|ASSUMPTION_V1
USR05041,49,40s,BALANCED,TAX_BENEFIT_IDLE,MOCK,KIRI_2025_20|ASSUMPTION_V1
USR05042,22,20s,AGGRESSIVE,TAX_BENEFIT_IDLE,MOCK,KIRI_2025_20|ASSUMPTION_V1
USR05043,60,50_plus,GROWTH,TAX_BENEFIT_IDLE,MOCK,KIRI_2025_20|ASSUMPTION_V1
USR05044,55,50_plus,BALANCED,DC_NEGLECT,MOCK,KIRI_2025_20|ASSUMPTION_V1
USR05045,62,50_plus,CONSERVATIVE,DC_NEGLECT,MOCK,KIRI_2025_20|ASSUMPTION_V1
USR05046,50,50_plus,STABLE_GROWTH,DC_NEGLECT,MOCK,KIRI_2025_20|ASSUMPTION_V1
USR05047,34,30s,GROWTH,DC_NEGLECT,MOCK,KIRI_2025_20|ASSUMPTION_V1
USR05048,53,50_plus,BALANCED,DC_NEGLECT,MOCK,KIRI_2025_20|ASSUMPTION_V1
USR05049,30,30s,CONSERVATIVE,DC_NEGLECT,MOCK,KIRI_2025_20|ASSUMPTION_V1
USR05050,23,20s,BALANCED,TAX_BENEFIT_IDLE,MOCK,KIRI_2025_20|ASSUMPTION_V1
USR05051,43,40s,STABLE_GROWTH,DC_NEGLECT,MOCK,KIRI_2025_20|ASSUMPTION_V1
USR05052,46,40s,GROWTH,OVERLAP_RISK,MOCK,KIRI_2025_20|ASSUMPTION_V1
USR05053,37,30s,AGGRESSIVE,OVERLAP_RISK,MOCK,KIRI_2025_20|ASSUMPTION_V1
USR05054,39,30s,GROWTH,TAX_BENEFIT_IDLE,MOCK,KIRI_2025_20|ASSUMPTION_V1
USR05055,51,50_plus,CONSERVATIVE,OVERLAP_RISK,MOCK,KIRI_2025_20|ASSUMPTION_V1
USR05056,34,30s,BALANCED,DC_NEGLECT,MOCK,KIRI_2025_20|ASSUMPTION_V1
USR05057,39,30s,STABLE_GROWTH,DC_NEGLECT,MOCK,KIRI_2025_20|ASSUMPTION_V1
USR05058,42,40s,AGGRESSIVE,TAX_BENEFIT_IDLE,MOCK,KIRI_2025_20|ASSUMPTION_V1
USR05059,41,40s,STABLE_GROWTH,TAX_BENEFIT_IDLE,MOCK,KIRI_2025_20|ASSUMPTION_V1
USR05060,40,40s,BALANCED,TAX_BENEFIT_IDLE,MOCK,KIRI_2025_20|ASSUMPTION_V1
USR05061,25,20s,BALANCED,TAX_BENEFIT_IDLE,MOCK,KIRI_2025_20|ASSUMPTION_V1
USR05062,61,50_plus,STABLE_GROWTH,OVERLAP_RISK,MOCK,KIRI_2025_20|ASSUMPTION_V1
USR05063,34,30s,BALANCED,OVERLAP_RISK,MOCK,KIRI_2025_20|ASSUMPTION_V1
USR05064,44,40s,BALANCED,TAX_BENEFIT_IDLE,MOCK,KIRI_2025_20|ASSUMPTION_V1
USR05065,21,20s,CONSERVATIVE,TAX_BENEFIT_IDLE,MOCK,KIRI_2025_20|ASSUMPTION_V1
USR05066,30,30s,CONSERVATIVE,DC_NEGLECT,MOCK,KIRI_2025_20|ASSUMPTION_V1
USR05067,33,30s,GROWTH,OVERLAP_RISK,MOCK,KIRI_2025_20|ASSUMPTION_V1
USR05068,38,30s,BALANCED,TAX_BENEFIT_IDLE,MOCK,KIRI_2025_20|ASSUMPTION_V1
USR05069,35,30s,BALANCED,DC_NEGLECT,MOCK,KIRI_2025_20|ASSUMPTION_V1
USR05070,31,30s,GROWTH,TAX_BENEFIT_IDLE,MOCK,KIRI_2025_20|ASSUMPTION_V1
USR05071,35,30s,GROWTH,OVERLAP_RISK,MOCK,KIRI_2025_20|ASSUMPTION_V1
USR05072,49,40s,CONSERVATIVE,DC_NEGLECT,MOCK,KIRI_2025_20|ASSUMPTION_V1
USR05073,42,40s,CONSERVATIVE,OVERLAP_RISK,MOCK,KIRI_2025_20|ASSUMPTION_V1
USR05074,35,30s,AGGRESSIVE,TAX_BENEFIT_IDLE,MOCK,KIRI_2025_20|ASSUMPTION_V1
USR05075,35,30s,STABLE_GROWTH,TAX_BENEFIT_IDLE,MOCK,KIRI_2025_20|ASSUMPTION_V1
USR05076,23,20s,AGGRESSIVE,TAX_BENEFIT_IDLE,MOCK,KIRI_2025_20|ASSUMPTION_V1
USR05077,49,40s,GROWTH,DC_NEGLECT,MOCK,KIRI_2025_20|ASSUMPTION_V1
USR05078,33,30s,STABLE_GROWTH,OVERLAP_RISK,MOCK,KIRI_2025_20|ASSUMPTION_V1
USR05079,43,40s,CONSERVATIVE,DC_NEGLECT,MOCK,KIRI_2025_20|ASSUMPTION_V1
USR05080,51,50_plus,CONSERVATIVE,OVERLAP_RISK,MOCK,KIRI_2025_20|ASSUMPTION_V1
USR05081,48,40s,CONSERVATIVE,TAX_BENEFIT_IDLE,MOCK,KIRI_2025_20|ASSUMPTION_V1
USR05082,57,50_plus,CONSERVATIVE,DC_NEGLECT,MOCK,KIRI_2025_20|ASSUMPTION_V1
USR05083,64,50_plus,AGGRESSIVE,DC_NEGLECT,MOCK,KIRI_2025_20|ASSUMPTION_V1
USR05084,22,20s,BALANCED,TAX_BENEFIT_IDLE,MOCK,KIRI_2025_20|ASSUMPTION_V1
USR05085,33,30s,GROWTH,DC_NEGLECT,MOCK,KIRI_2025_20|ASSUMPTION_V1
USR05086,29,20s,STABLE_GROWTH,DC_NEGLECT,MOCK,KIRI_2025_20|ASSUMPTION_V1
USR05087,62,50_plus,CONSERVATIVE,DC_NEGLECT,MOCK,KIRI_2025_20|ASSUMPTION_V1
USR05088,38,30s,GROWTH,DC_NEGLECT,MOCK,KIRI_2025_20|ASSUMPTION_V1
USR05089,64,50_plus,BALANCED,TAX_BENEFIT_IDLE,MOCK,KIRI_2025_20|ASSUMPTION_V1
USR05090,36,30s,GROWTH,OVERLAP_RISK,MOCK,KIRI_2025_20|ASSUMPTION_V1
USR05091,57,50_plus,CONSERVATIVE,OVERLAP_RISK,MOCK,KIRI_2025_20|ASSUMPTION_V1
USR05092,21,20s,BALANCED,TAX_BENEFIT_IDLE,MOCK,KIRI_2025_20|ASSUMPTION_V1
USR05093,54,50_plus,CONSERVATIVE,OVERLAP_RISK,MOCK,KIRI_2025_20|ASSUMPTION_V1
USR05094,63,50_plus,STABLE_GROWTH,OVERLAP_RISK,MOCK,KIRI_2025_20|ASSUMPTION_V1
USR05095,42,40s,BALANCED,DC_NEGLECT,MOCK,KIRI_2025_20|ASSUMPTION_V1
USR05096,48,40s,CONSERVATIVE,DC_NEGLECT,MOCK,KIRI_2025_20|ASSUMPTION_V1
USR05097,50,50_plus,STABLE_GROWTH,TAX_BENEFIT_IDLE,MOCK,KIRI_2025_20|ASSUMPTION_V1
USR05098,40,40s,STABLE_GROWTH,DC_NEGLECT,MOCK,KIRI_2025_20|ASSUMPTION_V1
USR05099,63,50_plus,STABLE_GROWTH,TAX_BENEFIT_IDLE,MOCK,KIRI_2025_20|ASSUMPTION_V1
USR05100,41,40s,BALANCED,DC_NEGLECT,MOCK,KIRI_2025_20|ASSUMPTION_V1
USR05101,28,20s,BALANCED,DC_NEGLECT,MOCK,KIRI_2025_20|ASSUMPTION_V1
USR05102,31,30s,AGGRESSIVE,DC_NEGLECT,MOCK,KIRI_2025_20|ASSUMPTION_V1
USR05103,45,40s,STABLE_GROWTH,OVERLAP_RISK,MOCK,KIRI_2025_20|ASSUMPTION_V1
USR05104,39,30s,BALANCED,OVERLAP_RISK,MOCK,KIRI_2025_20|ASSUMPTION_V1
USR05105,47,40s,BALANCED,TAX_BENEFIT_IDLE,MOCK,KIRI_2025_20|ASSUMPTION_V1
USR05106,52,50_plus,STABLE_GROWTH,TAX_BENEFIT_IDLE,MOCK,KIRI_2025_20|ASSUMPTION_V1
USR05107,63,50_plus,CONSERVATIVE,TAX_BENEFIT_IDLE,MOCK,KIRI_2025_20|ASSUMPTION_V1
USR05108,42,40s,CONSERVATIVE,TAX_BENEFIT_IDLE,MOCK,KIRI_2025_20|ASSUMPTION_V1
USR05109,40,40s,BALANCED,OVERLAP_RISK,MOCK,KIRI_2025_20|ASSUMPTION_V1
USR05110,51,50_plus,STABLE_GROWTH,DC_NEGLECT,MOCK,KIRI_2025_20|ASSUMPTION_V1
USR05111,43,40s,STABLE_GROWTH,TAX_BENEFIT_IDLE,MOCK,KIRI_2025_20|ASSUMPTION_V1
USR05112,20,20s,GROWTH,TAX_BENEFIT_IDLE,MOCK,KIRI_2025_20|ASSUMPTION_V1
USR05113,44,40s,BALANCED,OVERLAP_RISK,MOCK,KIRI_2025_20|ASSUMPTION_V1
USR05114,24,20s,BALANCED,DC_NEGLECT,MOCK,KIRI_2025_20|ASSUMPTION_V1
USR05115,48,40s,STABLE_GROWTH,OVERLAP_RISK,MOCK,KIRI_2025_20|ASSUMPTION_V1
USR05116,56,50_plus,BALANCED,OVERLAP_RISK,MOCK,KIRI_2025_20|ASSUMPTION_V1
USR05117,37,30s,CONSERVATIVE,TAX_BENEFIT_IDLE,MOCK,KIRI_2025_20|ASSUMPTION_V1
USR05118,62,50_plus,CONSERVATIVE,DC_NEGLECT,MOCK,KIRI_2025_20|ASSUMPTION_V1
USR05119,37,30s,CONSERVATIVE,DC_NEGLECT,MOCK,KIRI_2025_20|ASSUMPTION_V1
USR05120,38,30s,STABLE_GROWTH,TAX_BENEFIT_IDLE,MOCK,KIRI_2025_20|ASSUMPTION_V1
USR05121,41,40s,STABLE_GROWTH,TAX_BENEFIT_IDLE,MOCK,KIRI_2025_20|ASSUMPTION_V1
USR05122,21,20s,STABLE_GROWTH,TAX_BENEFIT_IDLE,MOCK,KIRI_2025_20|ASSUMPTION_V1
USR05123,32,30s,AGGRESSIVE,OVERLAP_RISK,MOCK,KIRI_2025_20|ASSUMPTION_V1
USR05124,53,50_plus,STABLE_GROWTH,DC_NEGLECT,MOCK,KIRI_2025_20|ASSUMPTION_V1
USR05125,44,40s,BALANCED,OVERLAP_RISK,MOCK,KIRI_2025_20|ASSUMPTION_V1
USR05126,27,20s,BALANCED,TAX_BENEFIT_IDLE,MOCK,KIRI_2025_20|ASSUMPTION_V1
USR05127,58,50_plus,CONSERVATIVE,DC_NEGLECT,MOCK,KIRI_2025_20|ASSUMPTION_V1
USR05128,55,50_plus,STABLE_GROWTH,DC_NEGLECT,MOCK,KIRI_2025_20|ASSUMPTION_V1
USR05129,36,30s,BALANCED,OVERLAP_RISK,MOCK,KIRI_2025_20|ASSUMPTION_V1
USR05130,42,40s,BALANCED,TAX_BENEFIT_IDLE,MOCK,KIRI_2025_20|ASSUMPTION_V1
USR05131,42,40s,BALANCED,DC_NEGLECT,MOCK,KIRI_2025_20|ASSUMPTION_V1
USR05132,42,40s,BALANCED,DC_NEGLECT,MOCK,KIRI_2025_20|ASSUMPTION_V1
USR05133,31,30s,BALANCED,OVERLAP_RISK,MOCK,KIRI_2025_20|ASSUMPTION_V1
USR05134,64,50_plus,STABLE_GROWTH,TAX_BENEFIT_IDLE,MOCK,KIRI_2025_20|ASSUMPTION_V1
USR05135,21,20s,GROWTH,TAX_BENEFIT_IDLE,MOCK,KIRI_2025_20|ASSUMPTION_V1
USR05136,30,30s,STABLE_GROWTH,DC_NEGLECT,MOCK,KIRI_2025_20|ASSUMPTION_V1
USR05137,52,50_plus,STABLE_GROWTH,OVERLAP_RISK,MOCK,KIRI_2025_20|ASSUMPTION_V1
USR05138,30,30s,GROWTH,DC_NEGLECT,MOCK,KIRI_2025_20|ASSUMPTION_V1
USR05139,43,40s,STABLE_GROWTH,TAX_BENEFIT_IDLE,MOCK,KIRI_2025_20|ASSUMPTION_V1
USR05140,52,50_plus,STABLE_GROWTH,DC_NEGLECT,MOCK,KIRI_2025_20|ASSUMPTION_V1
USR05141,34,30s,STABLE_GROWTH,TAX_BENEFIT_IDLE,MOCK,KIRI_2025_20|ASSUMPTION_V1
USR05142,52,50_plus,CONSERVATIVE,DC_NEGLECT,MOCK,KIRI_2025_20|ASSUMPTION_V1
USR05143,46,40s,GROWTH,DC_NEGLECT,MOCK,KIRI_2025_20|ASSUMPTION_V1
USR05144,51,50_plus,STABLE_GROWTH,TAX_BENEFIT_IDLE,MOCK,KIRI_2025_20|ASSUMPTION_V1
USR05145,43,40s,STABLE_GROWTH,OVERLAP_RISK,MOCK,KIRI_2025_20|ASSUMPTION_V1
USR05146,32,30s,STABLE_GROWTH,DC_NEGLECT,MOCK,KIRI_2025_20|ASSUMPTION_V1
USR05147,35,30s,BALANCED,TAX_BENEFIT_IDLE,MOCK,KIRI_2025_20|ASSUMPTION_V1
USR05148,31,30s,BALANCED,DC_NEGLECT,MOCK,KIRI_2025_20|ASSUMPTION_V1
USR05149,40,40s,STABLE_GROWTH,DC_NEGLECT,MOCK,KIRI_2025_20|ASSUMPTION_V1
USR05150,38,30s,CONSERVATIVE,TAX_BENEFIT_IDLE,MOCK,KIRI_2025_20|ASSUMPTION_V1
USR05151,20,20s,GROWTH,DC_NEGLECT,MOCK,KIRI_2025_20|ASSUMPTION_V1
USR05152,48,40s,STABLE_GROWTH,DC_NEGLECT,MOCK,KIRI_2025_20|ASSUMPTION_V1
USR05153,64,50_plus,STABLE_GROWTH,DC_NEGLECT,MOCK,KIRI_2025_20|ASSUMPTION_V1
USR05154,49,40s,STABLE_GROWTH,OVERLAP_RISK,MOCK,KIRI_2025_20|ASSUMPTION_V1
USR05155,24,20s,GROWTH,TAX_BENEFIT_IDLE,MOCK,KIRI_2025_20|ASSUMPTION_V1
USR05156,49,40s,BALANCED,TAX_BENEFIT_IDLE,MOCK,KIRI_2025_20|ASSUMPTION_V1
USR05157,39,30s,STABLE_GROWTH,OVERLAP_RISK,MOCK,KIRI_2025_20|ASSUMPTION_V1
USR05158,63,50_plus,STABLE_GROWTH,DC_NEGLECT,MOCK,KIRI_2025_20|ASSUMPTION_V1
USR05159,44,40s,STABLE_GROWTH,TAX_BENEFIT_IDLE,MOCK,KIRI_2025_20|ASSUMPTION_V1
USR05160,32,30s,STABLE_GROWTH,OVERLAP_RISK,MOCK,KIRI_2025_20|ASSUMPTION_V1
USR05161,38,30s,BALANCED,DC_NEGLECT,MOCK,KIRI_2025_20|ASSUMPTION_V1
USR05162,61,50_plus,BALANCED,TAX_BENEFIT_IDLE,MOCK,KIRI_2025_20|ASSUMPTION_V1
USR05163,43,40s,CONSERVATIVE,TAX_BENEFIT_IDLE,MOCK,KIRI_2025_20|ASSUMPTION_V1
USR05164,44,40s,GROWTH,TAX_BENEFIT_IDLE,MOCK,KIRI_2025_20|ASSUMPTION_V1
USR05165,61,50_plus,CONSERVATIVE,TAX_BENEFIT_IDLE,MOCK,KIRI_2025_20|ASSUMPTION_V1
USR05166,35,30s,BALANCED,OVERLAP_RISK,MOCK,KIRI_2025_20|ASSUMPTION_V1
USR05167,45,40s,STABLE_GROWTH,TAX_BENEFIT_IDLE,MOCK,KIRI_2025_20|ASSUMPTION_V1
USR05168,47,40s,GROWTH,TAX_BENEFIT_IDLE,MOCK,KIRI_2025_20|ASSUMPTION_V1
USR05169,39,30s,CONSERVATIVE,DC_NEGLECT,MOCK,KIRI_2025_20|ASSUMPTION_V1
USR05170,31,30s,BALANCED,OVERLAP_RISK,MOCK,KIRI_2025_20|ASSUMPTION_V1
USR05171,22,20s,AGGRESSIVE,TAX_BENEFIT_IDLE,MOCK,KIRI_2025_20|ASSUMPTION_V1
USR05172,44,40s,GROWTH,OVERLAP_RISK,MOCK,KIRI_2025_20|ASSUMPTION_V1
USR05173,32,30s,CONSERVATIVE,DC_NEGLECT,MOCK,KIRI_2025_20|ASSUMPTION_V1
USR05174,34,30s,STABLE_GROWTH,OVERLAP_RISK,MOCK,KIRI_2025_20|ASSUMPTION_V1
USR05175,57,50_plus,GROWTH,OVERLAP_RISK,MOCK,KIRI_2025_20|ASSUMPTION_V1
USR05176,42,40s,BALANCED,DC_NEGLECT,MOCK,KIRI_2025_20|ASSUMPTION_V1
USR05177,34,30s,GROWTH,DC_NEGLECT,MOCK,KIRI_2025_20|ASSUMPTION_V1
USR05178,37,30s,BALANCED,DC_NEGLECT,MOCK,KIRI_2025_20|ASSUMPTION_V1
USR05179,40,40s,BALANCED,DC_NEGLECT,MOCK,KIRI_2025_20|ASSUMPTION_V1
USR05180,33,30s,STABLE_GROWTH,DC_NEGLECT,MOCK,KIRI_2025_20|ASSUMPTION_V1
USR05181,28,20s,CONSERVATIVE,DC_NEGLECT,MOCK,KIRI_2025_20|ASSUMPTION_V1
USR05182,60,50_plus,CONSERVATIVE,TAX_BENEFIT_IDLE,MOCK,KIRI_2025_20|ASSUMPTION_V1
USR05183,43,40s,BALANCED,DC_NEGLECT,MOCK,KIRI_2025_20|ASSUMPTION_V1
USR05184,56,50_plus,CONSERVATIVE,OVERLAP_RISK,MOCK,KIRI_2025_20|ASSUMPTION_V1
USR05185,41,40s,BALANCED,OVERLAP_RISK,MOCK,KIRI_2025_20|ASSUMPTION_V1
USR05186,44,40s,BALANCED,DC_NEGLECT,MOCK,KIRI_2025_20|ASSUMPTION_V1
USR05187,41,40s,STABLE_GROWTH,OVERLAP_RISK,MOCK,KIRI_2025_20|ASSUMPTION_V1
USR05188,25,20s,BALANCED,TAX_BENEFIT_IDLE,MOCK,KIRI_2025_20|ASSUMPTION_V1
USR05189,42,40s,BALANCED,OVERLAP_RISK,MOCK,KIRI_2025_20|ASSUMPTION_V1
USR05190,54,50_plus,STABLE_GROWTH,TAX_BENEFIT_IDLE,MOCK,KIRI_2025_20|ASSUMPTION_V1
USR05191,37,30s,CONSERVATIVE,DC_NEGLECT,MOCK,KIRI_2025_20|ASSUMPTION_V1
USR05192,44,40s,STABLE_GROWTH,DC_NEGLECT,MOCK,KIRI_2025_20|ASSUMPTION_V1
USR05193,58,50_plus,CONSERVATIVE,DC_NEGLECT,MOCK,KIRI_2025_20|ASSUMPTION_V1
USR05194,36,30s,GROWTH,TAX_BENEFIT_IDLE,MOCK,KIRI_2025_20|ASSUMPTION_V1
USR05195,44,40s,GROWTH,TAX_BENEFIT_IDLE,MOCK,KIRI_2025_20|ASSUMPTION_V1
USR05196,28,20s,AGGRESSIVE,OVERLAP_RISK,MOCK,KIRI_2025_20|ASSUMPTION_V1
USR05197,45,40s,CONSERVATIVE,OVERLAP_RISK,MOCK,KIRI_2025_20|ASSUMPTION_V1
USR05198,34,30s,CONSERVATIVE,OVERLAP_RISK,MOCK,KIRI_2025_20|ASSUMPTION_V1
USR05199,58,50_plus,BALANCED,OVERLAP_RISK,MOCK,KIRI_2025_20|ASSUMPTION_V1
USR05200,38,30s,BALANCED,OVERLAP_RISK,MOCK,KIRI_2025_20|ASSUMPTION_V1
USR05201,58,50_plus,BALANCED,OVERLAP_RISK,MOCK,KIRI_2025_20|ASSUMPTION_V1
USR05202,26,20s,STABLE_GROWTH,TAX_BENEFIT_IDLE,MOCK,KIRI_2025_20|ASSUMPTION_V1
USR05203,33,30s,STABLE_GROWTH,DC_NEGLECT,MOCK,KIRI_2025_20|ASSUMPTION_V1
USR05204,41,40s,BALANCED,TAX_BENEFIT_IDLE,MOCK,KIRI_2025_20|ASSUMPTION_V1
USR05205,42,40s,BALANCED,DC_NEGLECT,MOCK,KIRI_2025_20|ASSUMPTION_V1
USR05206,43,40s,BALANCED,TAX_BENEFIT_IDLE,MOCK,KIRI_2025_20|ASSUMPTION_V1
USR05207,40,40s,STABLE_GROWTH,OVERLAP_RISK,MOCK,KIRI_2025_20|ASSUMPTION_V1
USR05208,53,50_plus,STABLE_GROWTH,TAX_BENEFIT_IDLE,MOCK,KIRI_2025_20|ASSUMPTION_V1
USR05209,31,30s,BALANCED,OVERLAP_RISK,MOCK,KIRI_2025_20|ASSUMPTION_V1
USR05210,59,50_plus,STABLE_GROWTH,TAX_BENEFIT_IDLE,MOCK,KIRI_2025_20|ASSUMPTION_V1
USR05211,40,40s,BALANCED,OVERLAP_RISK,MOCK,KIRI_2025_20|ASSUMPTION_V1
USR05212,41,40s,STABLE_GROWTH,TAX_BENEFIT_IDLE,MOCK,KIRI_2025_20|ASSUMPTION_V1
USR05213,44,40s,BALANCED,OVERLAP_RISK,MOCK,KIRI_2025_20|ASSUMPTION_V1
USR05214,37,30s,BALANCED,DC_NEGLECT,MOCK,KIRI_2025_20|ASSUMPTION_V1
USR05215,63,50_plus,BALANCED,OVERLAP_RISK,MOCK,KIRI_2025_20|ASSUMPTION_V1
USR05216,64,50_plus,CONSERVATIVE,OVERLAP_RISK,MOCK,KIRI_2025_20|ASSUMPTION_V1
USR05217,47,40s,BALANCED,DC_NEGLECT,MOCK,KIRI_2025_20|ASSUMPTION_V1
USR05218,34,30s,GROWTH,OVERLAP_RISK,MOCK,KIRI_2025_20|ASSUMPTION_V1
USR05219,37,30s,BALANCED,DC_NEGLECT,MOCK,KIRI_2025_20|ASSUMPTION_V1
USR05220,43,40s,GROWTH,DC_NEGLECT,MOCK,KIRI_2025_20|ASSUMPTION_V1
USR05221,48,40s,CONSERVATIVE,DC_NEGLECT,MOCK,KIRI_2025_20|ASSUMPTION_V1
USR05222,45,40s,BALANCED,OVERLAP_RISK,MOCK,KIRI_2025_20|ASSUMPTION_V1
USR05223,44,40s,CONSERVATIVE,TAX_BENEFIT_IDLE,MOCK,KIRI_2025_20|ASSUMPTION_V1
USR05224,42,40s,BALANCED,DC_NEGLECT,MOCK,KIRI_2025_20|ASSUMPTION_V1
USR05225,41,40s,CONSERVATIVE,DC_NEGLECT,MOCK,KIRI_2025_20|ASSUMPTION_V1
USR05226,49,40s,CONSERVATIVE,DC_NEGLECT,MOCK,KIRI_2025_20|ASSUMPTION_V1
USR05227,31,30s,CONSERVATIVE,DC_NEGLECT,MOCK,KIRI_2025_20|ASSUMPTION_V1
USR05228,33,30s,CONSERVATIVE,DC_NEGLECT,MOCK,KIRI_2025_20|ASSUMPTION_V1
USR05229,41,40s,STABLE_GROWTH,OVERLAP_RISK,MOCK,KIRI_2025_20|ASSUMPTION_V1
USR05230,32,30s,STABLE_GROWTH,OVERLAP_RISK,MOCK,KIRI_2025_20|ASSUMPTION_V1
USR05231,30,30s,BALANCED,TAX_BENEFIT_IDLE,MOCK,KIRI_2025_20|ASSUMPTION_V1
USR05232,51,50_plus,CONSERVATIVE,TAX_BENEFIT_IDLE,MOCK,KIRI_2025_20|ASSUMPTION_V1
USR05233,49,40s,GROWTH,DC_NEGLECT,MOCK,KIRI_2025_20|ASSUMPTION_V1
USR05234,46,40s,STABLE_GROWTH,DC_NEGLECT,MOCK,KIRI_2025_20|ASSUMPTION_V1
USR05235,42,40s,STABLE_GROWTH,OVERLAP_RISK,MOCK,KIRI_2025_20|ASSUMPTION_V1
USR05236,52,50_plus,CONSERVATIVE,TAX_BENEFIT_IDLE,MOCK,KIRI_2025_20|ASSUMPTION_V1
USR05237,37,30s,GROWTH,TAX_BENEFIT_IDLE,MOCK,KIRI_2025_20|ASSUMPTION_V1
USR05238,57,50_plus,GROWTH,OVERLAP_RISK,MOCK,KIRI_2025_20|ASSUMPTION_V1
USR05239,21,20s,STABLE_GROWTH,DC_NEGLECT,MOCK,KIRI_2025_20|ASSUMPTION_V1
USR05240,34,30s,BALANCED,OVERLAP_RISK,MOCK,KIRI_2025_20|ASSUMPTION_V1
USR05241,53,50_plus,BALANCED,TAX_BENEFIT_IDLE,MOCK,KIRI_2025_20|ASSUMPTION_V1
USR05242,45,40s,BALANCED,DC_NEGLECT,MOCK,KIRI_2025_20|ASSUMPTION_V1
USR05243,43,40s,BALANCED,DC_NEGLECT,MOCK,KIRI_2025_20|ASSUMPTION_V1
USR05244,36,30s,GROWTH,OVERLAP_RISK,MOCK,KIRI_2025_20|ASSUMPTION_V1
USR05245,32,30s,AGGRESSIVE,OVERLAP_RISK,MOCK,KIRI_2025_20|ASSUMPTION_V1
USR05246,33,30s,BALANCED,DC_NEGLECT,MOCK,KIRI_2025_20|ASSUMPTION_V1
USR05247,31,30s,STABLE_GROWTH,DC_NEGLECT,MOCK,KIRI_2025_20|ASSUMPTION_V1
USR05248,31,30s,STABLE_GROWTH,TAX_BENEFIT_IDLE,MOCK,KIRI_2025_20|ASSUMPTION_V1
USR05249,33,30s,GROWTH,DC_NEGLECT,MOCK,KIRI_2025_20|ASSUMPTION_V1
USR05250,37,30s,AGGRESSIVE,DC_NEGLECT,MOCK,KIRI_2025_20|ASSUMPTION_V1
USR05251,36,30s,CONSERVATIVE,DC_NEGLECT,MOCK,KIRI_2025_20|ASSUMPTION_V1
USR05252,54,50_plus,CONSERVATIVE,TAX_BENEFIT_IDLE,MOCK,KIRI_2025_20|ASSUMPTION_V1
USR05253,32,30s,STABLE_GROWTH,DC_NEGLECT,MOCK,KIRI_2025_20|ASSUMPTION_V1
USR05254,57,50_plus,CONSERVATIVE,TAX_BENEFIT_IDLE,MOCK,KIRI_2025_20|ASSUMPTION_V1
USR05255,38,30s,BALANCED,TAX_BENEFIT_IDLE,MOCK,KIRI_2025_20|ASSUMPTION_V1
USR05256,43,40s,BALANCED,DC_NEGLECT,MOCK,KIRI_2025_20|ASSUMPTION_V1
USR05257,52,50_plus,BALANCED,DC_NEGLECT,MOCK,KIRI_2025_20|ASSUMPTION_V1
USR05258,38,30s,BALANCED,TAX_BENEFIT_IDLE,MOCK,KIRI_2025_20|ASSUMPTION_V1
USR05259,43,40s,AGGRESSIVE,TAX_BENEFIT_IDLE,MOCK,KIRI_2025_20|ASSUMPTION_V1
USR05260,46,40s,CONSERVATIVE,DC_NEGLECT,MOCK,KIRI_2025_20|ASSUMPTION_V1
USR05261,49,40s,GROWTH,DC_NEGLECT,MOCK,KIRI_2025_20|ASSUMPTION_V1
USR05262,48,40s,GROWTH,TAX_BENEFIT_IDLE,MOCK,KIRI_2025_20|ASSUMPTION_V1
USR05263,41,40s,STABLE_GROWTH,OVERLAP_RISK,MOCK,KIRI_2025_20|ASSUMPTION_V1
USR05264,57,50_plus,STABLE_GROWTH,OVERLAP_RISK,MOCK,KIRI_2025_20|ASSUMPTION_V1
USR05265,20,20s,STABLE_GROWTH,OVERLAP_RISK,MOCK,KIRI_2025_20|ASSUMPTION_V1
USR05266,49,40s,STABLE_GROWTH,DC_NEGLECT,MOCK,KIRI_2025_20|ASSUMPTION_V1
USR05267,34,30s,GROWTH,OVERLAP_RISK,MOCK,KIRI_2025_20|ASSUMPTION_V1
USR05268,29,20s,STABLE_GROWTH,OVERLAP_RISK,MOCK,KIRI_2025_20|ASSUMPTION_V1
USR05269,54,50_plus,GROWTH,OVERLAP_RISK,MOCK,KIRI_2025_20|ASSUMPTION_V1
USR05270,41,40s,GROWTH,DC_NEGLECT,MOCK,KIRI_2025_20|ASSUMPTION_V1
USR05271,59,50_plus,CONSERVATIVE,DC_NEGLECT,MOCK,KIRI_2025_20|ASSUMPTION_V1
USR05272,33,30s,STABLE_GROWTH,TAX_BENEFIT_IDLE,MOCK,KIRI_2025_20|ASSUMPTION_V1
USR05273,46,40s,BALANCED,DC_NEGLECT,MOCK,KIRI_2025_20|ASSUMPTION_V1
USR05274,43,40s,BALANCED,TAX_BENEFIT_IDLE,MOCK,KIRI_2025_20|ASSUMPTION_V1
USR05275,48,40s,STABLE_GROWTH,OVERLAP_RISK,MOCK,KIRI_2025_20|ASSUMPTION_V1
USR05276,30,30s,GROWTH,OVERLAP_RISK,MOCK,KIRI_2025_20|ASSUMPTION_V1
USR05277,62,50_plus,STABLE_GROWTH,DC_NEGLECT,MOCK,KIRI_2025_20|ASSUMPTION_V1
USR05278,38,30s,STABLE_GROWTH,TAX_BENEFIT_IDLE,MOCK,KIRI_2025_20|ASSUMPTION_V1
USR05279,25,20s,AGGRESSIVE,TAX_BENEFIT_IDLE,MOCK,KIRI_2025_20|ASSUMPTION_V1
USR05280,41,40s,BALANCED,DC_NEGLECT,MOCK,KIRI_2025_20|ASSUMPTION_V1
USR05281,23,20s,BALANCED,OVERLAP_RISK,MOCK,KIRI_2025_20|ASSUMPTION_V1
USR05282,39,30s,AGGRESSIVE,TAX_BENEFIT_IDLE,MOCK,KIRI_2025_20|ASSUMPTION_V1
USR05283,41,40s,STABLE_GROWTH,DC_NEGLECT,MOCK,KIRI_2025_20|ASSUMPTION_V1
USR05284,32,30s,AGGRESSIVE,TAX_BENEFIT_IDLE,MOCK,KIRI_2025_20|ASSUMPTION_V1
USR05285,42,40s,GROWTH,DC_NEGLECT,MOCK,KIRI_2025_20|ASSUMPTION_V1
USR05286,47,40s,GROWTH,TAX_BENEFIT_IDLE,MOCK,KIRI_2025_20|ASSUMPTION_V1
USR05287,48,40s,BALANCED,DC_NEGLECT,MOCK,KIRI_2025_20|ASSUMPTION_V1
USR05288,45,40s,GROWTH,TAX_BENEFIT_IDLE,MOCK,KIRI_2025_20|ASSUMPTION_V1
USR05289,63,50_plus,BALANCED,DC_NEGLECT,MOCK,KIRI_2025_20|ASSUMPTION_V1
USR05290,55,50_plus,CONSERVATIVE,DC_NEGLECT,MOCK,KIRI_2025_20|ASSUMPTION_V1
USR05291,31,30s,GROWTH,DC_NEGLECT,MOCK,KIRI_2025_20|ASSUMPTION_V1
USR05292,41,40s,BALANCED,DC_NEGLECT,MOCK,KIRI_2025_20|ASSUMPTION_V1
USR05293,60,50_plus,GROWTH,OVERLAP_RISK,MOCK,KIRI_2025_20|ASSUMPTION_V1
USR05294,43,40s,GROWTH,TAX_BENEFIT_IDLE,MOCK,KIRI_2025_20|ASSUMPTION_V1
USR05295,31,30s,AGGRESSIVE,TAX_BENEFIT_IDLE,MOCK,KIRI_2025_20|ASSUMPTION_V1
USR05296,48,40s,CONSERVATIVE,TAX_BENEFIT_IDLE,MOCK,KIRI_2025_20|ASSUMPTION_V1
USR05297,60,50_plus,CONSERVATIVE,OVERLAP_RISK,MOCK,KIRI_2025_20|ASSUMPTION_V1
USR05298,44,40s,BALANCED,OVERLAP_RISK,MOCK,KIRI_2025_20|ASSUMPTION_V1
USR05299,36,30s,BALANCED,DC_NEGLECT,MOCK,KIRI_2025_20|ASSUMPTION_V1
USR05300,56,50_plus,STABLE_GROWTH,TAX_BENEFIT_IDLE,MOCK,KIRI_2025_20|ASSUMPTION_V1
USR05301,41,40s,STABLE_GROWTH,OVERLAP_RISK,MOCK,KIRI_2025_20|ASSUMPTION_V1
USR05302,38,30s,BALANCED,DC_NEGLECT,MOCK,KIRI_2025_20|ASSUMPTION_V1
USR05303,56,50_plus,STABLE_GROWTH,DC_NEGLECT,MOCK,KIRI_2025_20|ASSUMPTION_V1
USR05304,26,20s,AGGRESSIVE,TAX_BENEFIT_IDLE,MOCK,KIRI_2025_20|ASSUMPTION_V1
USR05305,36,30s,BALANCED,DC_NEGLECT,MOCK,KIRI_2025_20|ASSUMPTION_V1
USR05306,47,40s,GROWTH,DC_NEGLECT,MOCK,KIRI_2025_20|ASSUMPTION_V1
USR05307,47,40s,STABLE_GROWTH,TAX_BENEFIT_IDLE,MOCK,KIRI_2025_20|ASSUMPTION_V1
USR05308,46,40s,STABLE_GROWTH,DC_NEGLECT,MOCK,KIRI_2025_20|ASSUMPTION_V1
USR05309,64,50_plus,CONSERVATIVE,DC_NEGLECT,MOCK,KIRI_2025_20|ASSUMPTION_V1
USR05310,36,30s,BALANCED,OVERLAP_RISK,MOCK,KIRI_2025_20|ASSUMPTION_V1
USR05311,38,30s,BALANCED,DC_NEGLECT,MOCK,KIRI_2025_20|ASSUMPTION_V1
USR05312,56,50_plus,STABLE_GROWTH,DC_NEGLECT,MOCK,KIRI_2025_20|ASSUMPTION_V1
USR05313,48,40s,BALANCED,DC_NEGLECT,MOCK,KIRI_2025_20|ASSUMPTION_V1
USR05314,46,40s,STABLE_GROWTH,DC_NEGLECT,MOCK,KIRI_2025_20|ASSUMPTION_V1
USR05315,54,50_plus,CONSERVATIVE,DC_NEGLECT,MOCK,KIRI_2025_20|ASSUMPTION_V1
USR05316,55,50_plus,STABLE_GROWTH,TAX_BENEFIT_IDLE,MOCK,KIRI_2025_20|ASSUMPTION_V1
USR05317,38,30s,GROWTH,DC_NEGLECT,MOCK,KIRI_2025_20|ASSUMPTION_V1
USR05318,34,30s,GROWTH,TAX_BENEFIT_IDLE,MOCK,KIRI_2025_20|ASSUMPTION_V1
USR05319,24,20s,GROWTH,DC_NEGLECT,MOCK,KIRI_2025_20|ASSUMPTION_V1
USR05320,20,20s,CONSERVATIVE,OVERLAP_RISK,MOCK,KIRI_2025_20|ASSUMPTION_V1
USR05321,23,20s,STABLE_GROWTH,DC_NEGLECT,MOCK,KIRI_2025_20|ASSUMPTION_V1
USR05322,62,50_plus,CONSERVATIVE,DC_NEGLECT,MOCK,KIRI_2025_20|ASSUMPTION_V1
USR05323,59,50_plus,STABLE_GROWTH,OVERLAP_RISK,MOCK,KIRI_2025_20|ASSUMPTION_V1
USR05324,51,50_plus,BALANCED,DC_NEGLECT,MOCK,KIRI_2025_20|ASSUMPTION_V1
USR05325,37,30s,STABLE_GROWTH,DC_NEGLECT,MOCK,KIRI_2025_20|ASSUMPTION_V1
USR05326,43,40s,BALANCED,OVERLAP_RISK,MOCK,KIRI_2025_20|ASSUMPTION_V1
USR05327,61,50_plus,BALANCED,TAX_BENEFIT_IDLE,MOCK,KIRI_2025_20|ASSUMPTION_V1
USR05328,36,30s,CONSERVATIVE,DC_NEGLECT,MOCK,KIRI_2025_20|ASSUMPTION_V1
USR05329,36,30s,GROWTH,OVERLAP_RISK,MOCK,KIRI_2025_20|ASSUMPTION_V1
USR05330,64,50_plus,CONSERVATIVE,OVERLAP_RISK,MOCK,KIRI_2025_20|ASSUMPTION_V1
USR05331,41,40s,GROWTH,OVERLAP_RISK,MOCK,KIRI_2025_20|ASSUMPTION_V1
USR05332,43,40s,BALANCED,OVERLAP_RISK,MOCK,KIRI_2025_20|ASSUMPTION_V1
USR05333,61,50_plus,STABLE_GROWTH,DC_NEGLECT,MOCK,KIRI_2025_20|ASSUMPTION_V1
USR05334,24,20s,STABLE_GROWTH,DC_NEGLECT,MOCK,KIRI_2025_20|ASSUMPTION_V1
USR05335,34,30s,BALANCED,DC_NEGLECT,MOCK,KIRI_2025_20|ASSUMPTION_V1
USR05336,25,20s,CONSERVATIVE,DC_NEGLECT,MOCK,KIRI_2025_20|ASSUMPTION_V1
USR05337,47,40s,GROWTH,OVERLAP_RISK,MOCK,KIRI_2025_20|ASSUMPTION_V1
USR05338,30,30s,GROWTH,OVERLAP_RISK,MOCK,KIRI_2025_20|ASSUMPTION_V1
USR05339,64,50_plus,BALANCED,OVERLAP_RISK,MOCK,KIRI_2025_20|ASSUMPTION_V1
USR05340,37,30s,CONSERVATIVE,OVERLAP_RISK,MOCK,KIRI_2025_20|ASSUMPTION_V1
USR05341,54,50_plus,GROWTH,DC_NEGLECT,MOCK,KIRI_2025_20|ASSUMPTION_V1
USR05342,49,40s,GROWTH,DC_NEGLECT,MOCK,KIRI_2025_20|ASSUMPTION_V1
USR05343,63,50_plus,CONSERVATIVE,DC_NEGLECT,MOCK,KIRI_2025_20|ASSUMPTION_V1
USR05344,43,40s,GROWTH,TAX_BENEFIT_IDLE,MOCK,KIRI_2025_20|ASSUMPTION_V1
USR05345,21,20s,BALANCED,TAX_BENEFIT_IDLE,MOCK,KIRI_2025_20|ASSUMPTION_V1
USR05346,63,50_plus,STABLE_GROWTH,OVERLAP_RISK,MOCK,KIRI_2025_20|ASSUMPTION_V1
USR05347,48,40s,CONSERVATIVE,DC_NEGLECT,MOCK,KIRI_2025_20|ASSUMPTION_V1
USR05348,59,50_plus,STABLE_GROWTH,TAX_BENEFIT_IDLE,MOCK,KIRI_2025_20|ASSUMPTION_V1
USR05349,30,30s,BALANCED,DC_NEGLECT,MOCK,KIRI_2025_20|ASSUMPTION_V1
USR05350,20,20s,GROWTH,OVERLAP_RISK,MOCK,KIRI_2025_20|ASSUMPTION_V1
USR05351,46,40s,BALANCED,OVERLAP_RISK,MOCK,KIRI_2025_20|ASSUMPTION_V1
USR05352,36,30s,GROWTH,TAX_BENEFIT_IDLE,MOCK,KIRI_2025_20|ASSUMPTION_V1
USR05353,26,20s,BALANCED,OVERLAP_RISK,MOCK,KIRI_2025_20|ASSUMPTION_V1
USR05354,39,30s,CONSERVATIVE,OVERLAP_RISK,MOCK,KIRI_2025_20|ASSUMPTION_V1
USR05355,34,30s,STABLE_GROWTH,OVERLAP_RISK,MOCK,KIRI_2025_20|ASSUMPTION_V1
USR05356,49,40s,STABLE_GROWTH,DC_NEGLECT,MOCK,KIRI_2025_20|ASSUMPTION_V1
USR05357,55,50_plus,CONSERVATIVE,TAX_BENEFIT_IDLE,MOCK,KIRI_2025_20|ASSUMPTION_V1
USR05358,44,40s,CONSERVATIVE,DC_NEGLECT,MOCK,KIRI_2025_20|ASSUMPTION_V1
USR05359,41,40s,STABLE_GROWTH,DC_NEGLECT,MOCK,KIRI_2025_20|ASSUMPTION_V1
USR05360,50,50_plus,STABLE_GROWTH,TAX_BENEFIT_IDLE,MOCK,KIRI_2025_20|ASSUMPTION_V1
USR05361,63,50_plus,BALANCED,DC_NEGLECT,MOCK,KIRI_2025_20|ASSUMPTION_V1
USR05362,55,50_plus,STABLE_GROWTH,OVERLAP_RISK,MOCK,KIRI_2025_20|ASSUMPTION_V1
USR05363,48,40s,STABLE_GROWTH,TAX_BENEFIT_IDLE,MOCK,KIRI_2025_20|ASSUMPTION_V1
USR05364,61,50_plus,STABLE_GROWTH,TAX_BENEFIT_IDLE,MOCK,KIRI_2025_20|ASSUMPTION_V1
USR05365,44,40s,BALANCED,TAX_BENEFIT_IDLE,MOCK,KIRI_2025_20|ASSUMPTION_V1
USR05366,48,40s,BALANCED,OVERLAP_RISK,MOCK,KIRI_2025_20|ASSUMPTION_V1
USR05367,53,50_plus,STABLE_GROWTH,TAX_BENEFIT_IDLE,MOCK,KIRI_2025_20|ASSUMPTION_V1
USR05368,38,30s,BALANCED,DC_NEGLECT,MOCK,KIRI_2025_20|ASSUMPTION_V1
USR05369,60,50_plus,AGGRESSIVE,DC_NEGLECT,MOCK,KIRI_2025_20|ASSUMPTION_V1
USR05370,48,40s,BALANCED,DC_NEGLECT,MOCK,KIRI_2025_20|ASSUMPTION_V1
USR05371,44,40s,BALANCED,OVERLAP_RISK,MOCK,KIRI_2025_20|ASSUMPTION_V1
USR05372,51,50_plus,STABLE_GROWTH,TAX_BENEFIT_IDLE,MOCK,KIRI_2025_20|ASSUMPTION_V1
USR05373,43,40s,STABLE_GROWTH,TAX_BENEFIT_IDLE,MOCK,KIRI_2025_20|ASSUMPTION_V1
USR05374,47,40s,CONSERVATIVE,TAX_BENEFIT_IDLE,MOCK,KIRI_2025_20|ASSUMPTION_V1
USR05375,44,40s,BALANCED,OVERLAP_RISK,MOCK,KIRI_2025_20|ASSUMPTION_V1
USR05376,61,50_plus,STABLE_GROWTH,OVERLAP_RISK,MOCK,KIRI_2025_20|ASSUMPTION_V1
USR05377,38,30s,BALANCED,TAX_BENEFIT_IDLE,MOCK,KIRI_2025_20|ASSUMPTION_V1
USR05378,64,50_plus,STABLE_GROWTH,TAX_BENEFIT_IDLE,MOCK,KIRI_2025_20|ASSUMPTION_V1
USR05379,48,40s,STABLE_GROWTH,TAX_BENEFIT_IDLE,MOCK,KIRI_2025_20|ASSUMPTION_V1
USR05380,52,50_plus,STABLE_GROWTH,TAX_BENEFIT_IDLE,MOCK,KIRI_2025_20|ASSUMPTION_V1
USR05381,52,50_plus,BALANCED,TAX_BENEFIT_IDLE,MOCK,KIRI_2025_20|ASSUMPTION_V1
USR05382,50,50_plus,BALANCED,OVERLAP_RISK,MOCK,KIRI_2025_20|ASSUMPTION_V1
USR05383,60,50_plus,STABLE_GROWTH,TAX_BENEFIT_IDLE,MOCK,KIRI_2025_20|ASSUMPTION_V1
USR05384,64,50_plus,CONSERVATIVE,OVERLAP_RISK,MOCK,KIRI_2025_20|ASSUMPTION_V1
USR05385,43,40s,CONSERVATIVE,OVERLAP_RISK,MOCK,KIRI_2025_20|ASSUMPTION_V1
USR05386,50,50_plus,BALANCED,DC_NEGLECT,MOCK,KIRI_2025_20|ASSUMPTION_V1
USR05387,43,40s,BALANCED,DC_NEGLECT,MOCK,KIRI_2025_20|ASSUMPTION_V1
USR05388,46,40s,STABLE_GROWTH,OVERLAP_RISK,MOCK,KIRI_2025_20|ASSUMPTION_V1
USR05389,31,30s,BALANCED,DC_NEGLECT,MOCK,KIRI_2025_20|ASSUMPTION_V1
USR05390,37,30s,BALANCED,TAX_BENEFIT_IDLE,MOCK,KIRI_2025_20|ASSUMPTION_V1
USR05391,57,50_plus,STABLE_GROWTH,OVERLAP_RISK,MOCK,KIRI_2025_20|ASSUMPTION_V1
USR05392,63,50_plus,BALANCED,TAX_BENEFIT_IDLE,MOCK,KIRI_2025_20|ASSUMPTION_V1
USR05393,49,40s,GROWTH,DC_NEGLECT,MOCK,KIRI_2025_20|ASSUMPTION_V1
USR05394,36,30s,BALANCED,TAX_BENEFIT_IDLE,MOCK,KIRI_2025_20|ASSUMPTION_V1
USR05395,49,40s,CONSERVATIVE,DC_NEGLECT,MOCK,KIRI_2025_20|ASSUMPTION_V1
USR05396,41,40s,CONSERVATIVE,DC_NEGLECT,MOCK,KIRI_2025_20|ASSUMPTION_V1
USR05397,43,40s,STABLE_GROWTH,OVERLAP_RISK,MOCK,KIRI_2025_20|ASSUMPTION_V1
USR05398,42,40s,STABLE_GROWTH,OVERLAP_RISK,MOCK,KIRI_2025_20|ASSUMPTION_V1
USR05399,24,20s,BALANCED,TAX_BENEFIT_IDLE,MOCK,KIRI_2025_20|ASSUMPTION_V1
USR05400,60,50_plus,STABLE_GROWTH,OVERLAP_RISK,MOCK,KIRI_2025_20|ASSUMPTION_V1
USR05401,47,40s,BALANCED,DC_NEGLECT,MOCK,KIRI_2025_20|ASSUMPTION_V1
USR05402,49,40s,STABLE_GROWTH,DC_NEGLECT,MOCK,KIRI_2025_20|ASSUMPTION_V1
USR05403,31,30s,BALANCED,OVERLAP_RISK,MOCK,KIRI_2025_20|ASSUMPTION_V1
USR05404,42,40s,STABLE_GROWTH,TAX_BENEFIT_IDLE,MOCK,KIRI_2025_20|ASSUMPTION_V1
USR05405,62,50_plus,STABLE_GROWTH,OVERLAP_RISK,MOCK,KIRI_2025_20|ASSUMPTION_V1
USR05406,46,40s,CONSERVATIVE,OVERLAP_RISK,MOCK,KIRI_2025_20|ASSUMPTION_V1
USR05407,63,50_plus,AGGRESSIVE,OVERLAP_RISK,MOCK,KIRI_2025_20|ASSUMPTION_V1
USR05408,55,50_plus,STABLE_GROWTH,TAX_BENEFIT_IDLE,MOCK,KIRI_2025_20|ASSUMPTION_V1
USR05409,59,50_plus,STABLE_GROWTH,DC_NEGLECT,MOCK,KIRI_2025_20|ASSUMPTION_V1
USR05410,48,40s,STABLE_GROWTH,TAX_BENEFIT_IDLE,MOCK,KIRI_2025_20|ASSUMPTION_V1
USR05411,52,50_plus,BALANCED,OVERLAP_RISK,MOCK,KIRI_2025_20|ASSUMPTION_V1
USR05412,24,20s,BALANCED,DC_NEGLECT,MOCK,KIRI_2025_20|ASSUMPTION_V1
USR05413,35,30s,GROWTH,OVERLAP_RISK,MOCK,KIRI_2025_20|ASSUMPTION_V1
USR05414,53,50_plus,GROWTH,OVERLAP_RISK,MOCK,KIRI_2025_20|ASSUMPTION_V1
USR05415,29,20s,STABLE_GROWTH,TAX_BENEFIT_IDLE,MOCK,KIRI_2025_20|ASSUMPTION_V1
USR05416,62,50_plus,BALANCED,DC_NEGLECT,MOCK,KIRI_2025_20|ASSUMPTION_V1
USR05417,36,30s,BALANCED,OVERLAP_RISK,MOCK,KIRI_2025_20|ASSUMPTION_V1
USR05418,38,30s,GROWTH,OVERLAP_RISK,MOCK,KIRI_2025_20|ASSUMPTION_V1
USR05419,57,50_plus,AGGRESSIVE,DC_NEGLECT,MOCK,KIRI_2025_20|ASSUMPTION_V1
USR05420,24,20s,BALANCED,TAX_BENEFIT_IDLE,MOCK,KIRI_2025_20|ASSUMPTION_V1
USR05421,31,30s,AGGRESSIVE,DC_NEGLECT,MOCK,KIRI_2025_20|ASSUMPTION_V1
USR05422,62,50_plus,STABLE_GROWTH,TAX_BENEFIT_IDLE,MOCK,KIRI_2025_20|ASSUMPTION_V1
USR05423,39,30s,BALANCED,OVERLAP_RISK,MOCK,KIRI_2025_20|ASSUMPTION_V1
USR05424,45,40s,STABLE_GROWTH,DC_NEGLECT,MOCK,KIRI_2025_20|ASSUMPTION_V1
USR05425,31,30s,GROWTH,TAX_BENEFIT_IDLE,MOCK,KIRI_2025_20|ASSUMPTION_V1
USR05426,32,30s,BALANCED,DC_NEGLECT,MOCK,KIRI_2025_20|ASSUMPTION_V1
USR05427,43,40s,CONSERVATIVE,DC_NEGLECT,MOCK,KIRI_2025_20|ASSUMPTION_V1
USR05428,60,50_plus,CONSERVATIVE,DC_NEGLECT,MOCK,KIRI_2025_20|ASSUMPTION_V1
USR05429,32,30s,STABLE_GROWTH,DC_NEGLECT,MOCK,KIRI_2025_20|ASSUMPTION_V1
USR05430,46,40s,BALANCED,DC_NEGLECT,MOCK,KIRI_2025_20|ASSUMPTION_V1
USR05431,28,20s,CONSERVATIVE,OVERLAP_RISK,MOCK,KIRI_2025_20|ASSUMPTION_V1
USR05432,41,40s,STABLE_GROWTH,TAX_BENEFIT_IDLE,MOCK,KIRI_2025_20|ASSUMPTION_V1
USR05433,63,50_plus,STABLE_GROWTH,DC_NEGLECT,MOCK,KIRI_2025_20|ASSUMPTION_V1
USR05434,43,40s,CONSERVATIVE,TAX_BENEFIT_IDLE,MOCK,KIRI_2025_20|ASSUMPTION_V1
USR05435,39,30s,CONSERVATIVE,OVERLAP_RISK,MOCK,KIRI_2025_20|ASSUMPTION_V1
USR05436,40,40s,STABLE_GROWTH,DC_NEGLECT,MOCK,KIRI_2025_20|ASSUMPTION_V1
USR05437,51,50_plus,AGGRESSIVE,OVERLAP_RISK,MOCK,KIRI_2025_20|ASSUMPTION_V1
USR05438,53,50_plus,CONSERVATIVE,DC_NEGLECT,MOCK,KIRI_2025_20|ASSUMPTION_V1
USR05439,52,50_plus,STABLE_GROWTH,DC_NEGLECT,MOCK,KIRI_2025_20|ASSUMPTION_V1
USR05440,50,50_plus,GROWTH,DC_NEGLECT,MOCK,KIRI_2025_20|ASSUMPTION_V1
USR05441,33,30s,BALANCED,TAX_BENEFIT_IDLE,MOCK,KIRI_2025_20|ASSUMPTION_V1
USR05442,62,50_plus,AGGRESSIVE,DC_NEGLECT,MOCK,KIRI_2025_20|ASSUMPTION_V1
USR05443,46,40s,BALANCED,TAX_BENEFIT_IDLE,MOCK,KIRI_2025_20|ASSUMPTION_V1
USR05444,31,30s,BALANCED,DC_NEGLECT,MOCK,KIRI_2025_20|ASSUMPTION_V1
USR05445,35,30s,GROWTH,DC_NEGLECT,MOCK,KIRI_2025_20|ASSUMPTION_V1
USR05446,53,50_plus,STABLE_GROWTH,DC_NEGLECT,MOCK,KIRI_2025_20|ASSUMPTION_V1
USR05447,56,50_plus,GROWTH,TAX_BENEFIT_IDLE,MOCK,KIRI_2025_20|ASSUMPTION_V1
USR05448,33,30s,STABLE_GROWTH,DC_NEGLECT,MOCK,KIRI_2025_20|ASSUMPTION_V1
USR05449,33,30s,BALANCED,TAX_BENEFIT_IDLE,MOCK,KIRI_2025_20|ASSUMPTION_V1
USR05450,59,50_plus,BALANCED,DC_NEGLECT,MOCK,KIRI_2025_20|ASSUMPTION_V1
USR05451,60,50_plus,STABLE_GROWTH,TAX_BENEFIT_IDLE,MOCK,KIRI_2025_20|ASSUMPTION_V1
USR05452,38,30s,BALANCED,DC_NEGLECT,MOCK,KIRI_2025_20|ASSUMPTION_V1
USR05453,28,20s,BALANCED,TAX_BENEFIT_IDLE,MOCK,KIRI_2025_20|ASSUMPTION_V1
USR05454,45,40s,STABLE_GROWTH,TAX_BENEFIT_IDLE,MOCK,KIRI_2025_20|ASSUMPTION_V1
USR05455,29,20s,BALANCED,OVERLAP_RISK,MOCK,KIRI_2025_20|ASSUMPTION_V1
USR05456,57,50_plus,GROWTH,TAX_BENEFIT_IDLE,MOCK,KIRI_2025_20|ASSUMPTION_V1
USR05457,54,50_plus,STABLE_GROWTH,DC_NEGLECT,MOCK,KIRI_2025_20|ASSUMPTION_V1
USR05458,46,40s,BALANCED,TAX_BENEFIT_IDLE,MOCK,KIRI_2025_20|ASSUMPTION_V1
USR05459,60,50_plus,STABLE_GROWTH,TAX_BENEFIT_IDLE,MOCK,KIRI_2025_20|ASSUMPTION_V1
USR05460,36,30s,CONSERVATIVE,OVERLAP_RISK,MOCK,KIRI_2025_20|ASSUMPTION_V1
USR05461,31,30s,CONSERVATIVE,TAX_BENEFIT_IDLE,MOCK,KIRI_2025_20|ASSUMPTION_V1
USR05462,25,20s,STABLE_GROWTH,DC_NEGLECT,MOCK,KIRI_2025_20|ASSUMPTION_V1
USR05463,48,40s,STABLE_GROWTH,OVERLAP_RISK,MOCK,KIRI_2025_20|ASSUMPTION_V1
USR05464,47,40s,BALANCED,DC_NEGLECT,MOCK,KIRI_2025_20|ASSUMPTION_V1
USR05465,24,20s,STABLE_GROWTH,OVERLAP_RISK,MOCK,KIRI_2025_20|ASSUMPTION_V1
USR05466,45,40s,BALANCED,DC_NEGLECT,MOCK,KIRI_2025_20|ASSUMPTION_V1
USR05467,59,50_plus,GROWTH,TAX_BENEFIT_IDLE,MOCK,KIRI_2025_20|ASSUMPTION_V1
USR05468,39,30s,GROWTH,DC_NEGLECT,MOCK,KIRI_2025_20|ASSUMPTION_V1
USR05469,20,20s,STABLE_GROWTH,OVERLAP_RISK,MOCK,KIRI_2025_20|ASSUMPTION_V1
USR05470,25,20s,GROWTH,OVERLAP_RISK,MOCK,KIRI_2025_20|ASSUMPTION_V1
USR05471,57,50_plus,GROWTH,TAX_BENEFIT_IDLE,MOCK,KIRI_2025_20|ASSUMPTION_V1
USR05472,48,40s,CONSERVATIVE,TAX_BENEFIT_IDLE,MOCK,KIRI_2025_20|ASSUMPTION_V1
USR05473,25,20s,BALANCED,OVERLAP_RISK,MOCK,KIRI_2025_20|ASSUMPTION_V1
USR05474,32,30s,AGGRESSIVE,OVERLAP_RISK,MOCK,KIRI_2025_20|ASSUMPTION_V1
USR05475,37,30s,STABLE_GROWTH,DC_NEGLECT,MOCK,KIRI_2025_20|ASSUMPTION_V1
USR05476,31,30s,STABLE_GROWTH,TAX_BENEFIT_IDLE,MOCK,KIRI_2025_20|ASSUMPTION_V1
USR05477,30,30s,GROWTH,DC_NEGLECT,MOCK,KIRI_2025_20|ASSUMPTION_V1
USR05478,43,40s,BALANCED,OVERLAP_RISK,MOCK,KIRI_2025_20|ASSUMPTION_V1
USR05479,37,30s,CONSERVATIVE,OVERLAP_RISK,MOCK,KIRI_2025_20|ASSUMPTION_V1
USR05480,45,40s,CONSERVATIVE,TAX_BENEFIT_IDLE,MOCK,KIRI_2025_20|ASSUMPTION_V1
USR05481,21,20s,STABLE_GROWTH,OVERLAP_RISK,MOCK,KIRI_2025_20|ASSUMPTION_V1
USR05482,23,20s,CONSERVATIVE,DC_NEGLECT,MOCK,KIRI_2025_20|ASSUMPTION_V1
USR05483,49,40s,STABLE_GROWTH,OVERLAP_RISK,MOCK,KIRI_2025_20|ASSUMPTION_V1
USR05484,30,30s,AGGRESSIVE,DC_NEGLECT,MOCK,KIRI_2025_20|ASSUMPTION_V1
USR05485,37,30s,GROWTH,OVERLAP_RISK,MOCK,KIRI_2025_20|ASSUMPTION_V1
USR05486,58,50_plus,CONSERVATIVE,TAX_BENEFIT_IDLE,MOCK,KIRI_2025_20|ASSUMPTION_V1
USR05487,40,40s,STABLE_GROWTH,DC_NEGLECT,MOCK,KIRI_2025_20|ASSUMPTION_V1
USR05488,48,40s,BALANCED,DC_NEGLECT,MOCK,KIRI_2025_20|ASSUMPTION_V1
USR05489,41,40s,GROWTH,OVERLAP_RISK,MOCK,KIRI_2025_20|ASSUMPTION_V1
USR05490,63,50_plus,CONSERVATIVE,DC_NEGLECT,MOCK,KIRI_2025_20|ASSUMPTION_V1
USR05491,58,50_plus,STABLE_GROWTH,DC_NEGLECT,MOCK,KIRI_2025_20|ASSUMPTION_V1
USR05492,59,50_plus,CONSERVATIVE,DC_NEGLECT,MOCK,KIRI_2025_20|ASSUMPTION_V1
USR05493,26,20s,BALANCED,DC_NEGLECT,MOCK,KIRI_2025_20|ASSUMPTION_V1
USR05494,44,40s,BALANCED,TAX_BENEFIT_IDLE,MOCK,KIRI_2025_20|ASSUMPTION_V1
USR05495,34,30s,BALANCED,OVERLAP_RISK,MOCK,KIRI_2025_20|ASSUMPTION_V1
USR05496,44,40s,BALANCED,DC_NEGLECT,MOCK,KIRI_2025_20|ASSUMPTION_V1
USR05497,47,40s,BALANCED,OVERLAP_RISK,MOCK,KIRI_2025_20|ASSUMPTION_V1
USR05498,33,30s,BALANCED,TAX_BENEFIT_IDLE,MOCK,KIRI_2025_20|ASSUMPTION_V1
USR05499,45,40s,CONSERVATIVE,DC_NEGLECT,MOCK,KIRI_2025_20|ASSUMPTION_V1
USR05500,42,40s,GROWTH,DC_NEGLECT,MOCK,KIRI_2025_20|ASSUMPTION_V1
USR05501,41,40s,CONSERVATIVE,OVERLAP_RISK,MOCK,KIRI_2025_20|ASSUMPTION_V1
USR05502,47,40s,GROWTH,TAX_BENEFIT_IDLE,MOCK,KIRI_2025_20|ASSUMPTION_V1
USR05503,41,40s,BALANCED,DC_NEGLECT,MOCK,KIRI_2025_20|ASSUMPTION_V1
USR05504,58,50_plus,GROWTH,DC_NEGLECT,MOCK,KIRI_2025_20|ASSUMPTION_V1
USR05505,34,30s,STABLE_GROWTH,DC_NEGLECT,MOCK,KIRI_2025_20|ASSUMPTION_V1
USR05506,28,20s,BALANCED,TAX_BENEFIT_IDLE,MOCK,KIRI_2025_20|ASSUMPTION_V1
USR05507,48,40s,CONSERVATIVE,OVERLAP_RISK,MOCK,KIRI_2025_20|ASSUMPTION_V1
USR05508,28,20s,GROWTH,TAX_BENEFIT_IDLE,MOCK,KIRI_2025_20|ASSUMPTION_V1
USR05509,41,40s,GROWTH,TAX_BENEFIT_IDLE,MOCK,KIRI_2025_20|ASSUMPTION_V1
USR05510,34,30s,GROWTH,DC_NEGLECT,MOCK,KIRI_2025_20|ASSUMPTION_V1
USR05511,52,50_plus,STABLE_GROWTH,DC_NEGLECT,MOCK,KIRI_2025_20|ASSUMPTION_V1
USR05512,46,40s,BALANCED,DC_NEGLECT,MOCK,KIRI_2025_20|ASSUMPTION_V1
USR05513,43,40s,GROWTH,DC_NEGLECT,MOCK,KIRI_2025_20|ASSUMPTION_V1
USR05514,33,30s,BALANCED,OVERLAP_RISK,MOCK,KIRI_2025_20|ASSUMPTION_V1
USR05515,42,40s,BALANCED,OVERLAP_RISK,MOCK,KIRI_2025_20|ASSUMPTION_V1
USR05516,33,30s,GROWTH,TAX_BENEFIT_IDLE,MOCK,KIRI_2025_20|ASSUMPTION_V1
USR05517,21,20s,GROWTH,DC_NEGLECT,MOCK,KIRI_2025_20|ASSUMPTION_V1
USR05518,36,30s,BALANCED,DC_NEGLECT,MOCK,KIRI_2025_20|ASSUMPTION_V1
USR05519,44,40s,GROWTH,TAX_BENEFIT_IDLE,MOCK,KIRI_2025_20|ASSUMPTION_V1
USR05520,39,30s,STABLE_GROWTH,TAX_BENEFIT_IDLE,MOCK,KIRI_2025_20|ASSUMPTION_V1
USR05521,56,50_plus,CONSERVATIVE,DC_NEGLECT,MOCK,KIRI_2025_20|ASSUMPTION_V1
USR05522,48,40s,BALANCED,DC_NEGLECT,MOCK,KIRI_2025_20|ASSUMPTION_V1
USR05523,38,30s,CONSERVATIVE,DC_NEGLECT,MOCK,KIRI_2025_20|ASSUMPTION_V1
USR05524,49,40s,BALANCED,DC_NEGLECT,MOCK,KIRI_2025_20|ASSUMPTION_V1
USR05525,50,50_plus,STABLE_GROWTH,OVERLAP_RISK,MOCK,KIRI_2025_20|ASSUMPTION_V1
USR05526,62,50_plus,STABLE_GROWTH,TAX_BENEFIT_IDLE,MOCK,KIRI_2025_20|ASSUMPTION_V1
USR05527,62,50_plus,STABLE_GROWTH,OVERLAP_RISK,MOCK,KIRI_2025_20|ASSUMPTION_V1
USR05528,64,50_plus,CONSERVATIVE,OVERLAP_RISK,MOCK,KIRI_2025_20|ASSUMPTION_V1
USR05529,63,50_plus,STABLE_GROWTH,DC_NEGLECT,MOCK,KIRI_2025_20|ASSUMPTION_V1
USR05530,54,50_plus,STABLE_GROWTH,DC_NEGLECT,MOCK,KIRI_2025_20|ASSUMPTION_V1
USR05531,44,40s,STABLE_GROWTH,OVERLAP_RISK,MOCK,KIRI_2025_20|ASSUMPTION_V1
USR05532,42,40s,AGGRESSIVE,OVERLAP_RISK,MOCK,KIRI_2025_20|ASSUMPTION_V1
USR05533,43,40s,STABLE_GROWTH,TAX_BENEFIT_IDLE,MOCK,KIRI_2025_20|ASSUMPTION_V1
USR05534,46,40s,STABLE_GROWTH,TAX_BENEFIT_IDLE,MOCK,KIRI_2025_20|ASSUMPTION_V1
USR05535,35,30s,GROWTH,TAX_BENEFIT_IDLE,MOCK,KIRI_2025_20|ASSUMPTION_V1
USR05536,36,30s,GROWTH,DC_NEGLECT,MOCK,KIRI_2025_20|ASSUMPTION_V1
USR05537,45,40s,STABLE_GROWTH,OVERLAP_RISK,MOCK,KIRI_2025_20|ASSUMPTION_V1
USR05538,52,50_plus,BALANCED,TAX_BENEFIT_IDLE,MOCK,KIRI_2025_20|ASSUMPTION_V1
USR05539,40,40s,CONSERVATIVE,OVERLAP_RISK,MOCK,KIRI_2025_20|ASSUMPTION_V1
USR05540,45,40s,AGGRESSIVE,TAX_BENEFIT_IDLE,MOCK,KIRI_2025_20|ASSUMPTION_V1
USR05541,21,20s,BALANCED,DC_NEGLECT,MOCK,KIRI_2025_20|ASSUMPTION_V1
USR05542,50,50_plus,CONSERVATIVE,TAX_BENEFIT_IDLE,MOCK,KIRI_2025_20|ASSUMPTION_V1
USR05543,32,30s,BALANCED,DC_NEGLECT,MOCK,KIRI_2025_20|ASSUMPTION_V1
USR05544,26,20s,BALANCED,DC_NEGLECT,MOCK,KIRI_2025_20|ASSUMPTION_V1
USR05545,52,50_plus,CONSERVATIVE,DC_NEGLECT,MOCK,KIRI_2025_20|ASSUMPTION_V1
USR05546,39,30s,BALANCED,OVERLAP_RISK,MOCK,KIRI_2025_20|ASSUMPTION_V1
USR05547,45,40s,CONSERVATIVE,OVERLAP_RISK,MOCK,KIRI_2025_20|ASSUMPTION_V1
USR05548,35,30s,BALANCED,DC_NEGLECT,MOCK,KIRI_2025_20|ASSUMPTION_V1
USR05549,60,50_plus,BALANCED,OVERLAP_RISK,MOCK,KIRI_2025_20|ASSUMPTION_V1
USR05550,21,20s,AGGRESSIVE,TAX_BENEFIT_IDLE,MOCK,KIRI_2025_20|ASSUMPTION_V1
USR05551,42,40s,CONSERVATIVE,OVERLAP_RISK,MOCK,KIRI_2025_20|ASSUMPTION_V1
USR05552,47,40s,STABLE_GROWTH,TAX_BENEFIT_IDLE,MOCK,KIRI_2025_20|ASSUMPTION_V1
USR05553,43,40s,CONSERVATIVE,DC_NEGLECT,MOCK,KIRI_2025_20|ASSUMPTION_V1
USR05554,64,50_plus,BALANCED,TAX_BENEFIT_IDLE,MOCK,KIRI_2025_20|ASSUMPTION_V1
USR05555,48,40s,AGGRESSIVE,TAX_BENEFIT_IDLE,MOCK,KIRI_2025_20|ASSUMPTION_V1
USR05556,40,40s,CONSERVATIVE,TAX_BENEFIT_IDLE,MOCK,KIRI_2025_20|ASSUMPTION_V1
USR05557,49,40s,STABLE_GROWTH,DC_NEGLECT,MOCK,KIRI_2025_20|ASSUMPTION_V1
USR05558,41,40s,BALANCED,OVERLAP_RISK,MOCK,KIRI_2025_20|ASSUMPTION_V1
USR05559,51,50_plus,STABLE_GROWTH,DC_NEGLECT,MOCK,KIRI_2025_20|ASSUMPTION_V1
USR05560,64,50_plus,BALANCED,TAX_BENEFIT_IDLE,MOCK,KIRI_2025_20|ASSUMPTION_V1
USR05561,31,30s,AGGRESSIVE,DC_NEGLECT,MOCK,KIRI_2025_20|ASSUMPTION_V1
USR05562,33,30s,GROWTH,OVERLAP_RISK,MOCK,KIRI_2025_20|ASSUMPTION_V1
USR05563,55,50_plus,STABLE_GROWTH,TAX_BENEFIT_IDLE,MOCK,KIRI_2025_20|ASSUMPTION_V1
USR05564,33,30s,BALANCED,OVERLAP_RISK,MOCK,KIRI_2025_20|ASSUMPTION_V1
USR05565,30,30s,BALANCED,OVERLAP_RISK,MOCK,KIRI_2025_20|ASSUMPTION_V1
USR05566,31,30s,AGGRESSIVE,DC_NEGLECT,MOCK,KIRI_2025_20|ASSUMPTION_V1
USR05567,31,30s,CONSERVATIVE,DC_NEGLECT,MOCK,KIRI_2025_20|ASSUMPTION_V1
USR05568,51,50_plus,CONSERVATIVE,TAX_BENEFIT_IDLE,MOCK,KIRI_2025_20|ASSUMPTION_V1
USR05569,52,50_plus,CONSERVATIVE,DC_NEGLECT,MOCK,KIRI_2025_20|ASSUMPTION_V1
USR05570,28,20s,BALANCED,TAX_BENEFIT_IDLE,MOCK,KIRI_2025_20|ASSUMPTION_V1
USR05571,61,50_plus,GROWTH,OVERLAP_RISK,MOCK,KIRI_2025_20|ASSUMPTION_V1
USR05572,32,30s,GROWTH,OVERLAP_RISK,MOCK,KIRI_2025_20|ASSUMPTION_V1
USR05573,48,40s,BALANCED,DC_NEGLECT,MOCK,KIRI_2025_20|ASSUMPTION_V1
USR05574,33,30s,BALANCED,TAX_BENEFIT_IDLE,MOCK,KIRI_2025_20|ASSUMPTION_V1
USR05575,31,30s,GROWTH,OVERLAP_RISK,MOCK,KIRI_2025_20|ASSUMPTION_V1
USR05576,58,50_plus,STABLE_GROWTH,TAX_BENEFIT_IDLE,MOCK,KIRI_2025_20|ASSUMPTION_V1
USR05577,49,40s,STABLE_GROWTH,OVERLAP_RISK,MOCK,KIRI_2025_20|ASSUMPTION_V1
USR05578,46,40s,STABLE_GROWTH,TAX_BENEFIT_IDLE,MOCK,KIRI_2025_20|ASSUMPTION_V1
USR05579,44,40s,CONSERVATIVE,TAX_BENEFIT_IDLE,MOCK,KIRI_2025_20|ASSUMPTION_V1
USR05580,61,50_plus,STABLE_GROWTH,OVERLAP_RISK,MOCK,KIRI_2025_20|ASSUMPTION_V1
USR05581,43,40s,BALANCED,OVERLAP_RISK,MOCK,KIRI_2025_20|ASSUMPTION_V1
USR05582,39,30s,BALANCED,OVERLAP_RISK,MOCK,KIRI_2025_20|ASSUMPTION_V1
USR05583,51,50_plus,STABLE_GROWTH,DC_NEGLECT,MOCK,KIRI_2025_20|ASSUMPTION_V1
USR05584,43,40s,STABLE_GROWTH,DC_NEGLECT,MOCK,KIRI_2025_20|ASSUMPTION_V1
USR05585,59,50_plus,STABLE_GROWTH,DC_NEGLECT,MOCK,KIRI_2025_20|ASSUMPTION_V1
USR05586,30,30s,CONSERVATIVE,DC_NEGLECT,MOCK,KIRI_2025_20|ASSUMPTION_V1
USR05587,40,40s,STABLE_GROWTH,DC_NEGLECT,MOCK,KIRI_2025_20|ASSUMPTION_V1
USR05588,34,30s,BALANCED,DC_NEGLECT,MOCK,KIRI_2025_20|ASSUMPTION_V1
USR05589,22,20s,BALANCED,TAX_BENEFIT_IDLE,MOCK,KIRI_2025_20|ASSUMPTION_V1
USR05590,35,30s,BALANCED,OVERLAP_RISK,MOCK,KIRI_2025_20|ASSUMPTION_V1
USR05591,39,30s,STABLE_GROWTH,DC_NEGLECT,MOCK,KIRI_2025_20|ASSUMPTION_V1
USR05592,44,40s,CONSERVATIVE,DC_NEGLECT,MOCK,KIRI_2025_20|ASSUMPTION_V1
USR05593,33,30s,BALANCED,TAX_BENEFIT_IDLE,MOCK,KIRI_2025_20|ASSUMPTION_V1
USR05594,36,30s,GROWTH,DC_NEGLECT,MOCK,KIRI_2025_20|ASSUMPTION_V1
USR05595,43,40s,CONSERVATIVE,OVERLAP_RISK,MOCK,KIRI_2025_20|ASSUMPTION_V1
USR05596,44,40s,GROWTH,TAX_BENEFIT_IDLE,MOCK,KIRI_2025_20|ASSUMPTION_V1
USR05597,63,50_plus,CONSERVATIVE,OVERLAP_RISK,MOCK,KIRI_2025_20|ASSUMPTION_V1
USR05598,61,50_plus,CONSERVATIVE,TAX_BENEFIT_IDLE,MOCK,KIRI_2025_20|ASSUMPTION_V1
USR05599,36,30s,AGGRESSIVE,DC_NEGLECT,MOCK,KIRI_2025_20|ASSUMPTION_V1
USR05600,57,50_plus,GROWTH,OVERLAP_RISK,MOCK,KIRI_2025_20|ASSUMPTION_V1
USR05601,47,40s,AGGRESSIVE,TAX_BENEFIT_IDLE,MOCK,KIRI_2025_20|ASSUMPTION_V1
USR05602,44,40s,STABLE_GROWTH,DC_NEGLECT,MOCK,KIRI_2025_20|ASSUMPTION_V1
USR05603,21,20s,STABLE_GROWTH,TAX_BENEFIT_IDLE,MOCK,KIRI_2025_20|ASSUMPTION_V1
USR05604,45,40s,GROWTH,TAX_BENEFIT_IDLE,MOCK,KIRI_2025_20|ASSUMPTION_V1
USR05605,21,20s,STABLE_GROWTH,OVERLAP_RISK,MOCK,KIRI_2025_20|ASSUMPTION_V1
USR05606,42,40s,CONSERVATIVE,TAX_BENEFIT_IDLE,MOCK,KIRI_2025_20|ASSUMPTION_V1
USR05607,35,30s,GROWTH,DC_NEGLECT,MOCK,KIRI_2025_20|ASSUMPTION_V1
USR05608,39,30s,STABLE_GROWTH,DC_NEGLECT,MOCK,KIRI_2025_20|ASSUMPTION_V1
USR05609,43,40s,BALANCED,TAX_BENEFIT_IDLE,MOCK,KIRI_2025_20|ASSUMPTION_V1
USR05610,31,30s,GROWTH,DC_NEGLECT,MOCK,KIRI_2025_20|ASSUMPTION_V1
USR05611,43,40s,CONSERVATIVE,OVERLAP_RISK,MOCK,KIRI_2025_20|ASSUMPTION_V1
USR05612,60,50_plus,STABLE_GROWTH,DC_NEGLECT,MOCK,KIRI_2025_20|ASSUMPTION_V1
USR05613,21,20s,BALANCED,TAX_BENEFIT_IDLE,MOCK,KIRI_2025_20|ASSUMPTION_V1
USR05614,44,40s,BALANCED,DC_NEGLECT,MOCK,KIRI_2025_20|ASSUMPTION_V1
USR05615,42,40s,BALANCED,DC_NEGLECT,MOCK,KIRI_2025_20|ASSUMPTION_V1
USR05616,38,30s,AGGRESSIVE,DC_NEGLECT,MOCK,KIRI_2025_20|ASSUMPTION_V1
USR05617,63,50_plus,CONSERVATIVE,OVERLAP_RISK,MOCK,KIRI_2025_20|ASSUMPTION_V1
USR05618,48,40s,STABLE_GROWTH,TAX_BENEFIT_IDLE,MOCK,KIRI_2025_20|ASSUMPTION_V1
USR05619,35,30s,GROWTH,DC_NEGLECT,MOCK,KIRI_2025_20|ASSUMPTION_V1
USR05620,35,30s,GROWTH,TAX_BENEFIT_IDLE,MOCK,KIRI_2025_20|ASSUMPTION_V1
USR05621,36,30s,AGGRESSIVE,DC_NEGLECT,MOCK,KIRI_2025_20|ASSUMPTION_V1
USR05622,25,20s,AGGRESSIVE,DC_NEGLECT,MOCK,KIRI_2025_20|ASSUMPTION_V1
USR05623,61,50_plus,STABLE_GROWTH,OVERLAP_RISK,MOCK,KIRI_2025_20|ASSUMPTION_V1
USR05624,42,40s,BALANCED,TAX_BENEFIT_IDLE,MOCK,KIRI_2025_20|ASSUMPTION_V1
USR05625,43,40s,STABLE_GROWTH,DC_NEGLECT,MOCK,KIRI_2025_20|ASSUMPTION_V1
USR05626,43,40s,GROWTH,OVERLAP_RISK,MOCK,KIRI_2025_20|ASSUMPTION_V1
USR05627,23,20s,BALANCED,TAX_BENEFIT_IDLE,MOCK,KIRI_2025_20|ASSUMPTION_V1
USR05628,24,20s,STABLE_GROWTH,TAX_BENEFIT_IDLE,MOCK,KIRI_2025_20|ASSUMPTION_V1
USR05629,44,40s,BALANCED,TAX_BENEFIT_IDLE,MOCK,KIRI_2025_20|ASSUMPTION_V1
USR05630,36,30s,AGGRESSIVE,OVERLAP_RISK,MOCK,KIRI_2025_20|ASSUMPTION_V1
USR05631,27,20s,STABLE_GROWTH,DC_NEGLECT,MOCK,KIRI_2025_20|ASSUMPTION_V1
USR05632,35,30s,GROWTH,TAX_BENEFIT_IDLE,MOCK,KIRI_2025_20|ASSUMPTION_V1
USR05633,50,50_plus,CONSERVATIVE,TAX_BENEFIT_IDLE,MOCK,KIRI_2025_20|ASSUMPTION_V1
USR05634,25,20s,STABLE_GROWTH,OVERLAP_RISK,MOCK,KIRI_2025_20|ASSUMPTION_V1
USR05635,57,50_plus,BALANCED,OVERLAP_RISK,MOCK,KIRI_2025_20|ASSUMPTION_V1
USR05636,35,30s,GROWTH,TAX_BENEFIT_IDLE,MOCK,KIRI_2025_20|ASSUMPTION_V1
USR05637,33,30s,BALANCED,TAX_BENEFIT_IDLE,MOCK,KIRI_2025_20|ASSUMPTION_V1
USR05638,51,50_plus,STABLE_GROWTH,OVERLAP_RISK,MOCK,KIRI_2025_20|ASSUMPTION_V1
USR05639,26,20s,GROWTH,DC_NEGLECT,MOCK,KIRI_2025_20|ASSUMPTION_V1
USR05640,64,50_plus,BALANCED,OVERLAP_RISK,MOCK,KIRI_2025_20|ASSUMPTION_V1
USR05641,22,20s,STABLE_GROWTH,DC_NEGLECT,MOCK,KIRI_2025_20|ASSUMPTION_V1
USR05642,39,30s,BALANCED,OVERLAP_RISK,MOCK,KIRI_2025_20|ASSUMPTION_V1
USR05643,21,20s,CONSERVATIVE,DC_NEGLECT,MOCK,KIRI_2025_20|ASSUMPTION_V1
USR05644,42,40s,BALANCED,OVERLAP_RISK,MOCK,KIRI_2025_20|ASSUMPTION_V1
USR05645,40,40s,STABLE_GROWTH,DC_NEGLECT,MOCK,KIRI_2025_20|ASSUMPTION_V1
USR05646,20,20s,BALANCED,TAX_BENEFIT_IDLE,MOCK,KIRI_2025_20|ASSUMPTION_V1
USR05647,48,40s,BALANCED,TAX_BENEFIT_IDLE,MOCK,KIRI_2025_20|ASSUMPTION_V1
USR05648,34,30s,GROWTH,OVERLAP_RISK,MOCK,KIRI_2025_20|ASSUMPTION_V1
USR05649,42,40s,AGGRESSIVE,TAX_BENEFIT_IDLE,MOCK,KIRI_2025_20|ASSUMPTION_V1
USR05650,64,50_plus,GROWTH,OVERLAP_RISK,MOCK,KIRI_2025_20|ASSUMPTION_V1
USR05651,41,40s,BALANCED,OVERLAP_RISK,MOCK,KIRI_2025_20|ASSUMPTION_V1
USR05652,58,50_plus,STABLE_GROWTH,OVERLAP_RISK,MOCK,KIRI_2025_20|ASSUMPTION_V1
USR05653,41,40s,CONSERVATIVE,OVERLAP_RISK,MOCK,KIRI_2025_20|ASSUMPTION_V1
USR05654,30,30s,GROWTH,DC_NEGLECT,MOCK,KIRI_2025_20|ASSUMPTION_V1
USR05655,42,40s,STABLE_GROWTH,OVERLAP_RISK,MOCK,KIRI_2025_20|ASSUMPTION_V1
USR05656,61,50_plus,BALANCED,TAX_BENEFIT_IDLE,MOCK,KIRI_2025_20|ASSUMPTION_V1
USR05657,30,30s,GROWTH,TAX_BENEFIT_IDLE,MOCK,KIRI_2025_20|ASSUMPTION_V1
USR05658,45,40s,STABLE_GROWTH,OVERLAP_RISK,MOCK,KIRI_2025_20|ASSUMPTION_V1
USR05659,50,50_plus,BALANCED,DC_NEGLECT,MOCK,KIRI_2025_20|ASSUMPTION_V1
USR05660,44,40s,STABLE_GROWTH,DC_NEGLECT,MOCK,KIRI_2025_20|ASSUMPTION_V1
USR05661,41,40s,STABLE_GROWTH,OVERLAP_RISK,MOCK,KIRI_2025_20|ASSUMPTION_V1
USR05662,63,50_plus,CONSERVATIVE,OVERLAP_RISK,MOCK,KIRI_2025_20|ASSUMPTION_V1
USR05663,32,30s,GROWTH,TAX_BENEFIT_IDLE,MOCK,KIRI_2025_20|ASSUMPTION_V1
USR05664,43,40s,GROWTH,DC_NEGLECT,MOCK,KIRI_2025_20|ASSUMPTION_V1
USR05665,30,30s,STABLE_GROWTH,TAX_BENEFIT_IDLE,MOCK,KIRI_2025_20|ASSUMPTION_V1
USR05666,60,50_plus,BALANCED,OVERLAP_RISK,MOCK,KIRI_2025_20|ASSUMPTION_V1
USR05667,36,30s,GROWTH,DC_NEGLECT,MOCK,KIRI_2025_20|ASSUMPTION_V1
USR05668,43,40s,STABLE_GROWTH,DC_NEGLECT,MOCK,KIRI_2025_20|ASSUMPTION_V1
USR05669,24,20s,AGGRESSIVE,TAX_BENEFIT_IDLE,MOCK,KIRI_2025_20|ASSUMPTION_V1
USR05670,37,30s,STABLE_GROWTH,DC_NEGLECT,MOCK,KIRI_2025_20|ASSUMPTION_V1
USR05671,33,30s,CONSERVATIVE,DC_NEGLECT,MOCK,KIRI_2025_20|ASSUMPTION_V1
USR05672,36,30s,AGGRESSIVE,TAX_BENEFIT_IDLE,MOCK,KIRI_2025_20|ASSUMPTION_V1
USR05673,45,40s,STABLE_GROWTH,TAX_BENEFIT_IDLE,MOCK,KIRI_2025_20|ASSUMPTION_V1
USR05674,37,30s,BALANCED,TAX_BENEFIT_IDLE,MOCK,KIRI_2025_20|ASSUMPTION_V1
USR05675,29,20s,AGGRESSIVE,OVERLAP_RISK,MOCK,KIRI_2025_20|ASSUMPTION_V1
USR05676,53,50_plus,BALANCED,TAX_BENEFIT_IDLE,MOCK,KIRI_2025_20|ASSUMPTION_V1
USR05677,56,50_plus,STABLE_GROWTH,OVERLAP_RISK,MOCK,KIRI_2025_20|ASSUMPTION_V1
USR05678,47,40s,BALANCED,DC_NEGLECT,MOCK,KIRI_2025_20|ASSUMPTION_V1
USR05679,26,20s,BALANCED,TAX_BENEFIT_IDLE,MOCK,KIRI_2025_20|ASSUMPTION_V1
USR05680,37,30s,BALANCED,TAX_BENEFIT_IDLE,MOCK,KIRI_2025_20|ASSUMPTION_V1
USR05681,43,40s,GROWTH,TAX_BENEFIT_IDLE,MOCK,KIRI_2025_20|ASSUMPTION_V1
USR05682,41,40s,BALANCED,DC_NEGLECT,MOCK,KIRI_2025_20|ASSUMPTION_V1
USR05683,64,50_plus,BALANCED,OVERLAP_RISK,MOCK,KIRI_2025_20|ASSUMPTION_V1
USR05684,27,20s,STABLE_GROWTH,OVERLAP_RISK,MOCK,KIRI_2025_20|ASSUMPTION_V1
USR05685,40,40s,STABLE_GROWTH,OVERLAP_RISK,MOCK,KIRI_2025_20|ASSUMPTION_V1
USR05686,33,30s,STABLE_GROWTH,TAX_BENEFIT_IDLE,MOCK,KIRI_2025_20|ASSUMPTION_V1
USR05687,49,40s,CONSERVATIVE,OVERLAP_RISK,MOCK,KIRI_2025_20|ASSUMPTION_V1
USR05688,34,30s,BALANCED,DC_NEGLECT,MOCK,KIRI_2025_20|ASSUMPTION_V1
USR05689,59,50_plus,CONSERVATIVE,DC_NEGLECT,MOCK,KIRI_2025_20|ASSUMPTION_V1
USR05690,45,40s,BALANCED,OVERLAP_RISK,MOCK,KIRI_2025_20|ASSUMPTION_V1
USR05691,39,30s,CONSERVATIVE,DC_NEGLECT,MOCK,KIRI_2025_20|ASSUMPTION_V1
USR05692,52,50_plus,BALANCED,DC_NEGLECT,MOCK,KIRI_2025_20|ASSUMPTION_V1
USR05693,45,40s,STABLE_GROWTH,DC_NEGLECT,MOCK,KIRI_2025_20|ASSUMPTION_V1
USR05694,27,20s,CONSERVATIVE,OVERLAP_RISK,MOCK,KIRI_2025_20|ASSUMPTION_V1
USR05695,60,50_plus,CONSERVATIVE,TAX_BENEFIT_IDLE,MOCK,KIRI_2025_20|ASSUMPTION_V1
USR05696,33,30s,CONSERVATIVE,OVERLAP_RISK,MOCK,KIRI_2025_20|ASSUMPTION_V1
USR05697,48,40s,STABLE_GROWTH,TAX_BENEFIT_IDLE,MOCK,KIRI_2025_20|ASSUMPTION_V1
USR05698,25,20s,STABLE_GROWTH,TAX_BENEFIT_IDLE,MOCK,KIRI_2025_20|ASSUMPTION_V1
USR05699,44,40s,STABLE_GROWTH,TAX_BENEFIT_IDLE,MOCK,KIRI_2025_20|ASSUMPTION_V1
USR05700,39,30s,STABLE_GROWTH,DC_NEGLECT,MOCK,KIRI_2025_20|ASSUMPTION_V1
USR05701,34,30s,BALANCED,DC_NEGLECT,MOCK,KIRI_2025_20|ASSUMPTION_V1
USR05702,41,40s,BALANCED,DC_NEGLECT,MOCK,KIRI_2025_20|ASSUMPTION_V1
USR05703,58,50_plus,GROWTH,DC_NEGLECT,MOCK,KIRI_2025_20|ASSUMPTION_V1
USR05704,47,40s,CONSERVATIVE,DC_NEGLECT,MOCK,KIRI_2025_20|ASSUMPTION_V1
USR05705,51,50_plus,BALANCED,DC_NEGLECT,MOCK,KIRI_2025_20|ASSUMPTION_V1
USR05706,31,30s,STABLE_GROWTH,DC_NEGLECT,MOCK,KIRI_2025_20|ASSUMPTION_V1
USR05707,40,40s,GROWTH,DC_NEGLECT,MOCK,KIRI_2025_20|ASSUMPTION_V1
USR05708,49,40s,CONSERVATIVE,DC_NEGLECT,MOCK,KIRI_2025_20|ASSUMPTION_V1
USR05709,35,30s,GROWTH,DC_NEGLECT,MOCK,KIRI_2025_20|ASSUMPTION_V1
USR05710,22,20s,BALANCED,DC_NEGLECT,MOCK,KIRI_2025_20|ASSUMPTION_V1
USR05711,41,40s,BALANCED,DC_NEGLECT,MOCK,KIRI_2025_20|ASSUMPTION_V1
USR05712,58,50_plus,CONSERVATIVE,TAX_BENEFIT_IDLE,MOCK,KIRI_2025_20|ASSUMPTION_V1
USR05713,45,40s,CONSERVATIVE,TAX_BENEFIT_IDLE,MOCK,KIRI_2025_20|ASSUMPTION_V1
USR05714,56,50_plus,STABLE_GROWTH,DC_NEGLECT,MOCK,KIRI_2025_20|ASSUMPTION_V1
USR05715,35,30s,CONSERVATIVE,OVERLAP_RISK,MOCK,KIRI_2025_20|ASSUMPTION_V1
USR05716,53,50_plus,STABLE_GROWTH,OVERLAP_RISK,MOCK,KIRI_2025_20|ASSUMPTION_V1
USR05717,37,30s,CONSERVATIVE,TAX_BENEFIT_IDLE,MOCK,KIRI_2025_20|ASSUMPTION_V1
USR05718,21,20s,BALANCED,DC_NEGLECT,MOCK,KIRI_2025_20|ASSUMPTION_V1
USR05719,28,20s,STABLE_GROWTH,OVERLAP_RISK,MOCK,KIRI_2025_20|ASSUMPTION_V1
USR05720,49,40s,GROWTH,OVERLAP_RISK,MOCK,KIRI_2025_20|ASSUMPTION_V1
USR05721,62,50_plus,CONSERVATIVE,TAX_BENEFIT_IDLE,MOCK,KIRI_2025_20|ASSUMPTION_V1
USR05722,51,50_plus,STABLE_GROWTH,TAX_BENEFIT_IDLE,MOCK,KIRI_2025_20|ASSUMPTION_V1
USR05723,36,30s,STABLE_GROWTH,DC_NEGLECT,MOCK,KIRI_2025_20|ASSUMPTION_V1
USR05724,46,40s,CONSERVATIVE,TAX_BENEFIT_IDLE,MOCK,KIRI_2025_20|ASSUMPTION_V1
USR05725,45,40s,GROWTH,TAX_BENEFIT_IDLE,MOCK,KIRI_2025_20|ASSUMPTION_V1
USR05726,39,30s,GROWTH,TAX_BENEFIT_IDLE,MOCK,KIRI_2025_20|ASSUMPTION_V1
USR05727,38,30s,BALANCED,OVERLAP_RISK,MOCK,KIRI_2025_20|ASSUMPTION_V1
USR05728,24,20s,BALANCED,DC_NEGLECT,MOCK,KIRI_2025_20|ASSUMPTION_V1
USR05729,34,30s,STABLE_GROWTH,DC_NEGLECT,MOCK,KIRI_2025_20|ASSUMPTION_V1
USR05730,46,40s,STABLE_GROWTH,DC_NEGLECT,MOCK,KIRI_2025_20|ASSUMPTION_V1
USR05731,49,40s,CONSERVATIVE,TAX_BENEFIT_IDLE,MOCK,KIRI_2025_20|ASSUMPTION_V1
USR05732,54,50_plus,GROWTH,OVERLAP_RISK,MOCK,KIRI_2025_20|ASSUMPTION_V1
USR05733,38,30s,CONSERVATIVE,TAX_BENEFIT_IDLE,MOCK,KIRI_2025_20|ASSUMPTION_V1
USR05734,39,30s,BALANCED,DC_NEGLECT,MOCK,KIRI_2025_20|ASSUMPTION_V1
USR05735,21,20s,GROWTH,OVERLAP_RISK,MOCK,KIRI_2025_20|ASSUMPTION_V1
USR05736,42,40s,STABLE_GROWTH,DC_NEGLECT,MOCK,KIRI_2025_20|ASSUMPTION_V1
USR05737,50,50_plus,BALANCED,DC_NEGLECT,MOCK,KIRI_2025_20|ASSUMPTION_V1
USR05738,39,30s,BALANCED,DC_NEGLECT,MOCK,KIRI_2025_20|ASSUMPTION_V1
USR05739,55,50_plus,BALANCED,DC_NEGLECT,MOCK,KIRI_2025_20|ASSUMPTION_V1
USR05740,40,40s,CONSERVATIVE,DC_NEGLECT,MOCK,KIRI_2025_20|ASSUMPTION_V1
USR05741,36,30s,STABLE_GROWTH,OVERLAP_RISK,MOCK,KIRI_2025_20|ASSUMPTION_V1
USR05742,33,30s,GROWTH,DC_NEGLECT,MOCK,KIRI_2025_20|ASSUMPTION_V1
USR05743,47,40s,STABLE_GROWTH,DC_NEGLECT,MOCK,KIRI_2025_20|ASSUMPTION_V1
USR05744,61,50_plus,CONSERVATIVE,TAX_BENEFIT_IDLE,MOCK,KIRI_2025_20|ASSUMPTION_V1
USR05745,46,40s,GROWTH,DC_NEGLECT,MOCK,KIRI_2025_20|ASSUMPTION_V1
USR05746,35,30s,BALANCED,OVERLAP_RISK,MOCK,KIRI_2025_20|ASSUMPTION_V1
USR05747,62,50_plus,GROWTH,TAX_BENEFIT_IDLE,MOCK,KIRI_2025_20|ASSUMPTION_V1
USR05748,61,50_plus,GROWTH,TAX_BENEFIT_IDLE,MOCK,KIRI_2025_20|ASSUMPTION_V1
USR05749,45,40s,BALANCED,DC_NEGLECT,MOCK,KIRI_2025_20|ASSUMPTION_V1
USR05750,43,40s,CONSERVATIVE,TAX_BENEFIT_IDLE,MOCK,KIRI_2025_20|ASSUMPTION_V1
USR05751,56,50_plus,GROWTH,DC_NEGLECT,MOCK,KIRI_2025_20|ASSUMPTION_V1
USR05752,34,30s,BALANCED,DC_NEGLECT,MOCK,KIRI_2025_20|ASSUMPTION_V1
USR05753,44,40s,GROWTH,TAX_BENEFIT_IDLE,MOCK,KIRI_2025_20|ASSUMPTION_V1
USR05754,30,30s,BALANCED,TAX_BENEFIT_IDLE,MOCK,KIRI_2025_20|ASSUMPTION_V1
USR05755,62,50_plus,BALANCED,TAX_BENEFIT_IDLE,MOCK,KIRI_2025_20|ASSUMPTION_V1
USR05756,52,50_plus,CONSERVATIVE,DC_NEGLECT,MOCK,KIRI_2025_20|ASSUMPTION_V1
USR05757,51,50_plus,STABLE_GROWTH,TAX_BENEFIT_IDLE,MOCK,KIRI_2025_20|ASSUMPTION_V1
USR05758,44,40s,STABLE_GROWTH,OVERLAP_RISK,MOCK,KIRI_2025_20|ASSUMPTION_V1
USR05759,47,40s,AGGRESSIVE,DC_NEGLECT,MOCK,KIRI_2025_20|ASSUMPTION_V1
USR05760,63,50_plus,CONSERVATIVE,TAX_BENEFIT_IDLE,MOCK,KIRI_2025_20|ASSUMPTION_V1
USR05761,30,30s,GROWTH,OVERLAP_RISK,MOCK,KIRI_2025_20|ASSUMPTION_V1
USR05762,41,40s,BALANCED,TAX_BENEFIT_IDLE,MOCK,KIRI_2025_20|ASSUMPTION_V1
USR05763,57,50_plus,BALANCED,OVERLAP_RISK,MOCK,KIRI_2025_20|ASSUMPTION_V1
USR05764,36,30s,STABLE_GROWTH,TAX_BENEFIT_IDLE,MOCK,KIRI_2025_20|ASSUMPTION_V1
USR05765,37,30s,GROWTH,OVERLAP_RISK,MOCK,KIRI_2025_20|ASSUMPTION_V1
USR05766,30,30s,STABLE_GROWTH,TAX_BENEFIT_IDLE,MOCK,KIRI_2025_20|ASSUMPTION_V1
USR05767,22,20s,GROWTH,DC_NEGLECT,MOCK,KIRI_2025_20|ASSUMPTION_V1
USR05768,62,50_plus,BALANCED,DC_NEGLECT,MOCK,KIRI_2025_20|ASSUMPTION_V1
USR05769,57,50_plus,CONSERVATIVE,OVERLAP_RISK,MOCK,KIRI_2025_20|ASSUMPTION_V1
USR05770,34,30s,BALANCED,OVERLAP_RISK,MOCK,KIRI_2025_20|ASSUMPTION_V1
USR05771,57,50_plus,CONSERVATIVE,DC_NEGLECT,MOCK,KIRI_2025_20|ASSUMPTION_V1
USR05772,60,50_plus,CONSERVATIVE,OVERLAP_RISK,MOCK,KIRI_2025_20|ASSUMPTION_V1
USR05773,30,30s,BALANCED,DC_NEGLECT,MOCK,KIRI_2025_20|ASSUMPTION_V1
USR05774,42,40s,GROWTH,DC_NEGLECT,MOCK,KIRI_2025_20|ASSUMPTION_V1
USR05775,34,30s,GROWTH,TAX_BENEFIT_IDLE,MOCK,KIRI_2025_20|ASSUMPTION_V1
USR05776,28,20s,BALANCED,OVERLAP_RISK,MOCK,KIRI_2025_20|ASSUMPTION_V1
USR05777,32,30s,CONSERVATIVE,TAX_BENEFIT_IDLE,MOCK,KIRI_2025_20|ASSUMPTION_V1
USR05778,50,50_plus,GROWTH,DC_NEGLECT,MOCK,KIRI_2025_20|ASSUMPTION_V1
USR05779,58,50_plus,CONSERVATIVE,DC_NEGLECT,MOCK,KIRI_2025_20|ASSUMPTION_V1
USR05780,46,40s,BALANCED,OVERLAP_RISK,MOCK,KIRI_2025_20|ASSUMPTION_V1
USR05781,27,20s,GROWTH,OVERLAP_RISK,MOCK,KIRI_2025_20|ASSUMPTION_V1
USR05782,57,50_plus,STABLE_GROWTH,DC_NEGLECT,MOCK,KIRI_2025_20|ASSUMPTION_V1
USR05783,47,40s,CONSERVATIVE,TAX_BENEFIT_IDLE,MOCK,KIRI_2025_20|ASSUMPTION_V1
USR05784,51,50_plus,STABLE_GROWTH,TAX_BENEFIT_IDLE,MOCK,KIRI_2025_20|ASSUMPTION_V1
USR05785,63,50_plus,BALANCED,OVERLAP_RISK,MOCK,KIRI_2025_20|ASSUMPTION_V1
USR05786,36,30s,CONSERVATIVE,TAX_BENEFIT_IDLE,MOCK,KIRI_2025_20|ASSUMPTION_V1
USR05787,63,50_plus,STABLE_GROWTH,DC_NEGLECT,MOCK,KIRI_2025_20|ASSUMPTION_V1
USR05788,56,50_plus,STABLE_GROWTH,DC_NEGLECT,MOCK,KIRI_2025_20|ASSUMPTION_V1
USR05789,26,20s,BALANCED,TAX_BENEFIT_IDLE,MOCK,KIRI_2025_20|ASSUMPTION_V1
USR05790,40,40s,GROWTH,TAX_BENEFIT_IDLE,MOCK,KIRI_2025_20|ASSUMPTION_V1
USR05791,33,30s,BALANCED,DC_NEGLECT,MOCK,KIRI_2025_20|ASSUMPTION_V1
USR05792,55,50_plus,STABLE_GROWTH,OVERLAP_RISK,MOCK,KIRI_2025_20|ASSUMPTION_V1
USR05793,50,50_plus,CONSERVATIVE,DC_NEGLECT,MOCK,KIRI_2025_20|ASSUMPTION_V1
USR05794,31,30s,CONSERVATIVE,OVERLAP_RISK,MOCK,KIRI_2025_20|ASSUMPTION_V1
USR05795,59,50_plus,STABLE_GROWTH,DC_NEGLECT,MOCK,KIRI_2025_20|ASSUMPTION_V1
USR05796,55,50_plus,CONSERVATIVE,OVERLAP_RISK,MOCK,KIRI_2025_20|ASSUMPTION_V1
USR05797,41,40s,STABLE_GROWTH,DC_NEGLECT,MOCK,KIRI_2025_20|ASSUMPTION_V1
USR05798,34,30s,GROWTH,OVERLAP_RISK,MOCK,KIRI_2025_20|ASSUMPTION_V1
USR05799,52,50_plus,BALANCED,TAX_BENEFIT_IDLE,MOCK,KIRI_2025_20|ASSUMPTION_V1
USR05800,48,40s,BALANCED,DC_NEGLECT,MOCK,KIRI_2025_20|ASSUMPTION_V1
USR05801,36,30s,GROWTH,DC_NEGLECT,MOCK,KIRI_2025_20|ASSUMPTION_V1
USR05802,29,20s,AGGRESSIVE,OVERLAP_RISK,MOCK,KIRI_2025_20|ASSUMPTION_V1
USR05803,37,30s,STABLE_GROWTH,DC_NEGLECT,MOCK,KIRI_2025_20|ASSUMPTION_V1
USR05804,51,50_plus,BALANCED,DC_NEGLECT,MOCK,KIRI_2025_20|ASSUMPTION_V1
USR05805,27,20s,CONSERVATIVE,DC_NEGLECT,MOCK,KIRI_2025_20|ASSUMPTION_V1
USR05806,54,50_plus,CONSERVATIVE,DC_NEGLECT,MOCK,KIRI_2025_20|ASSUMPTION_V1
USR05807,40,40s,AGGRESSIVE,OVERLAP_RISK,MOCK,KIRI_2025_20|ASSUMPTION_V1
USR05808,56,50_plus,CONSERVATIVE,TAX_BENEFIT_IDLE,MOCK,KIRI_2025_20|ASSUMPTION_V1
USR05809,42,40s,STABLE_GROWTH,TAX_BENEFIT_IDLE,MOCK,KIRI_2025_20|ASSUMPTION_V1
USR05810,45,40s,STABLE_GROWTH,DC_NEGLECT,MOCK,KIRI_2025_20|ASSUMPTION_V1
USR05811,36,30s,STABLE_GROWTH,OVERLAP_RISK,MOCK,KIRI_2025_20|ASSUMPTION_V1
USR05812,29,20s,BALANCED,OVERLAP_RISK,MOCK,KIRI_2025_20|ASSUMPTION_V1
USR05813,62,50_plus,BALANCED,OVERLAP_RISK,MOCK,KIRI_2025_20|ASSUMPTION_V1
USR05814,49,40s,BALANCED,OVERLAP_RISK,MOCK,KIRI_2025_20|ASSUMPTION_V1
USR05815,20,20s,BALANCED,DC_NEGLECT,MOCK,KIRI_2025_20|ASSUMPTION_V1
USR05816,42,40s,STABLE_GROWTH,OVERLAP_RISK,MOCK,KIRI_2025_20|ASSUMPTION_V1
USR05817,31,30s,STABLE_GROWTH,TAX_BENEFIT_IDLE,MOCK,KIRI_2025_20|ASSUMPTION_V1
USR05818,41,40s,STABLE_GROWTH,TAX_BENEFIT_IDLE,MOCK,KIRI_2025_20|ASSUMPTION_V1
USR05819,39,30s,BALANCED,OVERLAP_RISK,MOCK,KIRI_2025_20|ASSUMPTION_V1
USR05820,35,30s,AGGRESSIVE,TAX_BENEFIT_IDLE,MOCK,KIRI_2025_20|ASSUMPTION_V1
USR05821,42,40s,AGGRESSIVE,DC_NEGLECT,MOCK,KIRI_2025_20|ASSUMPTION_V1
USR05822,33,30s,STABLE_GROWTH,DC_NEGLECT,MOCK,KIRI_2025_20|ASSUMPTION_V1
USR05823,40,40s,BALANCED,OVERLAP_RISK,MOCK,KIRI_2025_20|ASSUMPTION_V1
USR05824,41,40s,AGGRESSIVE,DC_NEGLECT,MOCK,KIRI_2025_20|ASSUMPTION_V1
USR05825,32,30s,GROWTH,OVERLAP_RISK,MOCK,KIRI_2025_20|ASSUMPTION_V1
USR05826,31,30s,GROWTH,TAX_BENEFIT_IDLE,MOCK,KIRI_2025_20|ASSUMPTION_V1
USR05827,23,20s,BALANCED,DC_NEGLECT,MOCK,KIRI_2025_20|ASSUMPTION_V1
USR05828,34,30s,AGGRESSIVE,TAX_BENEFIT_IDLE,MOCK,KIRI_2025_20|ASSUMPTION_V1
USR05829,58,50_plus,CONSERVATIVE,DC_NEGLECT,MOCK,KIRI_2025_20|ASSUMPTION_V1
USR05830,42,40s,STABLE_GROWTH,DC_NEGLECT,MOCK,KIRI_2025_20|ASSUMPTION_V1
USR05831,52,50_plus,STABLE_GROWTH,DC_NEGLECT,MOCK,KIRI_2025_20|ASSUMPTION_V1
USR05832,38,30s,BALANCED,OVERLAP_RISK,MOCK,KIRI_2025_20|ASSUMPTION_V1
USR05833,46,40s,STABLE_GROWTH,TAX_BENEFIT_IDLE,MOCK,KIRI_2025_20|ASSUMPTION_V1
USR05834,60,50_plus,STABLE_GROWTH,DC_NEGLECT,MOCK,KIRI_2025_20|ASSUMPTION_V1
USR05835,37,30s,STABLE_GROWTH,TAX_BENEFIT_IDLE,MOCK,KIRI_2025_20|ASSUMPTION_V1
USR05836,20,20s,STABLE_GROWTH,DC_NEGLECT,MOCK,KIRI_2025_20|ASSUMPTION_V1
USR05837,30,30s,BALANCED,OVERLAP_RISK,MOCK,KIRI_2025_20|ASSUMPTION_V1
USR05838,58,50_plus,STABLE_GROWTH,OVERLAP_RISK,MOCK,KIRI_2025_20|ASSUMPTION_V1
USR05839,38,30s,STABLE_GROWTH,OVERLAP_RISK,MOCK,KIRI_2025_20|ASSUMPTION_V1
USR05840,30,30s,STABLE_GROWTH,DC_NEGLECT,MOCK,KIRI_2025_20|ASSUMPTION_V1
USR05841,55,50_plus,CONSERVATIVE,DC_NEGLECT,MOCK,KIRI_2025_20|ASSUMPTION_V1
USR05842,40,40s,CONSERVATIVE,DC_NEGLECT,MOCK,KIRI_2025_20|ASSUMPTION_V1
USR05843,58,50_plus,CONSERVATIVE,DC_NEGLECT,MOCK,KIRI_2025_20|ASSUMPTION_V1
USR05844,46,40s,CONSERVATIVE,TAX_BENEFIT_IDLE,MOCK,KIRI_2025_20|ASSUMPTION_V1
USR05845,43,40s,STABLE_GROWTH,OVERLAP_RISK,MOCK,KIRI_2025_20|ASSUMPTION_V1
USR05846,35,30s,CONSERVATIVE,DC_NEGLECT,MOCK,KIRI_2025_20|ASSUMPTION_V1
USR05847,31,30s,BALANCED,DC_NEGLECT,MOCK,KIRI_2025_20|ASSUMPTION_V1
USR05848,33,30s,GROWTH,OVERLAP_RISK,MOCK,KIRI_2025_20|ASSUMPTION_V1
USR05849,47,40s,BALANCED,OVERLAP_RISK,MOCK,KIRI_2025_20|ASSUMPTION_V1
USR05850,57,50_plus,GROWTH,TAX_BENEFIT_IDLE,MOCK,KIRI_2025_20|ASSUMPTION_V1
USR05851,37,30s,GROWTH,OVERLAP_RISK,MOCK,KIRI_2025_20|ASSUMPTION_V1
USR05852,40,40s,BALANCED,DC_NEGLECT,MOCK,KIRI_2025_20|ASSUMPTION_V1
USR05853,45,40s,BALANCED,OVERLAP_RISK,MOCK,KIRI_2025_20|ASSUMPTION_V1
USR05854,61,50_plus,STABLE_GROWTH,TAX_BENEFIT_IDLE,MOCK,KIRI_2025_20|ASSUMPTION_V1
USR05855,61,50_plus,BALANCED,TAX_BENEFIT_IDLE,MOCK,KIRI_2025_20|ASSUMPTION_V1
USR05856,43,40s,STABLE_GROWTH,OVERLAP_RISK,MOCK,KIRI_2025_20|ASSUMPTION_V1
USR05857,44,40s,BALANCED,OVERLAP_RISK,MOCK,KIRI_2025_20|ASSUMPTION_V1
USR05858,36,30s,GROWTH,TAX_BENEFIT_IDLE,MOCK,KIRI_2025_20|ASSUMPTION_V1
USR05859,64,50_plus,STABLE_GROWTH,OVERLAP_RISK,MOCK,KIRI_2025_20|ASSUMPTION_V1
USR05860,46,40s,BALANCED,DC_NEGLECT,MOCK,KIRI_2025_20|ASSUMPTION_V1
USR05861,33,30s,GROWTH,TAX_BENEFIT_IDLE,MOCK,KIRI_2025_20|ASSUMPTION_V1
USR05862,59,50_plus,BALANCED,OVERLAP_RISK,MOCK,KIRI_2025_20|ASSUMPTION_V1
USR05863,44,40s,STABLE_GROWTH,TAX_BENEFIT_IDLE,MOCK,KIRI_2025_20|ASSUMPTION_V1
USR05864,36,30s,AGGRESSIVE,DC_NEGLECT,MOCK,KIRI_2025_20|ASSUMPTION_V1
USR05865,24,20s,BALANCED,DC_NEGLECT,MOCK,KIRI_2025_20|ASSUMPTION_V1
USR05866,43,40s,BALANCED,TAX_BENEFIT_IDLE,MOCK,KIRI_2025_20|ASSUMPTION_V1
USR05867,34,30s,BALANCED,TAX_BENEFIT_IDLE,MOCK,KIRI_2025_20|ASSUMPTION_V1
USR05868,46,40s,BALANCED,TAX_BENEFIT_IDLE,MOCK,KIRI_2025_20|ASSUMPTION_V1
USR05869,40,40s,STABLE_GROWTH,DC_NEGLECT,MOCK,KIRI_2025_20|ASSUMPTION_V1
USR05870,42,40s,CONSERVATIVE,DC_NEGLECT,MOCK,KIRI_2025_20|ASSUMPTION_V1
USR05871,63,50_plus,CONSERVATIVE,DC_NEGLECT,MOCK,KIRI_2025_20|ASSUMPTION_V1
USR05872,49,40s,GROWTH,DC_NEGLECT,MOCK,KIRI_2025_20|ASSUMPTION_V1
USR05873,62,50_plus,BALANCED,TAX_BENEFIT_IDLE,MOCK,KIRI_2025_20|ASSUMPTION_V1
USR05874,37,30s,BALANCED,DC_NEGLECT,MOCK,KIRI_2025_20|ASSUMPTION_V1
USR05875,52,50_plus,CONSERVATIVE,OVERLAP_RISK,MOCK,KIRI_2025_20|ASSUMPTION_V1
USR05876,52,50_plus,CONSERVATIVE,DC_NEGLECT,MOCK,KIRI_2025_20|ASSUMPTION_V1
USR05877,52,50_plus,GROWTH,TAX_BENEFIT_IDLE,MOCK,KIRI_2025_20|ASSUMPTION_V1
USR05878,62,50_plus,STABLE_GROWTH,DC_NEGLECT,MOCK,KIRI_2025_20|ASSUMPTION_V1
USR05879,34,30s,BALANCED,DC_NEGLECT,MOCK,KIRI_2025_20|ASSUMPTION_V1
USR05880,47,40s,CONSERVATIVE,OVERLAP_RISK,MOCK,KIRI_2025_20|ASSUMPTION_V1
USR05881,64,50_plus,CONSERVATIVE,OVERLAP_RISK,MOCK,KIRI_2025_20|ASSUMPTION_V1
USR05882,26,20s,GROWTH,OVERLAP_RISK,MOCK,KIRI_2025_20|ASSUMPTION_V1
USR05883,42,40s,BALANCED,OVERLAP_RISK,MOCK,KIRI_2025_20|ASSUMPTION_V1
USR05884,43,40s,CONSERVATIVE,TAX_BENEFIT_IDLE,MOCK,KIRI_2025_20|ASSUMPTION_V1
USR05885,22,20s,BALANCED,OVERLAP_RISK,MOCK,KIRI_2025_20|ASSUMPTION_V1
USR05886,37,30s,STABLE_GROWTH,TAX_BENEFIT_IDLE,MOCK,KIRI_2025_20|ASSUMPTION_V1
USR05887,30,30s,GROWTH,DC_NEGLECT,MOCK,KIRI_2025_20|ASSUMPTION_V1
USR05888,42,40s,GROWTH,TAX_BENEFIT_IDLE,MOCK,KIRI_2025_20|ASSUMPTION_V1
USR05889,51,50_plus,BALANCED,OVERLAP_RISK,MOCK,KIRI_2025_20|ASSUMPTION_V1
USR05890,36,30s,STABLE_GROWTH,TAX_BENEFIT_IDLE,MOCK,KIRI_2025_20|ASSUMPTION_V1
USR05891,61,50_plus,AGGRESSIVE,DC_NEGLECT,MOCK,KIRI_2025_20|ASSUMPTION_V1
USR05892,41,40s,STABLE_GROWTH,OVERLAP_RISK,MOCK,KIRI_2025_20|ASSUMPTION_V1
USR05893,39,30s,STABLE_GROWTH,OVERLAP_RISK,MOCK,KIRI_2025_20|ASSUMPTION_V1
USR05894,42,40s,BALANCED,TAX_BENEFIT_IDLE,MOCK,KIRI_2025_20|ASSUMPTION_V1
USR05895,40,40s,CONSERVATIVE,TAX_BENEFIT_IDLE,MOCK,KIRI_2025_20|ASSUMPTION_V1
USR05896,47,40s,BALANCED,TAX_BENEFIT_IDLE,MOCK,KIRI_2025_20|ASSUMPTION_V1
USR05897,45,40s,CONSERVATIVE,OVERLAP_RISK,MOCK,KIRI_2025_20|ASSUMPTION_V1
USR05898,29,20s,GROWTH,DC_NEGLECT,MOCK,KIRI_2025_20|ASSUMPTION_V1
USR05899,56,50_plus,STABLE_GROWTH,TAX_BENEFIT_IDLE,MOCK,KIRI_2025_20|ASSUMPTION_V1
USR05900,50,50_plus,STABLE_GROWTH,OVERLAP_RISK,MOCK,KIRI_2025_20|ASSUMPTION_V1
USR05901,45,40s,BALANCED,DC_NEGLECT,MOCK,KIRI_2025_20|ASSUMPTION_V1
USR05902,61,50_plus,CONSERVATIVE,DC_NEGLECT,MOCK,KIRI_2025_20|ASSUMPTION_V1
USR05903,27,20s,GROWTH,DC_NEGLECT,MOCK,KIRI_2025_20|ASSUMPTION_V1
USR05904,56,50_plus,BALANCED,TAX_BENEFIT_IDLE,MOCK,KIRI_2025_20|ASSUMPTION_V1
USR05905,45,40s,GROWTH,TAX_BENEFIT_IDLE,MOCK,KIRI_2025_20|ASSUMPTION_V1
USR05906,34,30s,STABLE_GROWTH,DC_NEGLECT,MOCK,KIRI_2025_20|ASSUMPTION_V1
USR05907,31,30s,STABLE_GROWTH,DC_NEGLECT,MOCK,KIRI_2025_20|ASSUMPTION_V1
USR05908,44,40s,BALANCED,OVERLAP_RISK,MOCK,KIRI_2025_20|ASSUMPTION_V1
USR05909,31,30s,BALANCED,TAX_BENEFIT_IDLE,MOCK,KIRI_2025_20|ASSUMPTION_V1
USR05910,61,50_plus,CONSERVATIVE,TAX_BENEFIT_IDLE,MOCK,KIRI_2025_20|ASSUMPTION_V1
USR05911,36,30s,BALANCED,OVERLAP_RISK,MOCK,KIRI_2025_20|ASSUMPTION_V1
USR05912,33,30s,STABLE_GROWTH,OVERLAP_RISK,MOCK,KIRI_2025_20|ASSUMPTION_V1
USR05913,58,50_plus,GROWTH,OVERLAP_RISK,MOCK,KIRI_2025_20|ASSUMPTION_V1
USR05914,30,30s,CONSERVATIVE,TAX_BENEFIT_IDLE,MOCK,KIRI_2025_20|ASSUMPTION_V1
USR05915,64,50_plus,BALANCED,OVERLAP_RISK,MOCK,KIRI_2025_20|ASSUMPTION_V1
USR05916,34,30s,AGGRESSIVE,DC_NEGLECT,MOCK,KIRI_2025_20|ASSUMPTION_V1
USR05917,64,50_plus,BALANCED,OVERLAP_RISK,MOCK,KIRI_2025_20|ASSUMPTION_V1
USR05918,46,40s,BALANCED,DC_NEGLECT,MOCK,KIRI_2025_20|ASSUMPTION_V1
USR05919,58,50_plus,GROWTH,TAX_BENEFIT_IDLE,MOCK,KIRI_2025_20|ASSUMPTION_V1
USR05920,32,30s,CONSERVATIVE,OVERLAP_RISK,MOCK,KIRI_2025_20|ASSUMPTION_V1
USR05921,55,50_plus,CONSERVATIVE,OVERLAP_RISK,MOCK,KIRI_2025_20|ASSUMPTION_V1
USR05922,30,30s,BALANCED,OVERLAP_RISK,MOCK,KIRI_2025_20|ASSUMPTION_V1
USR05923,60,50_plus,BALANCED,DC_NEGLECT,MOCK,KIRI_2025_20|ASSUMPTION_V1
USR05924,40,40s,STABLE_GROWTH,DC_NEGLECT,MOCK,KIRI_2025_20|ASSUMPTION_V1
USR05925,32,30s,CONSERVATIVE,DC_NEGLECT,MOCK,KIRI_2025_20|ASSUMPTION_V1
USR05926,47,40s,GROWTH,DC_NEGLECT,MOCK,KIRI_2025_20|ASSUMPTION_V1
USR05927,58,50_plus,STABLE_GROWTH,OVERLAP_RISK,MOCK,KIRI_2025_20|ASSUMPTION_V1
USR05928,37,30s,GROWTH,OVERLAP_RISK,MOCK,KIRI_2025_20|ASSUMPTION_V1
USR05929,40,40s,GROWTH,TAX_BENEFIT_IDLE,MOCK,KIRI_2025_20|ASSUMPTION_V1
USR05930,33,30s,GROWTH,OVERLAP_RISK,MOCK,KIRI_2025_20|ASSUMPTION_V1
USR05931,63,50_plus,CONSERVATIVE,TAX_BENEFIT_IDLE,MOCK,KIRI_2025_20|ASSUMPTION_V1
USR05932,22,20s,STABLE_GROWTH,DC_NEGLECT,MOCK,KIRI_2025_20|ASSUMPTION_V1
USR05933,37,30s,BALANCED,OVERLAP_RISK,MOCK,KIRI_2025_20|ASSUMPTION_V1
USR05934,38,30s,GROWTH,DC_NEGLECT,MOCK,KIRI_2025_20|ASSUMPTION_V1
USR05935,61,50_plus,STABLE_GROWTH,TAX_BENEFIT_IDLE,MOCK,KIRI_2025_20|ASSUMPTION_V1
USR05936,39,30s,CONSERVATIVE,OVERLAP_RISK,MOCK,KIRI_2025_20|ASSUMPTION_V1
USR05937,54,50_plus,BALANCED,DC_NEGLECT,MOCK,KIRI_2025_20|ASSUMPTION_V1
USR05938,38,30s,STABLE_GROWTH,OVERLAP_RISK,MOCK,KIRI_2025_20|ASSUMPTION_V1
USR05939,59,50_plus,GROWTH,OVERLAP_RISK,MOCK,KIRI_2025_20|ASSUMPTION_V1
USR05940,37,30s,BALANCED,TAX_BENEFIT_IDLE,MOCK,KIRI_2025_20|ASSUMPTION_V1
USR05941,55,50_plus,BALANCED,DC_NEGLECT,MOCK,KIRI_2025_20|ASSUMPTION_V1
USR05942,34,30s,CONSERVATIVE,DC_NEGLECT,MOCK,KIRI_2025_20|ASSUMPTION_V1
USR05943,49,40s,BALANCED,DC_NEGLECT,MOCK,KIRI_2025_20|ASSUMPTION_V1
USR05944,52,50_plus,STABLE_GROWTH,DC_NEGLECT,MOCK,KIRI_2025_20|ASSUMPTION_V1
USR05945,42,40s,STABLE_GROWTH,OVERLAP_RISK,MOCK,KIRI_2025_20|ASSUMPTION_V1
USR05946,23,20s,GROWTH,OVERLAP_RISK,MOCK,KIRI_2025_20|ASSUMPTION_V1
USR05947,27,20s,BALANCED,DC_NEGLECT,MOCK,KIRI_2025_20|ASSUMPTION_V1
USR05948,45,40s,CONSERVATIVE,OVERLAP_RISK,MOCK,KIRI_2025_20|ASSUMPTION_V1
USR05949,43,40s,BALANCED,DC_NEGLECT,MOCK,KIRI_2025_20|ASSUMPTION_V1
USR05950,54,50_plus,STABLE_GROWTH,OVERLAP_RISK,MOCK,KIRI_2025_20|ASSUMPTION_V1
USR05951,34,30s,GROWTH,DC_NEGLECT,MOCK,KIRI_2025_20|ASSUMPTION_V1
USR05952,44,40s,BALANCED,TAX_BENEFIT_IDLE,MOCK,KIRI_2025_20|ASSUMPTION_V1
USR05953,20,20s,GROWTH,TAX_BENEFIT_IDLE,MOCK,KIRI_2025_20|ASSUMPTION_V1
USR05954,23,20s,BALANCED,TAX_BENEFIT_IDLE,MOCK,KIRI_2025_20|ASSUMPTION_V1
USR05955,32,30s,CONSERVATIVE,DC_NEGLECT,MOCK,KIRI_2025_20|ASSUMPTION_V1
USR05956,42,40s,GROWTH,DC_NEGLECT,MOCK,KIRI_2025_20|ASSUMPTION_V1
USR05957,28,20s,GROWTH,TAX_BENEFIT_IDLE,MOCK,KIRI_2025_20|ASSUMPTION_V1
USR05958,25,20s,BALANCED,TAX_BENEFIT_IDLE,MOCK,KIRI_2025_20|ASSUMPTION_V1
USR05959,38,30s,GROWTH,TAX_BENEFIT_IDLE,MOCK,KIRI_2025_20|ASSUMPTION_V1
USR05960,45,40s,GROWTH,OVERLAP_RISK,MOCK,KIRI_2025_20|ASSUMPTION_V1
USR05961,37,30s,BALANCED,OVERLAP_RISK,MOCK,KIRI_2025_20|ASSUMPTION_V1
USR05962,39,30s,AGGRESSIVE,TAX_BENEFIT_IDLE,MOCK,KIRI_2025_20|ASSUMPTION_V1
USR05963,45,40s,GROWTH,DC_NEGLECT,MOCK,KIRI_2025_20|ASSUMPTION_V1
USR05964,44,40s,BALANCED,DC_NEGLECT,MOCK,KIRI_2025_20|ASSUMPTION_V1
USR05965,33,30s,BALANCED,OVERLAP_RISK,MOCK,KIRI_2025_20|ASSUMPTION_V1
USR05966,38,30s,CONSERVATIVE,TAX_BENEFIT_IDLE,MOCK,KIRI_2025_20|ASSUMPTION_V1
USR05967,32,30s,BALANCED,OVERLAP_RISK,MOCK,KIRI_2025_20|ASSUMPTION_V1
USR05968,36,30s,AGGRESSIVE,OVERLAP_RISK,MOCK,KIRI_2025_20|ASSUMPTION_V1
USR05969,58,50_plus,CONSERVATIVE,DC_NEGLECT,MOCK,KIRI_2025_20|ASSUMPTION_V1
USR05970,48,40s,GROWTH,OVERLAP_RISK,MOCK,KIRI_2025_20|ASSUMPTION_V1
USR05971,31,30s,STABLE_GROWTH,DC_NEGLECT,MOCK,KIRI_2025_20|ASSUMPTION_V1
USR05972,30,30s,GROWTH,OVERLAP_RISK,MOCK,KIRI_2025_20|ASSUMPTION_V1
USR05973,35,30s,AGGRESSIVE,TAX_BENEFIT_IDLE,MOCK,KIRI_2025_20|ASSUMPTION_V1
USR05974,41,40s,STABLE_GROWTH,TAX_BENEFIT_IDLE,MOCK,KIRI_2025_20|ASSUMPTION_V1
USR05975,27,20s,GROWTH,TAX_BENEFIT_IDLE,MOCK,KIRI_2025_20|ASSUMPTION_V1
USR05976,45,40s,GROWTH,OVERLAP_RISK,MOCK,KIRI_2025_20|ASSUMPTION_V1
USR05977,49,40s,GROWTH,OVERLAP_RISK,MOCK,KIRI_2025_20|ASSUMPTION_V1
USR05978,25,20s,BALANCED,DC_NEGLECT,MOCK,KIRI_2025_20|ASSUMPTION_V1
USR05979,31,30s,BALANCED,DC_NEGLECT,MOCK,KIRI_2025_20|ASSUMPTION_V1
USR05980,56,50_plus,STABLE_GROWTH,DC_NEGLECT,MOCK,KIRI_2025_20|ASSUMPTION_V1
USR05981,23,20s,CONSERVATIVE,TAX_BENEFIT_IDLE,MOCK,KIRI_2025_20|ASSUMPTION_V1
USR05982,60,50_plus,CONSERVATIVE,TAX_BENEFIT_IDLE,MOCK,KIRI_2025_20|ASSUMPTION_V1
USR05983,22,20s,AGGRESSIVE,OVERLAP_RISK,MOCK,KIRI_2025_20|ASSUMPTION_V1
USR05984,45,40s,AGGRESSIVE,DC_NEGLECT,MOCK,KIRI_2025_20|ASSUMPTION_V1
USR05985,41,40s,CONSERVATIVE,OVERLAP_RISK,MOCK,KIRI_2025_20|ASSUMPTION_V1
USR05986,38,30s,CONSERVATIVE,TAX_BENEFIT_IDLE,MOCK,KIRI_2025_20|ASSUMPTION_V1
USR05987,36,30s,BALANCED,TAX_BENEFIT_IDLE,MOCK,KIRI_2025_20|ASSUMPTION_V1
USR05988,37,30s,STABLE_GROWTH,TAX_BENEFIT_IDLE,MOCK,KIRI_2025_20|ASSUMPTION_V1
USR05989,33,30s,BALANCED,TAX_BENEFIT_IDLE,MOCK,KIRI_2025_20|ASSUMPTION_V1
USR05990,37,30s,STABLE_GROWTH,DC_NEGLECT,MOCK,KIRI_2025_20|ASSUMPTION_V1
USR05991,43,40s,CONSERVATIVE,DC_NEGLECT,MOCK,KIRI_2025_20|ASSUMPTION_V1
USR05992,36,30s,BALANCED,OVERLAP_RISK,MOCK,KIRI_2025_20|ASSUMPTION_V1
USR05993,49,40s,STABLE_GROWTH,DC_NEGLECT,MOCK,KIRI_2025_20|ASSUMPTION_V1
USR05994,30,30s,STABLE_GROWTH,TAX_BENEFIT_IDLE,MOCK,KIRI_2025_20|ASSUMPTION_V1
USR05995,52,50_plus,CONSERVATIVE,TAX_BENEFIT_IDLE,MOCK,KIRI_2025_20|ASSUMPTION_V1
USR05996,43,40s,GROWTH,TAX_BENEFIT_IDLE,MOCK,KIRI_2025_20|ASSUMPTION_V1
USR05997,44,40s,STABLE_GROWTH,DC_NEGLECT,MOCK,KIRI_2025_20|ASSUMPTION_V1
USR05998,40,40s,STABLE_GROWTH,TAX_BENEFIT_IDLE,MOCK,KIRI_2025_20|ASSUMPTION_V1
USR05999,54,50_plus,STABLE_GROWTH,TAX_BENEFIT_IDLE,MOCK,KIRI_2025_20|ASSUMPTION_V1
USR06000,34,30s,GROWTH,DC_NEGLECT,MOCK,KIRI_2025_20|ASSUMPTION_V1
USR06001,33,30s,AGGRESSIVE,TAX_BENEFIT_IDLE,MOCK,KIRI_2025_20|ASSUMPTION_V1
USR06002,55,50_plus,CONSERVATIVE,OVERLAP_RISK,MOCK,KIRI_2025_20|ASSUMPTION_V1
USR06003,28,20s,BALANCED,OVERLAP_RISK,MOCK,KIRI_2025_20|ASSUMPTION_V1
USR06004,57,50_plus,GROWTH,OVERLAP_RISK,MOCK,KIRI_2025_20|ASSUMPTION_V1
USR06005,33,30s,CONSERVATIVE,DC_NEGLECT,MOCK,KIRI_2025_20|ASSUMPTION_V1
USR06006,51,50_plus,BALANCED,DC_NEGLECT,MOCK,KIRI_2025_20|ASSUMPTION_V1
USR06007,49,40s,BALANCED,TAX_BENEFIT_IDLE,MOCK,KIRI_2025_20|ASSUMPTION_V1
USR06008,46,40s,CONSERVATIVE,OVERLAP_RISK,MOCK,KIRI_2025_20|ASSUMPTION_V1
USR06009,58,50_plus,STABLE_GROWTH,DC_NEGLECT,MOCK,KIRI_2025_20|ASSUMPTION_V1
USR06010,55,50_plus,GROWTH,OVERLAP_RISK,MOCK,KIRI_2025_20|ASSUMPTION_V1
USR06011,47,40s,BALANCED,OVERLAP_RISK,MOCK,KIRI_2025_20|ASSUMPTION_V1
USR06012,39,30s,GROWTH,OVERLAP_RISK,MOCK,KIRI_2025_20|ASSUMPTION_V1
USR06013,45,40s,CONSERVATIVE,DC_NEGLECT,MOCK,KIRI_2025_20|ASSUMPTION_V1
USR06014,46,40s,STABLE_GROWTH,TAX_BENEFIT_IDLE,MOCK,KIRI_2025_20|ASSUMPTION_V1
USR06015,25,20s,AGGRESSIVE,DC_NEGLECT,MOCK,KIRI_2025_20|ASSUMPTION_V1
USR06016,48,40s,STABLE_GROWTH,TAX_BENEFIT_IDLE,MOCK,KIRI_2025_20|ASSUMPTION_V1
USR06017,64,50_plus,STABLE_GROWTH,DC_NEGLECT,MOCK,KIRI_2025_20|ASSUMPTION_V1
USR06018,40,40s,BALANCED,DC_NEGLECT,MOCK,KIRI_2025_20|ASSUMPTION_V1
USR06019,63,50_plus,STABLE_GROWTH,TAX_BENEFIT_IDLE,MOCK,KIRI_2025_20|ASSUMPTION_V1
USR06020,36,30s,CONSERVATIVE,OVERLAP_RISK,MOCK,KIRI_2025_20|ASSUMPTION_V1
USR06021,35,30s,CONSERVATIVE,DC_NEGLECT,MOCK,KIRI_2025_20|ASSUMPTION_V1
USR06022,40,40s,BALANCED,TAX_BENEFIT_IDLE,MOCK,KIRI_2025_20|ASSUMPTION_V1
USR06023,48,40s,CONSERVATIVE,DC_NEGLECT,MOCK,KIRI_2025_20|ASSUMPTION_V1
USR06024,45,40s,BALANCED,DC_NEGLECT,MOCK,KIRI_2025_20|ASSUMPTION_V1
USR06025,44,40s,BALANCED,DC_NEGLECT,MOCK,KIRI_2025_20|ASSUMPTION_V1
USR06026,38,30s,BALANCED,DC_NEGLECT,MOCK,KIRI_2025_20|ASSUMPTION_V1
USR06027,55,50_plus,BALANCED,DC_NEGLECT,MOCK,KIRI_2025_20|ASSUMPTION_V1
USR06028,52,50_plus,GROWTH,DC_NEGLECT,MOCK,KIRI_2025_20|ASSUMPTION_V1
USR06029,51,50_plus,STABLE_GROWTH,TAX_BENEFIT_IDLE,MOCK,KIRI_2025_20|ASSUMPTION_V1
USR06030,26,20s,BALANCED,DC_NEGLECT,MOCK,KIRI_2025_20|ASSUMPTION_V1
USR06031,42,40s,CONSERVATIVE,DC_NEGLECT,MOCK,KIRI_2025_20|ASSUMPTION_V1
USR06032,42,40s,BALANCED,DC_NEGLECT,MOCK,KIRI_2025_20|ASSUMPTION_V1
USR06033,64,50_plus,CONSERVATIVE,DC_NEGLECT,MOCK,KIRI_2025_20|ASSUMPTION_V1
USR06034,36,30s,STABLE_GROWTH,DC_NEGLECT,MOCK,KIRI_2025_20|ASSUMPTION_V1
USR06035,44,40s,GROWTH,DC_NEGLECT,MOCK,KIRI_2025_20|ASSUMPTION_V1
USR06036,55,50_plus,CONSERVATIVE,OVERLAP_RISK,MOCK,KIRI_2025_20|ASSUMPTION_V1
USR06037,53,50_plus,STABLE_GROWTH,OVERLAP_RISK,MOCK,KIRI_2025_20|ASSUMPTION_V1
USR06038,54,50_plus,CONSERVATIVE,TAX_BENEFIT_IDLE,MOCK,KIRI_2025_20|ASSUMPTION_V1
USR06039,23,20s,STABLE_GROWTH,DC_NEGLECT,MOCK,KIRI_2025_20|ASSUMPTION_V1
USR06040,37,30s,BALANCED,DC_NEGLECT,MOCK,KIRI_2025_20|ASSUMPTION_V1
USR06041,40,40s,GROWTH,DC_NEGLECT,MOCK,KIRI_2025_20|ASSUMPTION_V1
USR06042,39,30s,BALANCED,OVERLAP_RISK,MOCK,KIRI_2025_20|ASSUMPTION_V1
USR06043,43,40s,CONSERVATIVE,OVERLAP_RISK,MOCK,KIRI_2025_20|ASSUMPTION_V1
USR06044,54,50_plus,STABLE_GROWTH,OVERLAP_RISK,MOCK,KIRI_2025_20|ASSUMPTION_V1
USR06045,50,50_plus,CONSERVATIVE,DC_NEGLECT,MOCK,KIRI_2025_20|ASSUMPTION_V1
USR06046,46,40s,CONSERVATIVE,TAX_BENEFIT_IDLE,MOCK,KIRI_2025_20|ASSUMPTION_V1
USR06047,44,40s,STABLE_GROWTH,TAX_BENEFIT_IDLE,MOCK,KIRI_2025_20|ASSUMPTION_V1
USR06048,31,30s,BALANCED,OVERLAP_RISK,MOCK,KIRI_2025_20|ASSUMPTION_V1
USR06049,56,50_plus,STABLE_GROWTH,OVERLAP_RISK,MOCK,KIRI_2025_20|ASSUMPTION_V1
USR06050,22,20s,BALANCED,TAX_BENEFIT_IDLE,MOCK,KIRI_2025_20|ASSUMPTION_V1
USR06051,58,50_plus,GROWTH,TAX_BENEFIT_IDLE,MOCK,KIRI_2025_20|ASSUMPTION_V1
USR06052,33,30s,GROWTH,OVERLAP_RISK,MOCK,KIRI_2025_20|ASSUMPTION_V1
USR06053,21,20s,STABLE_GROWTH,DC_NEGLECT,MOCK,KIRI_2025_20|ASSUMPTION_V1
USR06054,56,50_plus,CONSERVATIVE,DC_NEGLECT,MOCK,KIRI_2025_20|ASSUMPTION_V1
USR06055,40,40s,BALANCED,DC_NEGLECT,MOCK,KIRI_2025_20|ASSUMPTION_V1
USR06056,61,50_plus,CONSERVATIVE,OVERLAP_RISK,MOCK,KIRI_2025_20|ASSUMPTION_V1
USR06057,49,40s,BALANCED,TAX_BENEFIT_IDLE,MOCK,KIRI_2025_20|ASSUMPTION_V1
USR06058,42,40s,GROWTH,DC_NEGLECT,MOCK,KIRI_2025_20|ASSUMPTION_V1
USR06059,31,30s,GROWTH,DC_NEGLECT,MOCK,KIRI_2025_20|ASSUMPTION_V1
USR06060,31,30s,GROWTH,TAX_BENEFIT_IDLE,MOCK,KIRI_2025_20|ASSUMPTION_V1
USR06061,32,30s,CONSERVATIVE,DC_NEGLECT,MOCK,KIRI_2025_20|ASSUMPTION_V1
USR06062,48,40s,GROWTH,DC_NEGLECT,MOCK,KIRI_2025_20|ASSUMPTION_V1
USR06063,35,30s,BALANCED,OVERLAP_RISK,MOCK,KIRI_2025_20|ASSUMPTION_V1
USR06064,35,30s,GROWTH,OVERLAP_RISK,MOCK,KIRI_2025_20|ASSUMPTION_V1
USR06065,45,40s,BALANCED,TAX_BENEFIT_IDLE,MOCK,KIRI_2025_20|ASSUMPTION_V1
USR06066,29,20s,GROWTH,DC_NEGLECT,MOCK,KIRI_2025_20|ASSUMPTION_V1
USR06067,23,20s,STABLE_GROWTH,DC_NEGLECT,MOCK,KIRI_2025_20|ASSUMPTION_V1
USR06068,64,50_plus,STABLE_GROWTH,DC_NEGLECT,MOCK,KIRI_2025_20|ASSUMPTION_V1
USR06069,35,30s,AGGRESSIVE,TAX_BENEFIT_IDLE,MOCK,KIRI_2025_20|ASSUMPTION_V1
USR06070,64,50_plus,STABLE_GROWTH,DC_NEGLECT,MOCK,KIRI_2025_20|ASSUMPTION_V1
USR06071,47,40s,GROWTH,OVERLAP_RISK,MOCK,KIRI_2025_20|ASSUMPTION_V1
USR06072,33,30s,CONSERVATIVE,OVERLAP_RISK,MOCK,KIRI_2025_20|ASSUMPTION_V1
USR06073,59,50_plus,STABLE_GROWTH,DC_NEGLECT,MOCK,KIRI_2025_20|ASSUMPTION_V1
USR06074,37,30s,AGGRESSIVE,TAX_BENEFIT_IDLE,MOCK,KIRI_2025_20|ASSUMPTION_V1
USR06075,37,30s,GROWTH,TAX_BENEFIT_IDLE,MOCK,KIRI_2025_20|ASSUMPTION_V1
USR06076,46,40s,GROWTH,OVERLAP_RISK,MOCK,KIRI_2025_20|ASSUMPTION_V1
USR06077,58,50_plus,BALANCED,TAX_BENEFIT_IDLE,MOCK,KIRI_2025_20|ASSUMPTION_V1
USR06078,39,30s,STABLE_GROWTH,OVERLAP_RISK,MOCK,KIRI_2025_20|ASSUMPTION_V1
USR06079,62,50_plus,GROWTH,DC_NEGLECT,MOCK,KIRI_2025_20|ASSUMPTION_V1
USR06080,24,20s,BALANCED,DC_NEGLECT,MOCK,KIRI_2025_20|ASSUMPTION_V1
USR06081,38,30s,BALANCED,DC_NEGLECT,MOCK,KIRI_2025_20|ASSUMPTION_V1
USR06082,33,30s,BALANCED,OVERLAP_RISK,MOCK,KIRI_2025_20|ASSUMPTION_V1
USR06083,31,30s,AGGRESSIVE,DC_NEGLECT,MOCK,KIRI_2025_20|ASSUMPTION_V1
USR06084,30,30s,BALANCED,DC_NEGLECT,MOCK,KIRI_2025_20|ASSUMPTION_V1
USR06085,45,40s,BALANCED,DC_NEGLECT,MOCK,KIRI_2025_20|ASSUMPTION_V1
USR06086,49,40s,STABLE_GROWTH,DC_NEGLECT,MOCK,KIRI_2025_20|ASSUMPTION_V1
USR06087,26,20s,GROWTH,OVERLAP_RISK,MOCK,KIRI_2025_20|ASSUMPTION_V1
USR06088,34,30s,STABLE_GROWTH,DC_NEGLECT,MOCK,KIRI_2025_20|ASSUMPTION_V1
USR06089,40,40s,STABLE_GROWTH,OVERLAP_RISK,MOCK,KIRI_2025_20|ASSUMPTION_V1
USR06090,44,40s,STABLE_GROWTH,OVERLAP_RISK,MOCK,KIRI_2025_20|ASSUMPTION_V1
USR06091,59,50_plus,CONSERVATIVE,TAX_BENEFIT_IDLE,MOCK,KIRI_2025_20|ASSUMPTION_V1
USR06092,41,40s,STABLE_GROWTH,OVERLAP_RISK,MOCK,KIRI_2025_20|ASSUMPTION_V1
USR06093,45,40s,CONSERVATIVE,OVERLAP_RISK,MOCK,KIRI_2025_20|ASSUMPTION_V1
USR06094,46,40s,STABLE_GROWTH,DC_NEGLECT,MOCK,KIRI_2025_20|ASSUMPTION_V1
USR06095,62,50_plus,CONSERVATIVE,DC_NEGLECT,MOCK,KIRI_2025_20|ASSUMPTION_V1
USR06096,32,30s,STABLE_GROWTH,DC_NEGLECT,MOCK,KIRI_2025_20|ASSUMPTION_V1
USR06097,55,50_plus,CONSERVATIVE,DC_NEGLECT,MOCK,KIRI_2025_20|ASSUMPTION_V1
USR06098,62,50_plus,STABLE_GROWTH,DC_NEGLECT,MOCK,KIRI_2025_20|ASSUMPTION_V1
USR06099,27,20s,BALANCED,DC_NEGLECT,MOCK,KIRI_2025_20|ASSUMPTION_V1
USR06100,49,40s,BALANCED,OVERLAP_RISK,MOCK,KIRI_2025_20|ASSUMPTION_V1
USR06101,45,40s,BALANCED,OVERLAP_RISK,MOCK,KIRI_2025_20|ASSUMPTION_V1
USR06102,48,40s,STABLE_GROWTH,OVERLAP_RISK,MOCK,KIRI_2025_20|ASSUMPTION_V1
USR06103,36,30s,STABLE_GROWTH,DC_NEGLECT,MOCK,KIRI_2025_20|ASSUMPTION_V1
USR06104,30,30s,GROWTH,TAX_BENEFIT_IDLE,MOCK,KIRI_2025_20|ASSUMPTION_V1
USR06105,56,50_plus,AGGRESSIVE,DC_NEGLECT,MOCK,KIRI_2025_20|ASSUMPTION_V1
USR06106,43,40s,BALANCED,DC_NEGLECT,MOCK,KIRI_2025_20|ASSUMPTION_V1
USR06107,46,40s,GROWTH,OVERLAP_RISK,MOCK,KIRI_2025_20|ASSUMPTION_V1
USR06108,27,20s,GROWTH,DC_NEGLECT,MOCK,KIRI_2025_20|ASSUMPTION_V1
USR06109,56,50_plus,GROWTH,DC_NEGLECT,MOCK,KIRI_2025_20|ASSUMPTION_V1
USR06110,43,40s,CONSERVATIVE,OVERLAP_RISK,MOCK,KIRI_2025_20|ASSUMPTION_V1
USR06111,41,40s,BALANCED,DC_NEGLECT,MOCK,KIRI_2025_20|ASSUMPTION_V1
USR06112,33,30s,STABLE_GROWTH,DC_NEGLECT,MOCK,KIRI_2025_20|ASSUMPTION_V1
USR06113,25,20s,CONSERVATIVE,DC_NEGLECT,MOCK,KIRI_2025_20|ASSUMPTION_V1
USR06114,57,50_plus,GROWTH,DC_NEGLECT,MOCK,KIRI_2025_20|ASSUMPTION_V1
USR06115,42,40s,CONSERVATIVE,TAX_BENEFIT_IDLE,MOCK,KIRI_2025_20|ASSUMPTION_V1
USR06116,39,30s,GROWTH,DC_NEGLECT,MOCK,KIRI_2025_20|ASSUMPTION_V1
USR06117,42,40s,STABLE_GROWTH,TAX_BENEFIT_IDLE,MOCK,KIRI_2025_20|ASSUMPTION_V1
USR06118,47,40s,GROWTH,DC_NEGLECT,MOCK,KIRI_2025_20|ASSUMPTION_V1
USR06119,59,50_plus,CONSERVATIVE,OVERLAP_RISK,MOCK,KIRI_2025_20|ASSUMPTION_V1
USR06120,46,40s,GROWTH,TAX_BENEFIT_IDLE,MOCK,KIRI_2025_20|ASSUMPTION_V1
USR06121,30,30s,BALANCED,DC_NEGLECT,MOCK,KIRI_2025_20|ASSUMPTION_V1
USR06122,39,30s,BALANCED,DC_NEGLECT,MOCK,KIRI_2025_20|ASSUMPTION_V1
USR06123,27,20s,STABLE_GROWTH,OVERLAP_RISK,MOCK,KIRI_2025_20|ASSUMPTION_V1
USR06124,36,30s,BALANCED,TAX_BENEFIT_IDLE,MOCK,KIRI_2025_20|ASSUMPTION_V1
USR06125,40,40s,BALANCED,TAX_BENEFIT_IDLE,MOCK,KIRI_2025_20|ASSUMPTION_V1
USR06126,30,30s,BALANCED,DC_NEGLECT,MOCK,KIRI_2025_20|ASSUMPTION_V1
USR06127,43,40s,BALANCED,TAX_BENEFIT_IDLE,MOCK,KIRI_2025_20|ASSUMPTION_V1
USR06128,36,30s,BALANCED,DC_NEGLECT,MOCK,KIRI_2025_20|ASSUMPTION_V1
USR06129,38,30s,STABLE_GROWTH,DC_NEGLECT,MOCK,KIRI_2025_20|ASSUMPTION_V1
USR06130,39,30s,GROWTH,TAX_BENEFIT_IDLE,MOCK,KIRI_2025_20|ASSUMPTION_V1
USR06131,46,40s,BALANCED,OVERLAP_RISK,MOCK,KIRI_2025_20|ASSUMPTION_V1
USR06132,40,40s,STABLE_GROWTH,OVERLAP_RISK,MOCK,KIRI_2025_20|ASSUMPTION_V1
USR06133,42,40s,BALANCED,TAX_BENEFIT_IDLE,MOCK,KIRI_2025_20|ASSUMPTION_V1
USR06134,55,50_plus,STABLE_GROWTH,DC_NEGLECT,MOCK,KIRI_2025_20|ASSUMPTION_V1
USR06135,49,40s,STABLE_GROWTH,DC_NEGLECT,MOCK,KIRI_2025_20|ASSUMPTION_V1
USR06136,57,50_plus,STABLE_GROWTH,TAX_BENEFIT_IDLE,MOCK,KIRI_2025_20|ASSUMPTION_V1
USR06137,39,30s,BALANCED,OVERLAP_RISK,MOCK,KIRI_2025_20|ASSUMPTION_V1
USR06138,64,50_plus,AGGRESSIVE,DC_NEGLECT,MOCK,KIRI_2025_20|ASSUMPTION_V1
USR06139,29,20s,AGGRESSIVE,DC_NEGLECT,MOCK,KIRI_2025_20|ASSUMPTION_V1
USR06140,35,30s,BALANCED,TAX_BENEFIT_IDLE,MOCK,KIRI_2025_20|ASSUMPTION_V1
USR06141,27,20s,BALANCED,TAX_BENEFIT_IDLE,MOCK,KIRI_2025_20|ASSUMPTION_V1
USR06142,30,30s,CONSERVATIVE,TAX_BENEFIT_IDLE,MOCK,KIRI_2025_20|ASSUMPTION_V1
USR06143,46,40s,BALANCED,TAX_BENEFIT_IDLE,MOCK,KIRI_2025_20|ASSUMPTION_V1
USR06144,63,50_plus,STABLE_GROWTH,DC_NEGLECT,MOCK,KIRI_2025_20|ASSUMPTION_V1
USR06145,46,40s,BALANCED,OVERLAP_RISK,MOCK,KIRI_2025_20|ASSUMPTION_V1
USR06146,56,50_plus,CONSERVATIVE,DC_NEGLECT,MOCK,KIRI_2025_20|ASSUMPTION_V1
USR06147,60,50_plus,CONSERVATIVE,TAX_BENEFIT_IDLE,MOCK,KIRI_2025_20|ASSUMPTION_V1
USR06148,36,30s,GROWTH,OVERLAP_RISK,MOCK,KIRI_2025_20|ASSUMPTION_V1
USR06149,47,40s,STABLE_GROWTH,TAX_BENEFIT_IDLE,MOCK,KIRI_2025_20|ASSUMPTION_V1
USR06150,63,50_plus,BALANCED,OVERLAP_RISK,MOCK,KIRI_2025_20|ASSUMPTION_V1
USR06151,41,40s,STABLE_GROWTH,DC_NEGLECT,MOCK,KIRI_2025_20|ASSUMPTION_V1
USR06152,42,40s,CONSERVATIVE,TAX_BENEFIT_IDLE,MOCK,KIRI_2025_20|ASSUMPTION_V1
USR06153,32,30s,GROWTH,DC_NEGLECT,MOCK,KIRI_2025_20|ASSUMPTION_V1
USR06154,63,50_plus,AGGRESSIVE,DC_NEGLECT,MOCK,KIRI_2025_20|ASSUMPTION_V1
USR06155,61,50_plus,BALANCED,DC_NEGLECT,MOCK,KIRI_2025_20|ASSUMPTION_V1
USR06156,42,40s,CONSERVATIVE,OVERLAP_RISK,MOCK,KIRI_2025_20|ASSUMPTION_V1
USR06157,56,50_plus,STABLE_GROWTH,DC_NEGLECT,MOCK,KIRI_2025_20|ASSUMPTION_V1
USR06158,31,30s,GROWTH,DC_NEGLECT,MOCK,KIRI_2025_20|ASSUMPTION_V1
USR06159,30,30s,BALANCED,TAX_BENEFIT_IDLE,MOCK,KIRI_2025_20|ASSUMPTION_V1
USR06160,45,40s,STABLE_GROWTH,OVERLAP_RISK,MOCK,KIRI_2025_20|ASSUMPTION_V1
USR06161,54,50_plus,STABLE_GROWTH,TAX_BENEFIT_IDLE,MOCK,KIRI_2025_20|ASSUMPTION_V1
USR06162,56,50_plus,STABLE_GROWTH,OVERLAP_RISK,MOCK,KIRI_2025_20|ASSUMPTION_V1
USR06163,45,40s,BALANCED,OVERLAP_RISK,MOCK,KIRI_2025_20|ASSUMPTION_V1
USR06164,21,20s,STABLE_GROWTH,OVERLAP_RISK,MOCK,KIRI_2025_20|ASSUMPTION_V1
USR06165,46,40s,BALANCED,TAX_BENEFIT_IDLE,MOCK,KIRI_2025_20|ASSUMPTION_V1
USR06166,44,40s,STABLE_GROWTH,TAX_BENEFIT_IDLE,MOCK,KIRI_2025_20|ASSUMPTION_V1
USR06167,21,20s,GROWTH,OVERLAP_RISK,MOCK,KIRI_2025_20|ASSUMPTION_V1
USR06168,21,20s,AGGRESSIVE,DC_NEGLECT,MOCK,KIRI_2025_20|ASSUMPTION_V1
USR06169,34,30s,STABLE_GROWTH,DC_NEGLECT,MOCK,KIRI_2025_20|ASSUMPTION_V1
USR06170,37,30s,STABLE_GROWTH,TAX_BENEFIT_IDLE,MOCK,KIRI_2025_20|ASSUMPTION_V1
USR06171,56,50_plus,STABLE_GROWTH,OVERLAP_RISK,MOCK,KIRI_2025_20|ASSUMPTION_V1
USR06172,36,30s,GROWTH,DC_NEGLECT,MOCK,KIRI_2025_20|ASSUMPTION_V1
USR06173,49,40s,BALANCED,TAX_BENEFIT_IDLE,MOCK,KIRI_2025_20|ASSUMPTION_V1
USR06174,45,40s,BALANCED,OVERLAP_RISK,MOCK,KIRI_2025_20|ASSUMPTION_V1
USR06175,59,50_plus,CONSERVATIVE,DC_NEGLECT,MOCK,KIRI_2025_20|ASSUMPTION_V1
USR06176,52,50_plus,CONSERVATIVE,DC_NEGLECT,MOCK,KIRI_2025_20|ASSUMPTION_V1
USR06177,41,40s,BALANCED,DC_NEGLECT,MOCK,KIRI_2025_20|ASSUMPTION_V1
USR06178,48,40s,BALANCED,OVERLAP_RISK,MOCK,KIRI_2025_20|ASSUMPTION_V1
USR06179,56,50_plus,CONSERVATIVE,TAX_BENEFIT_IDLE,MOCK,KIRI_2025_20|ASSUMPTION_V1
USR06180,36,30s,BALANCED,TAX_BENEFIT_IDLE,MOCK,KIRI_2025_20|ASSUMPTION_V1
USR06181,28,20s,STABLE_GROWTH,DC_NEGLECT,MOCK,KIRI_2025_20|ASSUMPTION_V1
USR06182,28,20s,AGGRESSIVE,DC_NEGLECT,MOCK,KIRI_2025_20|ASSUMPTION_V1
USR06183,39,30s,CONSERVATIVE,DC_NEGLECT,MOCK,KIRI_2025_20|ASSUMPTION_V1
USR06184,39,30s,BALANCED,TAX_BENEFIT_IDLE,MOCK,KIRI_2025_20|ASSUMPTION_V1
USR06185,28,20s,GROWTH,TAX_BENEFIT_IDLE,MOCK,KIRI_2025_20|ASSUMPTION_V1
USR06186,32,30s,CONSERVATIVE,OVERLAP_RISK,MOCK,KIRI_2025_20|ASSUMPTION_V1
USR06187,64,50_plus,STABLE_GROWTH,DC_NEGLECT,MOCK,KIRI_2025_20|ASSUMPTION_V1
USR06188,22,20s,AGGRESSIVE,OVERLAP_RISK,MOCK,KIRI_2025_20|ASSUMPTION_V1
USR06189,32,30s,AGGRESSIVE,OVERLAP_RISK,MOCK,KIRI_2025_20|ASSUMPTION_V1
USR06190,51,50_plus,STABLE_GROWTH,TAX_BENEFIT_IDLE,MOCK,KIRI_2025_20|ASSUMPTION_V1
USR06191,32,30s,STABLE_GROWTH,DC_NEGLECT,MOCK,KIRI_2025_20|ASSUMPTION_V1
USR06192,54,50_plus,STABLE_GROWTH,TAX_BENEFIT_IDLE,MOCK,KIRI_2025_20|ASSUMPTION_V1
USR06193,25,20s,BALANCED,DC_NEGLECT,MOCK,KIRI_2025_20|ASSUMPTION_V1
USR06194,39,30s,BALANCED,TAX_BENEFIT_IDLE,MOCK,KIRI_2025_20|ASSUMPTION_V1
USR06195,44,40s,GROWTH,TAX_BENEFIT_IDLE,MOCK,KIRI_2025_20|ASSUMPTION_V1
USR06196,49,40s,AGGRESSIVE,OVERLAP_RISK,MOCK,KIRI_2025_20|ASSUMPTION_V1
USR06197,49,40s,BALANCED,DC_NEGLECT,MOCK,KIRI_2025_20|ASSUMPTION_V1
USR06198,31,30s,BALANCED,OVERLAP_RISK,MOCK,KIRI_2025_20|ASSUMPTION_V1
USR06199,45,40s,CONSERVATIVE,DC_NEGLECT,MOCK,KIRI_2025_20|ASSUMPTION_V1
USR06200,35,30s,GROWTH,DC_NEGLECT,MOCK,KIRI_2025_20|ASSUMPTION_V1
USR06201,47,40s,CONSERVATIVE,TAX_BENEFIT_IDLE,MOCK,KIRI_2025_20|ASSUMPTION_V1
USR06202,33,30s,BALANCED,OVERLAP_RISK,MOCK,KIRI_2025_20|ASSUMPTION_V1
USR06203,44,40s,CONSERVATIVE,TAX_BENEFIT_IDLE,MOCK,KIRI_2025_20|ASSUMPTION_V1
USR06204,43,40s,CONSERVATIVE,DC_NEGLECT,MOCK,KIRI_2025_20|ASSUMPTION_V1
USR06205,25,20s,GROWTH,DC_NEGLECT,MOCK,KIRI_2025_20|ASSUMPTION_V1
USR06206,30,30s,AGGRESSIVE,OVERLAP_RISK,MOCK,KIRI_2025_20|ASSUMPTION_V1
USR06207,34,30s,GROWTH,OVERLAP_RISK,MOCK,KIRI_2025_20|ASSUMPTION_V1
USR06208,30,30s,STABLE_GROWTH,DC_NEGLECT,MOCK,KIRI_2025_20|ASSUMPTION_V1
USR06209,45,40s,STABLE_GROWTH,OVERLAP_RISK,MOCK,KIRI_2025_20|ASSUMPTION_V1
USR06210,49,40s,BALANCED,DC_NEGLECT,MOCK,KIRI_2025_20|ASSUMPTION_V1
USR06211,41,40s,CONSERVATIVE,TAX_BENEFIT_IDLE,MOCK,KIRI_2025_20|ASSUMPTION_V1
USR06212,54,50_plus,STABLE_GROWTH,DC_NEGLECT,MOCK,KIRI_2025_20|ASSUMPTION_V1
USR06213,24,20s,GROWTH,DC_NEGLECT,MOCK,KIRI_2025_20|ASSUMPTION_V1
USR06214,53,50_plus,CONSERVATIVE,DC_NEGLECT,MOCK,KIRI_2025_20|ASSUMPTION_V1
USR06215,49,40s,STABLE_GROWTH,DC_NEGLECT,MOCK,KIRI_2025_20|ASSUMPTION_V1
USR06216,46,40s,GROWTH,DC_NEGLECT,MOCK,KIRI_2025_20|ASSUMPTION_V1
USR06217,60,50_plus,BALANCED,OVERLAP_RISK,MOCK,KIRI_2025_20|ASSUMPTION_V1
USR06218,27,20s,AGGRESSIVE,DC_NEGLECT,MOCK,KIRI_2025_20|ASSUMPTION_V1
USR06219,49,40s,BALANCED,TAX_BENEFIT_IDLE,MOCK,KIRI_2025_20|ASSUMPTION_V1
USR06220,52,50_plus,STABLE_GROWTH,DC_NEGLECT,MOCK,KIRI_2025_20|ASSUMPTION_V1
USR06221,57,50_plus,STABLE_GROWTH,DC_NEGLECT,MOCK,KIRI_2025_20|ASSUMPTION_V1
USR06222,47,40s,GROWTH,TAX_BENEFIT_IDLE,MOCK,KIRI_2025_20|ASSUMPTION_V1
USR06223,62,50_plus,STABLE_GROWTH,DC_NEGLECT,MOCK,KIRI_2025_20|ASSUMPTION_V1
USR06224,48,40s,BALANCED,DC_NEGLECT,MOCK,KIRI_2025_20|ASSUMPTION_V1
USR06225,37,30s,BALANCED,OVERLAP_RISK,MOCK,KIRI_2025_20|ASSUMPTION_V1
USR06226,36,30s,GROWTH,TAX_BENEFIT_IDLE,MOCK,KIRI_2025_20|ASSUMPTION_V1
USR06227,41,40s,STABLE_GROWTH,DC_NEGLECT,MOCK,KIRI_2025_20|ASSUMPTION_V1
USR06228,59,50_plus,BALANCED,DC_NEGLECT,MOCK,KIRI_2025_20|ASSUMPTION_V1
USR06229,40,40s,GROWTH,TAX_BENEFIT_IDLE,MOCK,KIRI_2025_20|ASSUMPTION_V1
USR06230,27,20s,BALANCED,OVERLAP_RISK,MOCK,KIRI_2025_20|ASSUMPTION_V1
USR06231,56,50_plus,CONSERVATIVE,DC_NEGLECT,MOCK,KIRI_2025_20|ASSUMPTION_V1
USR06232,36,30s,BALANCED,DC_NEGLECT,MOCK,KIRI_2025_20|ASSUMPTION_V1
USR06233,56,50_plus,STABLE_GROWTH,DC_NEGLECT,MOCK,KIRI_2025_20|ASSUMPTION_V1
USR06234,46,40s,CONSERVATIVE,DC_NEGLECT,MOCK,KIRI_2025_20|ASSUMPTION_V1
USR06235,54,50_plus,CONSERVATIVE,DC_NEGLECT,MOCK,KIRI_2025_20|ASSUMPTION_V1
USR06236,34,30s,BALANCED,DC_NEGLECT,MOCK,KIRI_2025_20|ASSUMPTION_V1
USR06237,20,20s,BALANCED,TAX_BENEFIT_IDLE,MOCK,KIRI_2025_20|ASSUMPTION_V1
USR06238,32,30s,STABLE_GROWTH,DC_NEGLECT,MOCK,KIRI_2025_20|ASSUMPTION_V1
USR06239,62,50_plus,BALANCED,OVERLAP_RISK,MOCK,KIRI_2025_20|ASSUMPTION_V1
USR06240,46,40s,STABLE_GROWTH,TAX_BENEFIT_IDLE,MOCK,KIRI_2025_20|ASSUMPTION_V1
USR06241,48,40s,AGGRESSIVE,OVERLAP_RISK,MOCK,KIRI_2025_20|ASSUMPTION_V1
USR06242,36,30s,GROWTH,DC_NEGLECT,MOCK,KIRI_2025_20|ASSUMPTION_V1
USR06243,24,20s,STABLE_GROWTH,TAX_BENEFIT_IDLE,MOCK,KIRI_2025_20|ASSUMPTION_V1
USR06244,22,20s,GROWTH,DC_NEGLECT,MOCK,KIRI_2025_20|ASSUMPTION_V1
USR06245,56,50_plus,CONSERVATIVE,OVERLAP_RISK,MOCK,KIRI_2025_20|ASSUMPTION_V1
USR06246,31,30s,BALANCED,OVERLAP_RISK,MOCK,KIRI_2025_20|ASSUMPTION_V1
USR06247,42,40s,BALANCED,DC_NEGLECT,MOCK,KIRI_2025_20|ASSUMPTION_V1
USR06248,46,40s,STABLE_GROWTH,OVERLAP_RISK,MOCK,KIRI_2025_20|ASSUMPTION_V1
USR06249,50,50_plus,GROWTH,OVERLAP_RISK,MOCK,KIRI_2025_20|ASSUMPTION_V1
USR06250,62,50_plus,STABLE_GROWTH,DC_NEGLECT,MOCK,KIRI_2025_20|ASSUMPTION_V1
USR06251,54,50_plus,BALANCED,DC_NEGLECT,MOCK,KIRI_2025_20|ASSUMPTION_V1
USR06252,30,30s,BALANCED,TAX_BENEFIT_IDLE,MOCK,KIRI_2025_20|ASSUMPTION_V1
USR06253,59,50_plus,STABLE_GROWTH,DC_NEGLECT,MOCK,KIRI_2025_20|ASSUMPTION_V1
USR06254,30,30s,BALANCED,TAX_BENEFIT_IDLE,MOCK,KIRI_2025_20|ASSUMPTION_V1
USR06255,31,30s,BALANCED,DC_NEGLECT,MOCK,KIRI_2025_20|ASSUMPTION_V1
USR06256,33,30s,BALANCED,OVERLAP_RISK,MOCK,KIRI_2025_20|ASSUMPTION_V1
USR06257,22,20s,GROWTH,TAX_BENEFIT_IDLE,MOCK,KIRI_2025_20|ASSUMPTION_V1
USR06258,60,50_plus,BALANCED,DC_NEGLECT,MOCK,KIRI_2025_20|ASSUMPTION_V1
USR06259,43,40s,STABLE_GROWTH,DC_NEGLECT,MOCK,KIRI_2025_20|ASSUMPTION_V1
USR06260,30,30s,GROWTH,OVERLAP_RISK,MOCK,KIRI_2025_20|ASSUMPTION_V1
USR06261,62,50_plus,CONSERVATIVE,OVERLAP_RISK,MOCK,KIRI_2025_20|ASSUMPTION_V1
USR06262,40,40s,GROWTH,TAX_BENEFIT_IDLE,MOCK,KIRI_2025_20|ASSUMPTION_V1
USR06263,27,20s,GROWTH,DC_NEGLECT,MOCK,KIRI_2025_20|ASSUMPTION_V1
USR06264,37,30s,CONSERVATIVE,DC_NEGLECT,MOCK,KIRI_2025_20|ASSUMPTION_V1
USR06265,31,30s,BALANCED,DC_NEGLECT,MOCK,KIRI_2025_20|ASSUMPTION_V1
USR06266,46,40s,BALANCED,OVERLAP_RISK,MOCK,KIRI_2025_20|ASSUMPTION_V1
USR06267,49,40s,BALANCED,DC_NEGLECT,MOCK,KIRI_2025_20|ASSUMPTION_V1
USR06268,58,50_plus,CONSERVATIVE,DC_NEGLECT,MOCK,KIRI_2025_20|ASSUMPTION_V1
USR06269,38,30s,CONSERVATIVE,TAX_BENEFIT_IDLE,MOCK,KIRI_2025_20|ASSUMPTION_V1
USR06270,30,30s,AGGRESSIVE,DC_NEGLECT,MOCK,KIRI_2025_20|ASSUMPTION_V1
USR06271,26,20s,GROWTH,TAX_BENEFIT_IDLE,MOCK,KIRI_2025_20|ASSUMPTION_V1
USR06272,26,20s,BALANCED,DC_NEGLECT,MOCK,KIRI_2025_20|ASSUMPTION_V1
USR06273,41,40s,BALANCED,OVERLAP_RISK,MOCK,KIRI_2025_20|ASSUMPTION_V1
USR06274,44,40s,STABLE_GROWTH,TAX_BENEFIT_IDLE,MOCK,KIRI_2025_20|ASSUMPTION_V1
USR06275,31,30s,BALANCED,OVERLAP_RISK,MOCK,KIRI_2025_20|ASSUMPTION_V1
USR06276,36,30s,STABLE_GROWTH,DC_NEGLECT,MOCK,KIRI_2025_20|ASSUMPTION_V1
USR06277,42,40s,BALANCED,DC_NEGLECT,MOCK,KIRI_2025_20|ASSUMPTION_V1
USR06278,28,20s,AGGRESSIVE,OVERLAP_RISK,MOCK,KIRI_2025_20|ASSUMPTION_V1
USR06279,60,50_plus,CONSERVATIVE,DC_NEGLECT,MOCK,KIRI_2025_20|ASSUMPTION_V1
USR06280,32,30s,GROWTH,TAX_BENEFIT_IDLE,MOCK,KIRI_2025_20|ASSUMPTION_V1
USR06281,57,50_plus,BALANCED,DC_NEGLECT,MOCK,KIRI_2025_20|ASSUMPTION_V1
USR06282,25,20s,BALANCED,DC_NEGLECT,MOCK,KIRI_2025_20|ASSUMPTION_V1
USR06283,57,50_plus,BALANCED,DC_NEGLECT,MOCK,KIRI_2025_20|ASSUMPTION_V1
USR06284,32,30s,GROWTH,TAX_BENEFIT_IDLE,MOCK,KIRI_2025_20|ASSUMPTION_V1
USR06285,44,40s,AGGRESSIVE,OVERLAP_RISK,MOCK,KIRI_2025_20|ASSUMPTION_V1
USR06286,64,50_plus,GROWTH,DC_NEGLECT,MOCK,KIRI_2025_20|ASSUMPTION_V1
USR06287,34,30s,BALANCED,OVERLAP_RISK,MOCK,KIRI_2025_20|ASSUMPTION_V1
USR06288,48,40s,AGGRESSIVE,DC_NEGLECT,MOCK,KIRI_2025_20|ASSUMPTION_V1
USR06289,35,30s,BALANCED,OVERLAP_RISK,MOCK,KIRI_2025_20|ASSUMPTION_V1
USR06290,58,50_plus,STABLE_GROWTH,DC_NEGLECT,MOCK,KIRI_2025_20|ASSUMPTION_V1
USR06291,43,40s,GROWTH,DC_NEGLECT,MOCK,KIRI_2025_20|ASSUMPTION_V1
USR06292,63,50_plus,STABLE_GROWTH,DC_NEGLECT,MOCK,KIRI_2025_20|ASSUMPTION_V1
USR06293,53,50_plus,STABLE_GROWTH,TAX_BENEFIT_IDLE,MOCK,KIRI_2025_20|ASSUMPTION_V1
USR06294,56,50_plus,CONSERVATIVE,TAX_BENEFIT_IDLE,MOCK,KIRI_2025_20|ASSUMPTION_V1
USR06295,28,20s,GROWTH,OVERLAP_RISK,MOCK,KIRI_2025_20|ASSUMPTION_V1
USR06296,42,40s,CONSERVATIVE,TAX_BENEFIT_IDLE,MOCK,KIRI_2025_20|ASSUMPTION_V1
USR06297,30,30s,CONSERVATIVE,OVERLAP_RISK,MOCK,KIRI_2025_20|ASSUMPTION_V1
USR06298,60,50_plus,BALANCED,DC_NEGLECT,MOCK,KIRI_2025_20|ASSUMPTION_V1
USR06299,57,50_plus,STABLE_GROWTH,OVERLAP_RISK,MOCK,KIRI_2025_20|ASSUMPTION_V1
USR06300,45,40s,CONSERVATIVE,OVERLAP_RISK,MOCK,KIRI_2025_20|ASSUMPTION_V1
USR06301,29,20s,GROWTH,TAX_BENEFIT_IDLE,MOCK,KIRI_2025_20|ASSUMPTION_V1
USR06302,36,30s,BALANCED,TAX_BENEFIT_IDLE,MOCK,KIRI_2025_20|ASSUMPTION_V1
USR06303,51,50_plus,STABLE_GROWTH,DC_NEGLECT,MOCK,KIRI_2025_20|ASSUMPTION_V1
USR06304,49,40s,STABLE_GROWTH,DC_NEGLECT,MOCK,KIRI_2025_20|ASSUMPTION_V1
USR06305,37,30s,GROWTH,OVERLAP_RISK,MOCK,KIRI_2025_20|ASSUMPTION_V1
USR06306,52,50_plus,CONSERVATIVE,DC_NEGLECT,MOCK,KIRI_2025_20|ASSUMPTION_V1
USR06307,30,30s,GROWTH,DC_NEGLECT,MOCK,KIRI_2025_20|ASSUMPTION_V1
USR06308,61,50_plus,GROWTH,OVERLAP_RISK,MOCK,KIRI_2025_20|ASSUMPTION_V1
USR06309,24,20s,GROWTH,TAX_BENEFIT_IDLE,MOCK,KIRI_2025_20|ASSUMPTION_V1
USR06310,31,30s,BALANCED,DC_NEGLECT,MOCK,KIRI_2025_20|ASSUMPTION_V1
USR06311,45,40s,CONSERVATIVE,TAX_BENEFIT_IDLE,MOCK,KIRI_2025_20|ASSUMPTION_V1
USR06312,51,50_plus,BALANCED,DC_NEGLECT,MOCK,KIRI_2025_20|ASSUMPTION_V1
USR06313,38,30s,CONSERVATIVE,DC_NEGLECT,MOCK,KIRI_2025_20|ASSUMPTION_V1
USR06314,33,30s,BALANCED,OVERLAP_RISK,MOCK,KIRI_2025_20|ASSUMPTION_V1
USR06315,41,40s,STABLE_GROWTH,OVERLAP_RISK,MOCK,KIRI_2025_20|ASSUMPTION_V1
USR06316,21,20s,GROWTH,DC_NEGLECT,MOCK,KIRI_2025_20|ASSUMPTION_V1
USR06317,51,50_plus,STABLE_GROWTH,DC_NEGLECT,MOCK,KIRI_2025_20|ASSUMPTION_V1
USR06318,21,20s,CONSERVATIVE,OVERLAP_RISK,MOCK,KIRI_2025_20|ASSUMPTION_V1
USR06319,38,30s,CONSERVATIVE,DC_NEGLECT,MOCK,KIRI_2025_20|ASSUMPTION_V1
USR06320,54,50_plus,STABLE_GROWTH,DC_NEGLECT,MOCK,KIRI_2025_20|ASSUMPTION_V1
USR06321,45,40s,BALANCED,OVERLAP_RISK,MOCK,KIRI_2025_20|ASSUMPTION_V1
USR06322,41,40s,STABLE_GROWTH,DC_NEGLECT,MOCK,KIRI_2025_20|ASSUMPTION_V1
USR06323,33,30s,GROWTH,OVERLAP_RISK,MOCK,KIRI_2025_20|ASSUMPTION_V1
USR06324,44,40s,STABLE_GROWTH,DC_NEGLECT,MOCK,KIRI_2025_20|ASSUMPTION_V1
USR06325,47,40s,STABLE_GROWTH,DC_NEGLECT,MOCK,KIRI_2025_20|ASSUMPTION_V1
USR06326,24,20s,GROWTH,OVERLAP_RISK,MOCK,KIRI_2025_20|ASSUMPTION_V1
USR06327,57,50_plus,STABLE_GROWTH,OVERLAP_RISK,MOCK,KIRI_2025_20|ASSUMPTION_V1
USR06328,30,30s,CONSERVATIVE,OVERLAP_RISK,MOCK,KIRI_2025_20|ASSUMPTION_V1
USR06329,35,30s,STABLE_GROWTH,DC_NEGLECT,MOCK,KIRI_2025_20|ASSUMPTION_V1
USR06330,45,40s,BALANCED,OVERLAP_RISK,MOCK,KIRI_2025_20|ASSUMPTION_V1
USR06331,32,30s,CONSERVATIVE,OVERLAP_RISK,MOCK,KIRI_2025_20|ASSUMPTION_V1
USR06332,32,30s,CONSERVATIVE,OVERLAP_RISK,MOCK,KIRI_2025_20|ASSUMPTION_V1
USR06333,31,30s,STABLE_GROWTH,TAX_BENEFIT_IDLE,MOCK,KIRI_2025_20|ASSUMPTION_V1
USR06334,43,40s,GROWTH,OVERLAP_RISK,MOCK,KIRI_2025_20|ASSUMPTION_V1
USR06335,20,20s,STABLE_GROWTH,DC_NEGLECT,MOCK,KIRI_2025_20|ASSUMPTION_V1
USR06336,34,30s,BALANCED,OVERLAP_RISK,MOCK,KIRI_2025_20|ASSUMPTION_V1
USR06337,46,40s,BALANCED,OVERLAP_RISK,MOCK,KIRI_2025_20|ASSUMPTION_V1
USR06338,24,20s,STABLE_GROWTH,TAX_BENEFIT_IDLE,MOCK,KIRI_2025_20|ASSUMPTION_V1
USR06339,52,50_plus,CONSERVATIVE,DC_NEGLECT,MOCK,KIRI_2025_20|ASSUMPTION_V1
USR06340,39,30s,AGGRESSIVE,OVERLAP_RISK,MOCK,KIRI_2025_20|ASSUMPTION_V1
USR06341,46,40s,STABLE_GROWTH,DC_NEGLECT,MOCK,KIRI_2025_20|ASSUMPTION_V1
USR06342,46,40s,AGGRESSIVE,OVERLAP_RISK,MOCK,KIRI_2025_20|ASSUMPTION_V1
USR06343,39,30s,CONSERVATIVE,OVERLAP_RISK,MOCK,KIRI_2025_20|ASSUMPTION_V1
USR06344,23,20s,GROWTH,TAX_BENEFIT_IDLE,MOCK,KIRI_2025_20|ASSUMPTION_V1
USR06345,48,40s,CONSERVATIVE,OVERLAP_RISK,MOCK,KIRI_2025_20|ASSUMPTION_V1
USR06346,49,40s,BALANCED,TAX_BENEFIT_IDLE,MOCK,KIRI_2025_20|ASSUMPTION_V1
USR06347,34,30s,BALANCED,OVERLAP_RISK,MOCK,KIRI_2025_20|ASSUMPTION_V1
USR06348,49,40s,GROWTH,TAX_BENEFIT_IDLE,MOCK,KIRI_2025_20|ASSUMPTION_V1
USR06349,54,50_plus,GROWTH,TAX_BENEFIT_IDLE,MOCK,KIRI_2025_20|ASSUMPTION_V1
USR06350,36,30s,STABLE_GROWTH,DC_NEGLECT,MOCK,KIRI_2025_20|ASSUMPTION_V1
USR06351,28,20s,GROWTH,TAX_BENEFIT_IDLE,MOCK,KIRI_2025_20|ASSUMPTION_V1
USR06352,26,20s,BALANCED,TAX_BENEFIT_IDLE,MOCK,KIRI_2025_20|ASSUMPTION_V1
USR06353,32,30s,BALANCED,DC_NEGLECT,MOCK,KIRI_2025_20|ASSUMPTION_V1
USR06354,42,40s,STABLE_GROWTH,TAX_BENEFIT_IDLE,MOCK,KIRI_2025_20|ASSUMPTION_V1
USR06355,28,20s,BALANCED,DC_NEGLECT,MOCK,KIRI_2025_20|ASSUMPTION_V1
USR06356,39,30s,STABLE_GROWTH,TAX_BENEFIT_IDLE,MOCK,KIRI_2025_20|ASSUMPTION_V1
USR06357,58,50_plus,STABLE_GROWTH,TAX_BENEFIT_IDLE,MOCK,KIRI_2025_20|ASSUMPTION_V1
USR06358,49,40s,STABLE_GROWTH,DC_NEGLECT,MOCK,KIRI_2025_20|ASSUMPTION_V1
USR06359,47,40s,STABLE_GROWTH,DC_NEGLECT,MOCK,KIRI_2025_20|ASSUMPTION_V1
USR06360,34,30s,BALANCED,DC_NEGLECT,MOCK,KIRI_2025_20|ASSUMPTION_V1
USR06361,31,30s,BALANCED,OVERLAP_RISK,MOCK,KIRI_2025_20|ASSUMPTION_V1
USR06362,47,40s,GROWTH,OVERLAP_RISK,MOCK,KIRI_2025_20|ASSUMPTION_V1
USR06363,29,20s,GROWTH,TAX_BENEFIT_IDLE,MOCK,KIRI_2025_20|ASSUMPTION_V1
USR06364,34,30s,AGGRESSIVE,OVERLAP_RISK,MOCK,KIRI_2025_20|ASSUMPTION_V1
USR06365,41,40s,STABLE_GROWTH,DC_NEGLECT,MOCK,KIRI_2025_20|ASSUMPTION_V1
USR06366,20,20s,GROWTH,DC_NEGLECT,MOCK,KIRI_2025_20|ASSUMPTION_V1
USR06367,36,30s,GROWTH,DC_NEGLECT,MOCK,KIRI_2025_20|ASSUMPTION_V1
USR06368,48,40s,STABLE_GROWTH,OVERLAP_RISK,MOCK,KIRI_2025_20|ASSUMPTION_V1
USR06369,62,50_plus,CONSERVATIVE,DC_NEGLECT,MOCK,KIRI_2025_20|ASSUMPTION_V1
USR06370,32,30s,STABLE_GROWTH,DC_NEGLECT,MOCK,KIRI_2025_20|ASSUMPTION_V1
USR06371,57,50_plus,STABLE_GROWTH,OVERLAP_RISK,MOCK,KIRI_2025_20|ASSUMPTION_V1
USR06372,35,30s,BALANCED,OVERLAP_RISK,MOCK,KIRI_2025_20|ASSUMPTION_V1
USR06373,47,40s,GROWTH,DC_NEGLECT,MOCK,KIRI_2025_20|ASSUMPTION_V1
USR06374,63,50_plus,CONSERVATIVE,TAX_BENEFIT_IDLE,MOCK,KIRI_2025_20|ASSUMPTION_V1
USR06375,64,50_plus,BALANCED,TAX_BENEFIT_IDLE,MOCK,KIRI_2025_20|ASSUMPTION_V1
USR06376,43,40s,GROWTH,DC_NEGLECT,MOCK,KIRI_2025_20|ASSUMPTION_V1
USR06377,48,40s,BALANCED,TAX_BENEFIT_IDLE,MOCK,KIRI_2025_20|ASSUMPTION_V1
USR06378,43,40s,STABLE_GROWTH,OVERLAP_RISK,MOCK,KIRI_2025_20|ASSUMPTION_V1
USR06379,31,30s,GROWTH,DC_NEGLECT,MOCK,KIRI_2025_20|ASSUMPTION_V1
USR06380,46,40s,CONSERVATIVE,DC_NEGLECT,MOCK,KIRI_2025_20|ASSUMPTION_V1
USR06381,48,40s,AGGRESSIVE,DC_NEGLECT,MOCK,KIRI_2025_20|ASSUMPTION_V1
USR06382,55,50_plus,CONSERVATIVE,DC_NEGLECT,MOCK,KIRI_2025_20|ASSUMPTION_V1
USR06383,37,30s,BALANCED,DC_NEGLECT,MOCK,KIRI_2025_20|ASSUMPTION_V1
USR06384,49,40s,CONSERVATIVE,OVERLAP_RISK,MOCK,KIRI_2025_20|ASSUMPTION_V1
USR06385,47,40s,CONSERVATIVE,DC_NEGLECT,MOCK,KIRI_2025_20|ASSUMPTION_V1
USR06386,54,50_plus,CONSERVATIVE,OVERLAP_RISK,MOCK,KIRI_2025_20|ASSUMPTION_V1
USR06387,44,40s,STABLE_GROWTH,DC_NEGLECT,MOCK,KIRI_2025_20|ASSUMPTION_V1
USR06388,54,50_plus,CONSERVATIVE,TAX_BENEFIT_IDLE,MOCK,KIRI_2025_20|ASSUMPTION_V1
USR06389,54,50_plus,STABLE_GROWTH,DC_NEGLECT,MOCK,KIRI_2025_20|ASSUMPTION_V1
USR06390,53,50_plus,STABLE_GROWTH,OVERLAP_RISK,MOCK,KIRI_2025_20|ASSUMPTION_V1
USR06391,31,30s,STABLE_GROWTH,OVERLAP_RISK,MOCK,KIRI_2025_20|ASSUMPTION_V1
USR06392,44,40s,GROWTH,OVERLAP_RISK,MOCK,KIRI_2025_20|ASSUMPTION_V1
USR06393,64,50_plus,BALANCED,OVERLAP_RISK,MOCK,KIRI_2025_20|ASSUMPTION_V1
USR06394,28,20s,BALANCED,DC_NEGLECT,MOCK,KIRI_2025_20|ASSUMPTION_V1
USR06395,27,20s,CONSERVATIVE,OVERLAP_RISK,MOCK,KIRI_2025_20|ASSUMPTION_V1
USR06396,22,20s,AGGRESSIVE,TAX_BENEFIT_IDLE,MOCK,KIRI_2025_20|ASSUMPTION_V1
USR06397,63,50_plus,STABLE_GROWTH,TAX_BENEFIT_IDLE,MOCK,KIRI_2025_20|ASSUMPTION_V1
USR06398,46,40s,BALANCED,OVERLAP_RISK,MOCK,KIRI_2025_20|ASSUMPTION_V1
USR06399,50,50_plus,BALANCED,OVERLAP_RISK,MOCK,KIRI_2025_20|ASSUMPTION_V1
USR06400,61,50_plus,STABLE_GROWTH,OVERLAP_RISK,MOCK,KIRI_2025_20|ASSUMPTION_V1
USR06401,47,40s,STABLE_GROWTH,OVERLAP_RISK,MOCK,KIRI_2025_20|ASSUMPTION_V1
USR06402,37,30s,STABLE_GROWTH,TAX_BENEFIT_IDLE,MOCK,KIRI_2025_20|ASSUMPTION_V1
USR06403,38,30s,BALANCED,TAX_BENEFIT_IDLE,MOCK,KIRI_2025_20|ASSUMPTION_V1
USR06404,32,30s,BALANCED,TAX_BENEFIT_IDLE,MOCK,KIRI_2025_20|ASSUMPTION_V1
USR06405,56,50_plus,CONSERVATIVE,DC_NEGLECT,MOCK,KIRI_2025_20|ASSUMPTION_V1
USR06406,34,30s,BALANCED,TAX_BENEFIT_IDLE,MOCK,KIRI_2025_20|ASSUMPTION_V1
USR06407,37,30s,AGGRESSIVE,OVERLAP_RISK,MOCK,KIRI_2025_20|ASSUMPTION_V1
USR06408,49,40s,STABLE_GROWTH,DC_NEGLECT,MOCK,KIRI_2025_20|ASSUMPTION_V1
USR06409,34,30s,CONSERVATIVE,TAX_BENEFIT_IDLE,MOCK,KIRI_2025_20|ASSUMPTION_V1
USR06410,40,40s,STABLE_GROWTH,TAX_BENEFIT_IDLE,MOCK,KIRI_2025_20|ASSUMPTION_V1
USR06411,31,30s,STABLE_GROWTH,TAX_BENEFIT_IDLE,MOCK,KIRI_2025_20|ASSUMPTION_V1
USR06412,60,50_plus,STABLE_GROWTH,DC_NEGLECT,MOCK,KIRI_2025_20|ASSUMPTION_V1
USR06413,55,50_plus,STABLE_GROWTH,OVERLAP_RISK,MOCK,KIRI_2025_20|ASSUMPTION_V1
USR06414,46,40s,BALANCED,DC_NEGLECT,MOCK,KIRI_2025_20|ASSUMPTION_V1
USR06415,42,40s,BALANCED,DC_NEGLECT,MOCK,KIRI_2025_20|ASSUMPTION_V1
USR06416,33,30s,GROWTH,TAX_BENEFIT_IDLE,MOCK,KIRI_2025_20|ASSUMPTION_V1
USR06417,49,40s,GROWTH,TAX_BENEFIT_IDLE,MOCK,KIRI_2025_20|ASSUMPTION_V1
USR06418,63,50_plus,GROWTH,TAX_BENEFIT_IDLE,MOCK,KIRI_2025_20|ASSUMPTION_V1
USR06419,42,40s,AGGRESSIVE,OVERLAP_RISK,MOCK,KIRI_2025_20|ASSUMPTION_V1
USR06420,37,30s,AGGRESSIVE,DC_NEGLECT,MOCK,KIRI_2025_20|ASSUMPTION_V1
USR06421,53,50_plus,STABLE_GROWTH,DC_NEGLECT,MOCK,KIRI_2025_20|ASSUMPTION_V1
USR06422,51,50_plus,BALANCED,DC_NEGLECT,MOCK,KIRI_2025_20|ASSUMPTION_V1
USR06423,47,40s,STABLE_GROWTH,DC_NEGLECT,MOCK,KIRI_2025_20|ASSUMPTION_V1
USR06424,38,30s,CONSERVATIVE,OVERLAP_RISK,MOCK,KIRI_2025_20|ASSUMPTION_V1
USR06425,20,20s,BALANCED,OVERLAP_RISK,MOCK,KIRI_2025_20|ASSUMPTION_V1
USR06426,47,40s,STABLE_GROWTH,DC_NEGLECT,MOCK,KIRI_2025_20|ASSUMPTION_V1
USR06427,26,20s,GROWTH,TAX_BENEFIT_IDLE,MOCK,KIRI_2025_20|ASSUMPTION_V1
USR06428,20,20s,GROWTH,TAX_BENEFIT_IDLE,MOCK,KIRI_2025_20|ASSUMPTION_V1
USR06429,26,20s,GROWTH,DC_NEGLECT,MOCK,KIRI_2025_20|ASSUMPTION_V1
USR06430,42,40s,CONSERVATIVE,DC_NEGLECT,MOCK,KIRI_2025_20|ASSUMPTION_V1
USR06431,53,50_plus,STABLE_GROWTH,DC_NEGLECT,MOCK,KIRI_2025_20|ASSUMPTION_V1
USR06432,33,30s,BALANCED,DC_NEGLECT,MOCK,KIRI_2025_20|ASSUMPTION_V1
USR06433,32,30s,STABLE_GROWTH,DC_NEGLECT,MOCK,KIRI_2025_20|ASSUMPTION_V1
USR06434,64,50_plus,BALANCED,DC_NEGLECT,MOCK,KIRI_2025_20|ASSUMPTION_V1
USR06435,34,30s,BALANCED,OVERLAP_RISK,MOCK,KIRI_2025_20|ASSUMPTION_V1
USR06436,51,50_plus,GROWTH,TAX_BENEFIT_IDLE,MOCK,KIRI_2025_20|ASSUMPTION_V1
USR06437,32,30s,STABLE_GROWTH,DC_NEGLECT,MOCK,KIRI_2025_20|ASSUMPTION_V1
USR06438,30,30s,GROWTH,DC_NEGLECT,MOCK,KIRI_2025_20|ASSUMPTION_V1
USR06439,34,30s,BALANCED,DC_NEGLECT,MOCK,KIRI_2025_20|ASSUMPTION_V1
USR06440,43,40s,BALANCED,DC_NEGLECT,MOCK,KIRI_2025_20|ASSUMPTION_V1
USR06441,64,50_plus,CONSERVATIVE,DC_NEGLECT,MOCK,KIRI_2025_20|ASSUMPTION_V1
USR06442,34,30s,BALANCED,TAX_BENEFIT_IDLE,MOCK,KIRI_2025_20|ASSUMPTION_V1
USR06443,28,20s,BALANCED,DC_NEGLECT,MOCK,KIRI_2025_20|ASSUMPTION_V1
USR06444,40,40s,STABLE_GROWTH,OVERLAP_RISK,MOCK,KIRI_2025_20|ASSUMPTION_V1
USR06445,42,40s,GROWTH,TAX_BENEFIT_IDLE,MOCK,KIRI_2025_20|ASSUMPTION_V1
USR06446,48,40s,BALANCED,OVERLAP_RISK,MOCK,KIRI_2025_20|ASSUMPTION_V1
USR06447,44,40s,BALANCED,TAX_BENEFIT_IDLE,MOCK,KIRI_2025_20|ASSUMPTION_V1
USR06448,57,50_plus,STABLE_GROWTH,OVERLAP_RISK,MOCK,KIRI_2025_20|ASSUMPTION_V1
USR06449,39,30s,CONSERVATIVE,TAX_BENEFIT_IDLE,MOCK,KIRI_2025_20|ASSUMPTION_V1
USR06450,56,50_plus,BALANCED,TAX_BENEFIT_IDLE,MOCK,KIRI_2025_20|ASSUMPTION_V1
USR06451,41,40s,GROWTH,DC_NEGLECT,MOCK,KIRI_2025_20|ASSUMPTION_V1
USR06452,35,30s,BALANCED,OVERLAP_RISK,MOCK,KIRI_2025_20|ASSUMPTION_V1
USR06453,38,30s,BALANCED,DC_NEGLECT,MOCK,KIRI_2025_20|ASSUMPTION_V1
USR06454,41,40s,STABLE_GROWTH,OVERLAP_RISK,MOCK,KIRI_2025_20|ASSUMPTION_V1
USR06455,64,50_plus,BALANCED,TAX_BENEFIT_IDLE,MOCK,KIRI_2025_20|ASSUMPTION_V1
USR06456,40,40s,BALANCED,TAX_BENEFIT_IDLE,MOCK,KIRI_2025_20|ASSUMPTION_V1
USR06457,22,20s,GROWTH,OVERLAP_RISK,MOCK,KIRI_2025_20|ASSUMPTION_V1
USR06458,45,40s,GROWTH,OVERLAP_RISK,MOCK,KIRI_2025_20|ASSUMPTION_V1
USR06459,64,50_plus,BALANCED,TAX_BENEFIT_IDLE,MOCK,KIRI_2025_20|ASSUMPTION_V1
USR06460,39,30s,BALANCED,DC_NEGLECT,MOCK,KIRI_2025_20|ASSUMPTION_V1
USR06461,46,40s,STABLE_GROWTH,OVERLAP_RISK,MOCK,KIRI_2025_20|ASSUMPTION_V1
USR06462,64,50_plus,STABLE_GROWTH,OVERLAP_RISK,MOCK,KIRI_2025_20|ASSUMPTION_V1
USR06463,30,30s,GROWTH,TAX_BENEFIT_IDLE,MOCK,KIRI_2025_20|ASSUMPTION_V1
USR06464,44,40s,BALANCED,OVERLAP_RISK,MOCK,KIRI_2025_20|ASSUMPTION_V1
USR06465,46,40s,BALANCED,OVERLAP_RISK,MOCK,KIRI_2025_20|ASSUMPTION_V1
USR06466,58,50_plus,CONSERVATIVE,TAX_BENEFIT_IDLE,MOCK,KIRI_2025_20|ASSUMPTION_V1
USR06467,39,30s,BALANCED,OVERLAP_RISK,MOCK,KIRI_2025_20|ASSUMPTION_V1
USR06468,34,30s,BALANCED,DC_NEGLECT,MOCK,KIRI_2025_20|ASSUMPTION_V1
USR06469,33,30s,GROWTH,TAX_BENEFIT_IDLE,MOCK,KIRI_2025_20|ASSUMPTION_V1
USR06470,52,50_plus,STABLE_GROWTH,OVERLAP_RISK,MOCK,KIRI_2025_20|ASSUMPTION_V1
USR06471,39,30s,AGGRESSIVE,DC_NEGLECT,MOCK,KIRI_2025_20|ASSUMPTION_V1
USR06472,43,40s,BALANCED,DC_NEGLECT,MOCK,KIRI_2025_20|ASSUMPTION_V1
USR06473,37,30s,STABLE_GROWTH,OVERLAP_RISK,MOCK,KIRI_2025_20|ASSUMPTION_V1
USR06474,37,30s,BALANCED,DC_NEGLECT,MOCK,KIRI_2025_20|ASSUMPTION_V1
USR06475,36,30s,GROWTH,OVERLAP_RISK,MOCK,KIRI_2025_20|ASSUMPTION_V1
USR06476,61,50_plus,STABLE_GROWTH,DC_NEGLECT,MOCK,KIRI_2025_20|ASSUMPTION_V1
USR06477,43,40s,STABLE_GROWTH,OVERLAP_RISK,MOCK,KIRI_2025_20|ASSUMPTION_V1
USR06478,24,20s,AGGRESSIVE,OVERLAP_RISK,MOCK,KIRI_2025_20|ASSUMPTION_V1
USR06479,38,30s,BALANCED,TAX_BENEFIT_IDLE,MOCK,KIRI_2025_20|ASSUMPTION_V1
USR06480,33,30s,BALANCED,DC_NEGLECT,MOCK,KIRI_2025_20|ASSUMPTION_V1
USR06481,55,50_plus,CONSERVATIVE,TAX_BENEFIT_IDLE,MOCK,KIRI_2025_20|ASSUMPTION_V1
USR06482,57,50_plus,STABLE_GROWTH,TAX_BENEFIT_IDLE,MOCK,KIRI_2025_20|ASSUMPTION_V1
USR06483,58,50_plus,GROWTH,TAX_BENEFIT_IDLE,MOCK,KIRI_2025_20|ASSUMPTION_V1
USR06484,56,50_plus,CONSERVATIVE,OVERLAP_RISK,MOCK,KIRI_2025_20|ASSUMPTION_V1
USR06485,43,40s,STABLE_GROWTH,OVERLAP_RISK,MOCK,KIRI_2025_20|ASSUMPTION_V1
USR06486,42,40s,AGGRESSIVE,TAX_BENEFIT_IDLE,MOCK,KIRI_2025_20|ASSUMPTION_V1
USR06487,59,50_plus,STABLE_GROWTH,DC_NEGLECT,MOCK,KIRI_2025_20|ASSUMPTION_V1
USR06488,50,50_plus,BALANCED,DC_NEGLECT,MOCK,KIRI_2025_20|ASSUMPTION_V1
USR06489,46,40s,BALANCED,TAX_BENEFIT_IDLE,MOCK,KIRI_2025_20|ASSUMPTION_V1
USR06490,24,20s,GROWTH,OVERLAP_RISK,MOCK,KIRI_2025_20|ASSUMPTION_V1
USR06491,62,50_plus,CONSERVATIVE,TAX_BENEFIT_IDLE,MOCK,KIRI_2025_20|ASSUMPTION_V1
USR06492,60,50_plus,STABLE_GROWTH,DC_NEGLECT,MOCK,KIRI_2025_20|ASSUMPTION_V1
USR06493,37,30s,GROWTH,DC_NEGLECT,MOCK,KIRI_2025_20|ASSUMPTION_V1
USR06494,47,40s,BALANCED,TAX_BENEFIT_IDLE,MOCK,KIRI_2025_20|ASSUMPTION_V1
USR06495,51,50_plus,BALANCED,DC_NEGLECT,MOCK,KIRI_2025_20|ASSUMPTION_V1
USR06496,39,30s,AGGRESSIVE,TAX_BENEFIT_IDLE,MOCK,KIRI_2025_20|ASSUMPTION_V1
USR06497,62,50_plus,CONSERVATIVE,DC_NEGLECT,MOCK,KIRI_2025_20|ASSUMPTION_V1
USR06498,49,40s,CONSERVATIVE,TAX_BENEFIT_IDLE,MOCK,KIRI_2025_20|ASSUMPTION_V1
USR06499,62,50_plus,STABLE_GROWTH,TAX_BENEFIT_IDLE,MOCK,KIRI_2025_20|ASSUMPTION_V1
USR06500,20,20s,BALANCED,OVERLAP_RISK,MOCK,KIRI_2025_20|ASSUMPTION_V1
USR06501,49,40s,STABLE_GROWTH,DC_NEGLECT,MOCK,KIRI_2025_20|ASSUMPTION_V1
USR06502,21,20s,GROWTH,TAX_BENEFIT_IDLE,MOCK,KIRI_2025_20|ASSUMPTION_V1
USR06503,39,30s,GROWTH,TAX_BENEFIT_IDLE,MOCK,KIRI_2025_20|ASSUMPTION_V1
USR06504,38,30s,CONSERVATIVE,DC_NEGLECT,MOCK,KIRI_2025_20|ASSUMPTION_V1
USR06505,43,40s,GROWTH,DC_NEGLECT,MOCK,KIRI_2025_20|ASSUMPTION_V1
USR06506,56,50_plus,STABLE_GROWTH,TAX_BENEFIT_IDLE,MOCK,KIRI_2025_20|ASSUMPTION_V1
USR06507,36,30s,BALANCED,TAX_BENEFIT_IDLE,MOCK,KIRI_2025_20|ASSUMPTION_V1
USR06508,55,50_plus,STABLE_GROWTH,OVERLAP_RISK,MOCK,KIRI_2025_20|ASSUMPTION_V1
USR06509,28,20s,AGGRESSIVE,DC_NEGLECT,MOCK,KIRI_2025_20|ASSUMPTION_V1
USR06510,63,50_plus,CONSERVATIVE,DC_NEGLECT,MOCK,KIRI_2025_20|ASSUMPTION_V1
USR06511,39,30s,BALANCED,OVERLAP_RISK,MOCK,KIRI_2025_20|ASSUMPTION_V1
USR06512,38,30s,STABLE_GROWTH,DC_NEGLECT,MOCK,KIRI_2025_20|ASSUMPTION_V1
USR06513,61,50_plus,STABLE_GROWTH,DC_NEGLECT,MOCK,KIRI_2025_20|ASSUMPTION_V1
USR06514,34,30s,GROWTH,TAX_BENEFIT_IDLE,MOCK,KIRI_2025_20|ASSUMPTION_V1
USR06515,42,40s,BALANCED,TAX_BENEFIT_IDLE,MOCK,KIRI_2025_20|ASSUMPTION_V1
USR06516,47,40s,STABLE_GROWTH,DC_NEGLECT,MOCK,KIRI_2025_20|ASSUMPTION_V1
USR06517,44,40s,BALANCED,OVERLAP_RISK,MOCK,KIRI_2025_20|ASSUMPTION_V1
USR06518,56,50_plus,CONSERVATIVE,OVERLAP_RISK,MOCK,KIRI_2025_20|ASSUMPTION_V1
USR06519,44,40s,CONSERVATIVE,TAX_BENEFIT_IDLE,MOCK,KIRI_2025_20|ASSUMPTION_V1
USR06520,29,20s,BALANCED,OVERLAP_RISK,MOCK,KIRI_2025_20|ASSUMPTION_V1
USR06521,63,50_plus,CONSERVATIVE,DC_NEGLECT,MOCK,KIRI_2025_20|ASSUMPTION_V1
USR06522,32,30s,BALANCED,OVERLAP_RISK,MOCK,KIRI_2025_20|ASSUMPTION_V1
USR06523,43,40s,BALANCED,TAX_BENEFIT_IDLE,MOCK,KIRI_2025_20|ASSUMPTION_V1
USR06524,36,30s,BALANCED,DC_NEGLECT,MOCK,KIRI_2025_20|ASSUMPTION_V1
USR06525,55,50_plus,STABLE_GROWTH,OVERLAP_RISK,MOCK,KIRI_2025_20|ASSUMPTION_V1
USR06526,61,50_plus,BALANCED,OVERLAP_RISK,MOCK,KIRI_2025_20|ASSUMPTION_V1
USR06527,46,40s,STABLE_GROWTH,DC_NEGLECT,MOCK,KIRI_2025_20|ASSUMPTION_V1
USR06528,48,40s,GROWTH,OVERLAP_RISK,MOCK,KIRI_2025_20|ASSUMPTION_V1
USR06529,41,40s,GROWTH,DC_NEGLECT,MOCK,KIRI_2025_20|ASSUMPTION_V1
USR06530,52,50_plus,CONSERVATIVE,TAX_BENEFIT_IDLE,MOCK,KIRI_2025_20|ASSUMPTION_V1
USR06531,56,50_plus,CONSERVATIVE,DC_NEGLECT,MOCK,KIRI_2025_20|ASSUMPTION_V1
USR06532,35,30s,BALANCED,TAX_BENEFIT_IDLE,MOCK,KIRI_2025_20|ASSUMPTION_V1
USR06533,43,40s,CONSERVATIVE,OVERLAP_RISK,MOCK,KIRI_2025_20|ASSUMPTION_V1
USR06534,56,50_plus,STABLE_GROWTH,OVERLAP_RISK,MOCK,KIRI_2025_20|ASSUMPTION_V1
USR06535,42,40s,STABLE_GROWTH,DC_NEGLECT,MOCK,KIRI_2025_20|ASSUMPTION_V1
USR06536,42,40s,STABLE_GROWTH,TAX_BENEFIT_IDLE,MOCK,KIRI_2025_20|ASSUMPTION_V1
USR06537,27,20s,BALANCED,OVERLAP_RISK,MOCK,KIRI_2025_20|ASSUMPTION_V1
USR06538,28,20s,CONSERVATIVE,TAX_BENEFIT_IDLE,MOCK,KIRI_2025_20|ASSUMPTION_V1
USR06539,23,20s,STABLE_GROWTH,TAX_BENEFIT_IDLE,MOCK,KIRI_2025_20|ASSUMPTION_V1
USR06540,40,40s,STABLE_GROWTH,TAX_BENEFIT_IDLE,MOCK,KIRI_2025_20|ASSUMPTION_V1
USR06541,31,30s,BALANCED,TAX_BENEFIT_IDLE,MOCK,KIRI_2025_20|ASSUMPTION_V1
USR06542,46,40s,STABLE_GROWTH,DC_NEGLECT,MOCK,KIRI_2025_20|ASSUMPTION_V1
USR06543,49,40s,BALANCED,TAX_BENEFIT_IDLE,MOCK,KIRI_2025_20|ASSUMPTION_V1
USR06544,58,50_plus,CONSERVATIVE,DC_NEGLECT,MOCK,KIRI_2025_20|ASSUMPTION_V1
USR06545,28,20s,GROWTH,OVERLAP_RISK,MOCK,KIRI_2025_20|ASSUMPTION_V1
USR06546,23,20s,GROWTH,OVERLAP_RISK,MOCK,KIRI_2025_20|ASSUMPTION_V1
USR06547,55,50_plus,CONSERVATIVE,DC_NEGLECT,MOCK,KIRI_2025_20|ASSUMPTION_V1
USR06548,38,30s,BALANCED,OVERLAP_RISK,MOCK,KIRI_2025_20|ASSUMPTION_V1
USR06549,55,50_plus,GROWTH,OVERLAP_RISK,MOCK,KIRI_2025_20|ASSUMPTION_V1
USR06550,40,40s,BALANCED,OVERLAP_RISK,MOCK,KIRI_2025_20|ASSUMPTION_V1
USR06551,30,30s,BALANCED,OVERLAP_RISK,MOCK,KIRI_2025_20|ASSUMPTION_V1
USR06552,33,30s,STABLE_GROWTH,DC_NEGLECT,MOCK,KIRI_2025_20|ASSUMPTION_V1
USR06553,60,50_plus,STABLE_GROWTH,OVERLAP_RISK,MOCK,KIRI_2025_20|ASSUMPTION_V1
USR06554,34,30s,GROWTH,OVERLAP_RISK,MOCK,KIRI_2025_20|ASSUMPTION_V1
USR06555,48,40s,CONSERVATIVE,OVERLAP_RISK,MOCK,KIRI_2025_20|ASSUMPTION_V1
USR06556,49,40s,STABLE_GROWTH,TAX_BENEFIT_IDLE,MOCK,KIRI_2025_20|ASSUMPTION_V1
USR06557,37,30s,GROWTH,OVERLAP_RISK,MOCK,KIRI_2025_20|ASSUMPTION_V1
USR06558,38,30s,BALANCED,DC_NEGLECT,MOCK,KIRI_2025_20|ASSUMPTION_V1
USR06559,32,30s,GROWTH,OVERLAP_RISK,MOCK,KIRI_2025_20|ASSUMPTION_V1
USR06560,59,50_plus,STABLE_GROWTH,OVERLAP_RISK,MOCK,KIRI_2025_20|ASSUMPTION_V1
USR06561,33,30s,CONSERVATIVE,DC_NEGLECT,MOCK,KIRI_2025_20|ASSUMPTION_V1
USR06562,59,50_plus,STABLE_GROWTH,TAX_BENEFIT_IDLE,MOCK,KIRI_2025_20|ASSUMPTION_V1
USR06563,31,30s,STABLE_GROWTH,TAX_BENEFIT_IDLE,MOCK,KIRI_2025_20|ASSUMPTION_V1
USR06564,61,50_plus,CONSERVATIVE,TAX_BENEFIT_IDLE,MOCK,KIRI_2025_20|ASSUMPTION_V1
USR06565,36,30s,GROWTH,TAX_BENEFIT_IDLE,MOCK,KIRI_2025_20|ASSUMPTION_V1
USR06566,40,40s,BALANCED,OVERLAP_RISK,MOCK,KIRI_2025_20|ASSUMPTION_V1
USR06567,28,20s,GROWTH,TAX_BENEFIT_IDLE,MOCK,KIRI_2025_20|ASSUMPTION_V1
USR06568,61,50_plus,STABLE_GROWTH,OVERLAP_RISK,MOCK,KIRI_2025_20|ASSUMPTION_V1
USR06569,31,30s,AGGRESSIVE,TAX_BENEFIT_IDLE,MOCK,KIRI_2025_20|ASSUMPTION_V1
USR06570,57,50_plus,BALANCED,TAX_BENEFIT_IDLE,MOCK,KIRI_2025_20|ASSUMPTION_V1
USR06571,36,30s,GROWTH,DC_NEGLECT,MOCK,KIRI_2025_20|ASSUMPTION_V1
USR06572,60,50_plus,CONSERVATIVE,TAX_BENEFIT_IDLE,MOCK,KIRI_2025_20|ASSUMPTION_V1
USR06573,42,40s,BALANCED,DC_NEGLECT,MOCK,KIRI_2025_20|ASSUMPTION_V1
USR06574,44,40s,BALANCED,OVERLAP_RISK,MOCK,KIRI_2025_20|ASSUMPTION_V1
USR06575,20,20s,AGGRESSIVE,DC_NEGLECT,MOCK,KIRI_2025_20|ASSUMPTION_V1
USR06576,56,50_plus,CONSERVATIVE,DC_NEGLECT,MOCK,KIRI_2025_20|ASSUMPTION_V1
USR06577,24,20s,GROWTH,TAX_BENEFIT_IDLE,MOCK,KIRI_2025_20|ASSUMPTION_V1
USR06578,48,40s,BALANCED,TAX_BENEFIT_IDLE,MOCK,KIRI_2025_20|ASSUMPTION_V1
USR06579,36,30s,GROWTH,DC_NEGLECT,MOCK,KIRI_2025_20|ASSUMPTION_V1
USR06580,41,40s,GROWTH,TAX_BENEFIT_IDLE,MOCK,KIRI_2025_20|ASSUMPTION_V1
USR06581,63,50_plus,STABLE_GROWTH,DC_NEGLECT,MOCK,KIRI_2025_20|ASSUMPTION_V1
USR06582,34,30s,BALANCED,OVERLAP_RISK,MOCK,KIRI_2025_20|ASSUMPTION_V1
USR06583,39,30s,STABLE_GROWTH,TAX_BENEFIT_IDLE,MOCK,KIRI_2025_20|ASSUMPTION_V1
USR06584,44,40s,GROWTH,OVERLAP_RISK,MOCK,KIRI_2025_20|ASSUMPTION_V1
USR06585,21,20s,GROWTH,DC_NEGLECT,MOCK,KIRI_2025_20|ASSUMPTION_V1
USR06586,29,20s,GROWTH,DC_NEGLECT,MOCK,KIRI_2025_20|ASSUMPTION_V1
USR06587,49,40s,BALANCED,DC_NEGLECT,MOCK,KIRI_2025_20|ASSUMPTION_V1
USR06588,57,50_plus,STABLE_GROWTH,DC_NEGLECT,MOCK,KIRI_2025_20|ASSUMPTION_V1
USR06589,44,40s,GROWTH,DC_NEGLECT,MOCK,KIRI_2025_20|ASSUMPTION_V1
USR06590,41,40s,BALANCED,DC_NEGLECT,MOCK,KIRI_2025_20|ASSUMPTION_V1
USR06591,25,20s,STABLE_GROWTH,TAX_BENEFIT_IDLE,MOCK,KIRI_2025_20|ASSUMPTION_V1
USR06592,46,40s,AGGRESSIVE,DC_NEGLECT,MOCK,KIRI_2025_20|ASSUMPTION_V1
USR06593,41,40s,CONSERVATIVE,DC_NEGLECT,MOCK,KIRI_2025_20|ASSUMPTION_V1
USR06594,28,20s,GROWTH,TAX_BENEFIT_IDLE,MOCK,KIRI_2025_20|ASSUMPTION_V1
USR06595,49,40s,BALANCED,DC_NEGLECT,MOCK,KIRI_2025_20|ASSUMPTION_V1
USR06596,30,30s,GROWTH,DC_NEGLECT,MOCK,KIRI_2025_20|ASSUMPTION_V1
USR06597,52,50_plus,CONSERVATIVE,OVERLAP_RISK,MOCK,KIRI_2025_20|ASSUMPTION_V1
USR06598,43,40s,BALANCED,DC_NEGLECT,MOCK,KIRI_2025_20|ASSUMPTION_V1
USR06599,46,40s,BALANCED,TAX_BENEFIT_IDLE,MOCK,KIRI_2025_20|ASSUMPTION_V1
USR06600,54,50_plus,BALANCED,OVERLAP_RISK,MOCK,KIRI_2025_20|ASSUMPTION_V1
USR06601,62,50_plus,STABLE_GROWTH,OVERLAP_RISK,MOCK,KIRI_2025_20|ASSUMPTION_V1
USR06602,49,40s,STABLE_GROWTH,DC_NEGLECT,MOCK,KIRI_2025_20|ASSUMPTION_V1
USR06603,49,40s,STABLE_GROWTH,OVERLAP_RISK,MOCK,KIRI_2025_20|ASSUMPTION_V1
USR06604,38,30s,STABLE_GROWTH,OVERLAP_RISK,MOCK,KIRI_2025_20|ASSUMPTION_V1
USR06605,35,30s,BALANCED,DC_NEGLECT,MOCK,KIRI_2025_20|ASSUMPTION_V1
USR06606,48,40s,STABLE_GROWTH,DC_NEGLECT,MOCK,KIRI_2025_20|ASSUMPTION_V1
USR06607,41,40s,GROWTH,TAX_BENEFIT_IDLE,MOCK,KIRI_2025_20|ASSUMPTION_V1
USR06608,37,30s,AGGRESSIVE,OVERLAP_RISK,MOCK,KIRI_2025_20|ASSUMPTION_V1
USR06609,30,30s,STABLE_GROWTH,DC_NEGLECT,MOCK,KIRI_2025_20|ASSUMPTION_V1
USR06610,56,50_plus,STABLE_GROWTH,DC_NEGLECT,MOCK,KIRI_2025_20|ASSUMPTION_V1
USR06611,39,30s,GROWTH,DC_NEGLECT,MOCK,KIRI_2025_20|ASSUMPTION_V1
USR06612,61,50_plus,STABLE_GROWTH,TAX_BENEFIT_IDLE,MOCK,KIRI_2025_20|ASSUMPTION_V1
USR06613,37,30s,BALANCED,OVERLAP_RISK,MOCK,KIRI_2025_20|ASSUMPTION_V1
USR06614,62,50_plus,GROWTH,DC_NEGLECT,MOCK,KIRI_2025_20|ASSUMPTION_V1
USR06615,26,20s,BALANCED,OVERLAP_RISK,MOCK,KIRI_2025_20|ASSUMPTION_V1
USR06616,39,30s,BALANCED,DC_NEGLECT,MOCK,KIRI_2025_20|ASSUMPTION_V1
USR06617,28,20s,STABLE_GROWTH,DC_NEGLECT,MOCK,KIRI_2025_20|ASSUMPTION_V1
USR06618,37,30s,STABLE_GROWTH,OVERLAP_RISK,MOCK,KIRI_2025_20|ASSUMPTION_V1
USR06619,27,20s,BALANCED,TAX_BENEFIT_IDLE,MOCK,KIRI_2025_20|ASSUMPTION_V1
USR06620,48,40s,AGGRESSIVE,TAX_BENEFIT_IDLE,MOCK,KIRI_2025_20|ASSUMPTION_V1
USR06621,43,40s,BALANCED,OVERLAP_RISK,MOCK,KIRI_2025_20|ASSUMPTION_V1
USR06622,50,50_plus,CONSERVATIVE,OVERLAP_RISK,MOCK,KIRI_2025_20|ASSUMPTION_V1
USR06623,48,40s,STABLE_GROWTH,DC_NEGLECT,MOCK,KIRI_2025_20|ASSUMPTION_V1
USR06624,46,40s,BALANCED,OVERLAP_RISK,MOCK,KIRI_2025_20|ASSUMPTION_V1
USR06625,59,50_plus,GROWTH,OVERLAP_RISK,MOCK,KIRI_2025_20|ASSUMPTION_V1
USR06626,27,20s,GROWTH,DC_NEGLECT,MOCK,KIRI_2025_20|ASSUMPTION_V1
USR06627,38,30s,BALANCED,TAX_BENEFIT_IDLE,MOCK,KIRI_2025_20|ASSUMPTION_V1
USR06628,44,40s,GROWTH,DC_NEGLECT,MOCK,KIRI_2025_20|ASSUMPTION_V1
USR06629,34,30s,STABLE_GROWTH,DC_NEGLECT,MOCK,KIRI_2025_20|ASSUMPTION_V1
USR06630,61,50_plus,AGGRESSIVE,TAX_BENEFIT_IDLE,MOCK,KIRI_2025_20|ASSUMPTION_V1
USR06631,55,50_plus,BALANCED,OVERLAP_RISK,MOCK,KIRI_2025_20|ASSUMPTION_V1
USR06632,35,30s,BALANCED,OVERLAP_RISK,MOCK,KIRI_2025_20|ASSUMPTION_V1
USR06633,31,30s,STABLE_GROWTH,DC_NEGLECT,MOCK,KIRI_2025_20|ASSUMPTION_V1
USR06634,60,50_plus,STABLE_GROWTH,OVERLAP_RISK,MOCK,KIRI_2025_20|ASSUMPTION_V1
USR06635,39,30s,GROWTH,DC_NEGLECT,MOCK,KIRI_2025_20|ASSUMPTION_V1
USR06636,60,50_plus,CONSERVATIVE,OVERLAP_RISK,MOCK,KIRI_2025_20|ASSUMPTION_V1
USR06637,43,40s,BALANCED,OVERLAP_RISK,MOCK,KIRI_2025_20|ASSUMPTION_V1
USR06638,50,50_plus,STABLE_GROWTH,OVERLAP_RISK,MOCK,KIRI_2025_20|ASSUMPTION_V1
USR06639,38,30s,AGGRESSIVE,OVERLAP_RISK,MOCK,KIRI_2025_20|ASSUMPTION_V1
USR06640,36,30s,STABLE_GROWTH,TAX_BENEFIT_IDLE,MOCK,KIRI_2025_20|ASSUMPTION_V1
USR06641,57,50_plus,GROWTH,OVERLAP_RISK,MOCK,KIRI_2025_20|ASSUMPTION_V1
USR06642,51,50_plus,CONSERVATIVE,OVERLAP_RISK,MOCK,KIRI_2025_20|ASSUMPTION_V1
USR06643,64,50_plus,STABLE_GROWTH,OVERLAP_RISK,MOCK,KIRI_2025_20|ASSUMPTION_V1
USR06644,40,40s,AGGRESSIVE,TAX_BENEFIT_IDLE,MOCK,KIRI_2025_20|ASSUMPTION_V1
USR06645,37,30s,AGGRESSIVE,OVERLAP_RISK,MOCK,KIRI_2025_20|ASSUMPTION_V1
USR06646,38,30s,GROWTH,TAX_BENEFIT_IDLE,MOCK,KIRI_2025_20|ASSUMPTION_V1
USR06647,42,40s,GROWTH,OVERLAP_RISK,MOCK,KIRI_2025_20|ASSUMPTION_V1
USR06648,22,20s,BALANCED,TAX_BENEFIT_IDLE,MOCK,KIRI_2025_20|ASSUMPTION_V1
USR06649,37,30s,GROWTH,TAX_BENEFIT_IDLE,MOCK,KIRI_2025_20|ASSUMPTION_V1
USR06650,48,40s,CONSERVATIVE,TAX_BENEFIT_IDLE,MOCK,KIRI_2025_20|ASSUMPTION_V1
USR06651,45,40s,STABLE_GROWTH,OVERLAP_RISK,MOCK,KIRI_2025_20|ASSUMPTION_V1
USR06652,63,50_plus,CONSERVATIVE,DC_NEGLECT,MOCK,KIRI_2025_20|ASSUMPTION_V1
USR06653,33,30s,BALANCED,DC_NEGLECT,MOCK,KIRI_2025_20|ASSUMPTION_V1
USR06654,58,50_plus,CONSERVATIVE,TAX_BENEFIT_IDLE,MOCK,KIRI_2025_20|ASSUMPTION_V1
USR06655,38,30s,BALANCED,DC_NEGLECT,MOCK,KIRI_2025_20|ASSUMPTION_V1
USR06656,30,30s,STABLE_GROWTH,TAX_BENEFIT_IDLE,MOCK,KIRI_2025_20|ASSUMPTION_V1
USR06657,32,30s,BALANCED,TAX_BENEFIT_IDLE,MOCK,KIRI_2025_20|ASSUMPTION_V1
USR06658,29,20s,STABLE_GROWTH,DC_NEGLECT,MOCK,KIRI_2025_20|ASSUMPTION_V1
USR06659,23,20s,BALANCED,TAX_BENEFIT_IDLE,MOCK,KIRI_2025_20|ASSUMPTION_V1
USR06660,37,30s,AGGRESSIVE,TAX_BENEFIT_IDLE,MOCK,KIRI_2025_20|ASSUMPTION_V1
USR06661,48,40s,BALANCED,DC_NEGLECT,MOCK,KIRI_2025_20|ASSUMPTION_V1
USR06662,22,20s,AGGRESSIVE,DC_NEGLECT,MOCK,KIRI_2025_20|ASSUMPTION_V1
USR06663,42,40s,CONSERVATIVE,DC_NEGLECT,MOCK,KIRI_2025_20|ASSUMPTION_V1
USR06664,46,40s,GROWTH,DC_NEGLECT,MOCK,KIRI_2025_20|ASSUMPTION_V1
USR06665,31,30s,BALANCED,DC_NEGLECT,MOCK,KIRI_2025_20|ASSUMPTION_V1
USR06666,35,30s,CONSERVATIVE,TAX_BENEFIT_IDLE,MOCK,KIRI_2025_20|ASSUMPTION_V1
USR06667,42,40s,CONSERVATIVE,OVERLAP_RISK,MOCK,KIRI_2025_20|ASSUMPTION_V1
USR06668,58,50_plus,GROWTH,OVERLAP_RISK,MOCK,KIRI_2025_20|ASSUMPTION_V1
USR06669,45,40s,BALANCED,TAX_BENEFIT_IDLE,MOCK,KIRI_2025_20|ASSUMPTION_V1
USR06670,31,30s,GROWTH,DC_NEGLECT,MOCK,KIRI_2025_20|ASSUMPTION_V1
USR06671,63,50_plus,CONSERVATIVE,DC_NEGLECT,MOCK,KIRI_2025_20|ASSUMPTION_V1
USR06672,36,30s,BALANCED,TAX_BENEFIT_IDLE,MOCK,KIRI_2025_20|ASSUMPTION_V1
USR06673,64,50_plus,GROWTH,OVERLAP_RISK,MOCK,KIRI_2025_20|ASSUMPTION_V1
USR06674,31,30s,STABLE_GROWTH,TAX_BENEFIT_IDLE,MOCK,KIRI_2025_20|ASSUMPTION_V1
USR06675,49,40s,BALANCED,OVERLAP_RISK,MOCK,KIRI_2025_20|ASSUMPTION_V1
USR06676,40,40s,CONSERVATIVE,DC_NEGLECT,MOCK,KIRI_2025_20|ASSUMPTION_V1
USR06677,61,50_plus,BALANCED,DC_NEGLECT,MOCK,KIRI_2025_20|ASSUMPTION_V1
USR06678,32,30s,BALANCED,TAX_BENEFIT_IDLE,MOCK,KIRI_2025_20|ASSUMPTION_V1
USR06679,27,20s,BALANCED,DC_NEGLECT,MOCK,KIRI_2025_20|ASSUMPTION_V1
USR06680,41,40s,STABLE_GROWTH,TAX_BENEFIT_IDLE,MOCK,KIRI_2025_20|ASSUMPTION_V1
USR06681,62,50_plus,CONSERVATIVE,OVERLAP_RISK,MOCK,KIRI_2025_20|ASSUMPTION_V1
USR06682,27,20s,BALANCED,TAX_BENEFIT_IDLE,MOCK,KIRI_2025_20|ASSUMPTION_V1
USR06683,49,40s,STABLE_GROWTH,DC_NEGLECT,MOCK,KIRI_2025_20|ASSUMPTION_V1
USR06684,47,40s,STABLE_GROWTH,OVERLAP_RISK,MOCK,KIRI_2025_20|ASSUMPTION_V1
USR06685,40,40s,STABLE_GROWTH,DC_NEGLECT,MOCK,KIRI_2025_20|ASSUMPTION_V1
USR06686,37,30s,BALANCED,DC_NEGLECT,MOCK,KIRI_2025_20|ASSUMPTION_V1
USR06687,35,30s,CONSERVATIVE,DC_NEGLECT,MOCK,KIRI_2025_20|ASSUMPTION_V1
USR06688,34,30s,STABLE_GROWTH,OVERLAP_RISK,MOCK,KIRI_2025_20|ASSUMPTION_V1
USR06689,22,20s,BALANCED,OVERLAP_RISK,MOCK,KIRI_2025_20|ASSUMPTION_V1
USR06690,22,20s,GROWTH,DC_NEGLECT,MOCK,KIRI_2025_20|ASSUMPTION_V1
USR06691,62,50_plus,BALANCED,DC_NEGLECT,MOCK,KIRI_2025_20|ASSUMPTION_V1
USR06692,41,40s,BALANCED,DC_NEGLECT,MOCK,KIRI_2025_20|ASSUMPTION_V1
USR06693,46,40s,BALANCED,DC_NEGLECT,MOCK,KIRI_2025_20|ASSUMPTION_V1
USR06694,36,30s,GROWTH,DC_NEGLECT,MOCK,KIRI_2025_20|ASSUMPTION_V1
USR06695,42,40s,BALANCED,DC_NEGLECT,MOCK,KIRI_2025_20|ASSUMPTION_V1
USR06696,38,30s,STABLE_GROWTH,OVERLAP_RISK,MOCK,KIRI_2025_20|ASSUMPTION_V1
USR06697,41,40s,BALANCED,OVERLAP_RISK,MOCK,KIRI_2025_20|ASSUMPTION_V1
USR06698,31,30s,AGGRESSIVE,DC_NEGLECT,MOCK,KIRI_2025_20|ASSUMPTION_V1
USR06699,41,40s,STABLE_GROWTH,OVERLAP_RISK,MOCK,KIRI_2025_20|ASSUMPTION_V1
USR06700,60,50_plus,STABLE_GROWTH,TAX_BENEFIT_IDLE,MOCK,KIRI_2025_20|ASSUMPTION_V1
USR06701,23,20s,BALANCED,TAX_BENEFIT_IDLE,MOCK,KIRI_2025_20|ASSUMPTION_V1
USR06702,49,40s,BALANCED,OVERLAP_RISK,MOCK,KIRI_2025_20|ASSUMPTION_V1
USR06703,30,30s,BALANCED,DC_NEGLECT,MOCK,KIRI_2025_20|ASSUMPTION_V1
USR06704,40,40s,GROWTH,TAX_BENEFIT_IDLE,MOCK,KIRI_2025_20|ASSUMPTION_V1
USR06705,49,40s,BALANCED,OVERLAP_RISK,MOCK,KIRI_2025_20|ASSUMPTION_V1
USR06706,30,30s,GROWTH,OVERLAP_RISK,MOCK,KIRI_2025_20|ASSUMPTION_V1
USR06707,49,40s,STABLE_GROWTH,OVERLAP_RISK,MOCK,KIRI_2025_20|ASSUMPTION_V1
USR06708,42,40s,STABLE_GROWTH,TAX_BENEFIT_IDLE,MOCK,KIRI_2025_20|ASSUMPTION_V1
USR06709,42,40s,BALANCED,OVERLAP_RISK,MOCK,KIRI_2025_20|ASSUMPTION_V1
USR06710,47,40s,CONSERVATIVE,TAX_BENEFIT_IDLE,MOCK,KIRI_2025_20|ASSUMPTION_V1
USR06711,49,40s,BALANCED,OVERLAP_RISK,MOCK,KIRI_2025_20|ASSUMPTION_V1
USR06712,41,40s,CONSERVATIVE,DC_NEGLECT,MOCK,KIRI_2025_20|ASSUMPTION_V1
USR06713,37,30s,GROWTH,TAX_BENEFIT_IDLE,MOCK,KIRI_2025_20|ASSUMPTION_V1
USR06714,31,30s,BALANCED,DC_NEGLECT,MOCK,KIRI_2025_20|ASSUMPTION_V1
USR06715,39,30s,STABLE_GROWTH,DC_NEGLECT,MOCK,KIRI_2025_20|ASSUMPTION_V1
USR06716,59,50_plus,STABLE_GROWTH,DC_NEGLECT,MOCK,KIRI_2025_20|ASSUMPTION_V1
USR06717,30,30s,BALANCED,TAX_BENEFIT_IDLE,MOCK,KIRI_2025_20|ASSUMPTION_V1
USR06718,63,50_plus,CONSERVATIVE,OVERLAP_RISK,MOCK,KIRI_2025_20|ASSUMPTION_V1
USR06719,31,30s,CONSERVATIVE,DC_NEGLECT,MOCK,KIRI_2025_20|ASSUMPTION_V1
USR06720,52,50_plus,STABLE_GROWTH,OVERLAP_RISK,MOCK,KIRI_2025_20|ASSUMPTION_V1
USR06721,42,40s,CONSERVATIVE,OVERLAP_RISK,MOCK,KIRI_2025_20|ASSUMPTION_V1
USR06722,24,20s,STABLE_GROWTH,TAX_BENEFIT_IDLE,MOCK,KIRI_2025_20|ASSUMPTION_V1
USR06723,47,40s,STABLE_GROWTH,TAX_BENEFIT_IDLE,MOCK,KIRI_2025_20|ASSUMPTION_V1
USR06724,32,30s,CONSERVATIVE,OVERLAP_RISK,MOCK,KIRI_2025_20|ASSUMPTION_V1
USR06725,48,40s,BALANCED,DC_NEGLECT,MOCK,KIRI_2025_20|ASSUMPTION_V1
USR06726,40,40s,STABLE_GROWTH,OVERLAP_RISK,MOCK,KIRI_2025_20|ASSUMPTION_V1
USR06727,64,50_plus,CONSERVATIVE,DC_NEGLECT,MOCK,KIRI_2025_20|ASSUMPTION_V1
USR06728,36,30s,STABLE_GROWTH,TAX_BENEFIT_IDLE,MOCK,KIRI_2025_20|ASSUMPTION_V1
USR06729,61,50_plus,STABLE_GROWTH,TAX_BENEFIT_IDLE,MOCK,KIRI_2025_20|ASSUMPTION_V1
USR06730,32,30s,AGGRESSIVE,DC_NEGLECT,MOCK,KIRI_2025_20|ASSUMPTION_V1
USR06731,55,50_plus,CONSERVATIVE,OVERLAP_RISK,MOCK,KIRI_2025_20|ASSUMPTION_V1
USR06732,53,50_plus,BALANCED,DC_NEGLECT,MOCK,KIRI_2025_20|ASSUMPTION_V1
USR06733,43,40s,BALANCED,DC_NEGLECT,MOCK,KIRI_2025_20|ASSUMPTION_V1
USR06734,44,40s,STABLE_GROWTH,TAX_BENEFIT_IDLE,MOCK,KIRI_2025_20|ASSUMPTION_V1
USR06735,44,40s,BALANCED,DC_NEGLECT,MOCK,KIRI_2025_20|ASSUMPTION_V1
USR06736,31,30s,BALANCED,OVERLAP_RISK,MOCK,KIRI_2025_20|ASSUMPTION_V1
USR06737,41,40s,CONSERVATIVE,OVERLAP_RISK,MOCK,KIRI_2025_20|ASSUMPTION_V1
USR06738,26,20s,GROWTH,OVERLAP_RISK,MOCK,KIRI_2025_20|ASSUMPTION_V1
USR06739,42,40s,BALANCED,OVERLAP_RISK,MOCK,KIRI_2025_20|ASSUMPTION_V1
USR06740,36,30s,BALANCED,DC_NEGLECT,MOCK,KIRI_2025_20|ASSUMPTION_V1
USR06741,49,40s,BALANCED,OVERLAP_RISK,MOCK,KIRI_2025_20|ASSUMPTION_V1
USR06742,34,30s,CONSERVATIVE,DC_NEGLECT,MOCK,KIRI_2025_20|ASSUMPTION_V1
USR06743,24,20s,CONSERVATIVE,DC_NEGLECT,MOCK,KIRI_2025_20|ASSUMPTION_V1
USR06744,23,20s,STABLE_GROWTH,TAX_BENEFIT_IDLE,MOCK,KIRI_2025_20|ASSUMPTION_V1
USR06745,54,50_plus,GROWTH,DC_NEGLECT,MOCK,KIRI_2025_20|ASSUMPTION_V1
USR06746,35,30s,STABLE_GROWTH,TAX_BENEFIT_IDLE,MOCK,KIRI_2025_20|ASSUMPTION_V1
USR06747,30,30s,CONSERVATIVE,OVERLAP_RISK,MOCK,KIRI_2025_20|ASSUMPTION_V1
USR06748,30,30s,GROWTH,DC_NEGLECT,MOCK,KIRI_2025_20|ASSUMPTION_V1
USR06749,41,40s,STABLE_GROWTH,DC_NEGLECT,MOCK,KIRI_2025_20|ASSUMPTION_V1
USR06750,28,20s,STABLE_GROWTH,TAX_BENEFIT_IDLE,MOCK,KIRI_2025_20|ASSUMPTION_V1
USR06751,31,30s,AGGRESSIVE,TAX_BENEFIT_IDLE,MOCK,KIRI_2025_20|ASSUMPTION_V1
USR06752,52,50_plus,STABLE_GROWTH,OVERLAP_RISK,MOCK,KIRI_2025_20|ASSUMPTION_V1
USR06753,46,40s,CONSERVATIVE,TAX_BENEFIT_IDLE,MOCK,KIRI_2025_20|ASSUMPTION_V1
USR06754,25,20s,AGGRESSIVE,DC_NEGLECT,MOCK,KIRI_2025_20|ASSUMPTION_V1
USR06755,28,20s,AGGRESSIVE,OVERLAP_RISK,MOCK,KIRI_2025_20|ASSUMPTION_V1
USR06756,48,40s,BALANCED,DC_NEGLECT,MOCK,KIRI_2025_20|ASSUMPTION_V1
USR06757,55,50_plus,STABLE_GROWTH,TAX_BENEFIT_IDLE,MOCK,KIRI_2025_20|ASSUMPTION_V1
USR06758,54,50_plus,GROWTH,OVERLAP_RISK,MOCK,KIRI_2025_20|ASSUMPTION_V1
USR06759,35,30s,AGGRESSIVE,TAX_BENEFIT_IDLE,MOCK,KIRI_2025_20|ASSUMPTION_V1
USR06760,47,40s,CONSERVATIVE,OVERLAP_RISK,MOCK,KIRI_2025_20|ASSUMPTION_V1
USR06761,23,20s,GROWTH,TAX_BENEFIT_IDLE,MOCK,KIRI_2025_20|ASSUMPTION_V1
USR06762,47,40s,CONSERVATIVE,TAX_BENEFIT_IDLE,MOCK,KIRI_2025_20|ASSUMPTION_V1
USR06763,32,30s,BALANCED,DC_NEGLECT,MOCK,KIRI_2025_20|ASSUMPTION_V1
USR06764,50,50_plus,CONSERVATIVE,TAX_BENEFIT_IDLE,MOCK,KIRI_2025_20|ASSUMPTION_V1
USR06765,32,30s,AGGRESSIVE,DC_NEGLECT,MOCK,KIRI_2025_20|ASSUMPTION_V1
USR06766,56,50_plus,STABLE_GROWTH,TAX_BENEFIT_IDLE,MOCK,KIRI_2025_20|ASSUMPTION_V1
USR06767,25,20s,GROWTH,TAX_BENEFIT_IDLE,MOCK,KIRI_2025_20|ASSUMPTION_V1
USR06768,31,30s,BALANCED,TAX_BENEFIT_IDLE,MOCK,KIRI_2025_20|ASSUMPTION_V1
USR06769,43,40s,CONSERVATIVE,DC_NEGLECT,MOCK,KIRI_2025_20|ASSUMPTION_V1
USR06770,36,30s,BALANCED,TAX_BENEFIT_IDLE,MOCK,KIRI_2025_20|ASSUMPTION_V1
USR06771,34,30s,STABLE_GROWTH,OVERLAP_RISK,MOCK,KIRI_2025_20|ASSUMPTION_V1
USR06772,35,30s,BALANCED,TAX_BENEFIT_IDLE,MOCK,KIRI_2025_20|ASSUMPTION_V1
USR06773,44,40s,AGGRESSIVE,OVERLAP_RISK,MOCK,KIRI_2025_20|ASSUMPTION_V1
USR06774,40,40s,BALANCED,DC_NEGLECT,MOCK,KIRI_2025_20|ASSUMPTION_V1
USR06775,55,50_plus,GROWTH,TAX_BENEFIT_IDLE,MOCK,KIRI_2025_20|ASSUMPTION_V1
USR06776,64,50_plus,CONSERVATIVE,TAX_BENEFIT_IDLE,MOCK,KIRI_2025_20|ASSUMPTION_V1
USR06777,48,40s,BALANCED,OVERLAP_RISK,MOCK,KIRI_2025_20|ASSUMPTION_V1
USR06778,41,40s,GROWTH,DC_NEGLECT,MOCK,KIRI_2025_20|ASSUMPTION_V1
USR06779,51,50_plus,STABLE_GROWTH,DC_NEGLECT,MOCK,KIRI_2025_20|ASSUMPTION_V1
USR06780,31,30s,BALANCED,DC_NEGLECT,MOCK,KIRI_2025_20|ASSUMPTION_V1
USR06781,40,40s,BALANCED,OVERLAP_RISK,MOCK,KIRI_2025_20|ASSUMPTION_V1
USR06782,48,40s,BALANCED,TAX_BENEFIT_IDLE,MOCK,KIRI_2025_20|ASSUMPTION_V1
USR06783,46,40s,GROWTH,DC_NEGLECT,MOCK,KIRI_2025_20|ASSUMPTION_V1
USR06784,46,40s,STABLE_GROWTH,OVERLAP_RISK,MOCK,KIRI_2025_20|ASSUMPTION_V1
USR06785,48,40s,BALANCED,DC_NEGLECT,MOCK,KIRI_2025_20|ASSUMPTION_V1
USR06786,55,50_plus,CONSERVATIVE,DC_NEGLECT,MOCK,KIRI_2025_20|ASSUMPTION_V1
USR06787,29,20s,GROWTH,DC_NEGLECT,MOCK,KIRI_2025_20|ASSUMPTION_V1
USR06788,26,20s,GROWTH,TAX_BENEFIT_IDLE,MOCK,KIRI_2025_20|ASSUMPTION_V1
USR06789,27,20s,BALANCED,DC_NEGLECT,MOCK,KIRI_2025_20|ASSUMPTION_V1
USR06790,50,50_plus,STABLE_GROWTH,TAX_BENEFIT_IDLE,MOCK,KIRI_2025_20|ASSUMPTION_V1
USR06791,27,20s,BALANCED,OVERLAP_RISK,MOCK,KIRI_2025_20|ASSUMPTION_V1
USR06792,54,50_plus,STABLE_GROWTH,TAX_BENEFIT_IDLE,MOCK,KIRI_2025_20|ASSUMPTION_V1
USR06793,21,20s,GROWTH,DC_NEGLECT,MOCK,KIRI_2025_20|ASSUMPTION_V1
USR06794,24,20s,BALANCED,TAX_BENEFIT_IDLE,MOCK,KIRI_2025_20|ASSUMPTION_V1
USR06795,39,30s,AGGRESSIVE,OVERLAP_RISK,MOCK,KIRI_2025_20|ASSUMPTION_V1
USR06796,57,50_plus,STABLE_GROWTH,TAX_BENEFIT_IDLE,MOCK,KIRI_2025_20|ASSUMPTION_V1
USR06797,52,50_plus,CONSERVATIVE,TAX_BENEFIT_IDLE,MOCK,KIRI_2025_20|ASSUMPTION_V1
USR06798,46,40s,STABLE_GROWTH,OVERLAP_RISK,MOCK,KIRI_2025_20|ASSUMPTION_V1
USR06799,62,50_plus,STABLE_GROWTH,DC_NEGLECT,MOCK,KIRI_2025_20|ASSUMPTION_V1
USR06800,24,20s,BALANCED,TAX_BENEFIT_IDLE,MOCK,KIRI_2025_20|ASSUMPTION_V1
USR06801,23,20s,STABLE_GROWTH,DC_NEGLECT,MOCK,KIRI_2025_20|ASSUMPTION_V1
USR06802,56,50_plus,STABLE_GROWTH,OVERLAP_RISK,MOCK,KIRI_2025_20|ASSUMPTION_V1
USR06803,63,50_plus,CONSERVATIVE,OVERLAP_RISK,MOCK,KIRI_2025_20|ASSUMPTION_V1
USR06804,54,50_plus,STABLE_GROWTH,DC_NEGLECT,MOCK,KIRI_2025_20|ASSUMPTION_V1
USR06805,37,30s,CONSERVATIVE,TAX_BENEFIT_IDLE,MOCK,KIRI_2025_20|ASSUMPTION_V1
USR06806,31,30s,CONSERVATIVE,DC_NEGLECT,MOCK,KIRI_2025_20|ASSUMPTION_V1
USR06807,39,30s,GROWTH,TAX_BENEFIT_IDLE,MOCK,KIRI_2025_20|ASSUMPTION_V1
USR06808,59,50_plus,STABLE_GROWTH,OVERLAP_RISK,MOCK,KIRI_2025_20|ASSUMPTION_V1
USR06809,50,50_plus,STABLE_GROWTH,OVERLAP_RISK,MOCK,KIRI_2025_20|ASSUMPTION_V1
USR06810,30,30s,GROWTH,DC_NEGLECT,MOCK,KIRI_2025_20|ASSUMPTION_V1
USR06811,46,40s,BALANCED,TAX_BENEFIT_IDLE,MOCK,KIRI_2025_20|ASSUMPTION_V1
USR06812,42,40s,STABLE_GROWTH,TAX_BENEFIT_IDLE,MOCK,KIRI_2025_20|ASSUMPTION_V1
USR06813,20,20s,BALANCED,OVERLAP_RISK,MOCK,KIRI_2025_20|ASSUMPTION_V1
USR06814,61,50_plus,BALANCED,TAX_BENEFIT_IDLE,MOCK,KIRI_2025_20|ASSUMPTION_V1
USR06815,64,50_plus,STABLE_GROWTH,OVERLAP_RISK,MOCK,KIRI_2025_20|ASSUMPTION_V1
USR06816,45,40s,CONSERVATIVE,TAX_BENEFIT_IDLE,MOCK,KIRI_2025_20|ASSUMPTION_V1
USR06817,50,50_plus,GROWTH,OVERLAP_RISK,MOCK,KIRI_2025_20|ASSUMPTION_V1
USR06818,48,40s,AGGRESSIVE,DC_NEGLECT,MOCK,KIRI_2025_20|ASSUMPTION_V1
USR06819,55,50_plus,BALANCED,DC_NEGLECT,MOCK,KIRI_2025_20|ASSUMPTION_V1
USR06820,43,40s,STABLE_GROWTH,TAX_BENEFIT_IDLE,MOCK,KIRI_2025_20|ASSUMPTION_V1
USR06821,29,20s,STABLE_GROWTH,TAX_BENEFIT_IDLE,MOCK,KIRI_2025_20|ASSUMPTION_V1
USR06822,47,40s,CONSERVATIVE,DC_NEGLECT,MOCK,KIRI_2025_20|ASSUMPTION_V1
USR06823,39,30s,STABLE_GROWTH,OVERLAP_RISK,MOCK,KIRI_2025_20|ASSUMPTION_V1
USR06824,48,40s,CONSERVATIVE,DC_NEGLECT,MOCK,KIRI_2025_20|ASSUMPTION_V1
USR06825,35,30s,STABLE_GROWTH,OVERLAP_RISK,MOCK,KIRI_2025_20|ASSUMPTION_V1
USR06826,63,50_plus,STABLE_GROWTH,DC_NEGLECT,MOCK,KIRI_2025_20|ASSUMPTION_V1
USR06827,46,40s,BALANCED,DC_NEGLECT,MOCK,KIRI_2025_20|ASSUMPTION_V1
USR06828,56,50_plus,STABLE_GROWTH,TAX_BENEFIT_IDLE,MOCK,KIRI_2025_20|ASSUMPTION_V1
USR06829,44,40s,BALANCED,DC_NEGLECT,MOCK,KIRI_2025_20|ASSUMPTION_V1
USR06830,42,40s,GROWTH,OVERLAP_RISK,MOCK,KIRI_2025_20|ASSUMPTION_V1
USR06831,45,40s,GROWTH,TAX_BENEFIT_IDLE,MOCK,KIRI_2025_20|ASSUMPTION_V1
USR06832,60,50_plus,STABLE_GROWTH,DC_NEGLECT,MOCK,KIRI_2025_20|ASSUMPTION_V1
USR06833,20,20s,STABLE_GROWTH,OVERLAP_RISK,MOCK,KIRI_2025_20|ASSUMPTION_V1
USR06834,48,40s,CONSERVATIVE,TAX_BENEFIT_IDLE,MOCK,KIRI_2025_20|ASSUMPTION_V1
USR06835,37,30s,CONSERVATIVE,TAX_BENEFIT_IDLE,MOCK,KIRI_2025_20|ASSUMPTION_V1
USR06836,38,30s,GROWTH,OVERLAP_RISK,MOCK,KIRI_2025_20|ASSUMPTION_V1
USR06837,39,30s,AGGRESSIVE,DC_NEGLECT,MOCK,KIRI_2025_20|ASSUMPTION_V1
USR06838,45,40s,STABLE_GROWTH,DC_NEGLECT,MOCK,KIRI_2025_20|ASSUMPTION_V1
USR06839,48,40s,CONSERVATIVE,DC_NEGLECT,MOCK,KIRI_2025_20|ASSUMPTION_V1
USR06840,33,30s,CONSERVATIVE,OVERLAP_RISK,MOCK,KIRI_2025_20|ASSUMPTION_V1
USR06841,49,40s,GROWTH,OVERLAP_RISK,MOCK,KIRI_2025_20|ASSUMPTION_V1
USR06842,35,30s,AGGRESSIVE,TAX_BENEFIT_IDLE,MOCK,KIRI_2025_20|ASSUMPTION_V1
USR06843,49,40s,GROWTH,DC_NEGLECT,MOCK,KIRI_2025_20|ASSUMPTION_V1
USR06844,34,30s,STABLE_GROWTH,TAX_BENEFIT_IDLE,MOCK,KIRI_2025_20|ASSUMPTION_V1
USR06845,47,40s,CONSERVATIVE,TAX_BENEFIT_IDLE,MOCK,KIRI_2025_20|ASSUMPTION_V1
USR06846,32,30s,GROWTH,TAX_BENEFIT_IDLE,MOCK,KIRI_2025_20|ASSUMPTION_V1
USR06847,48,40s,CONSERVATIVE,DC_NEGLECT,MOCK,KIRI_2025_20|ASSUMPTION_V1
USR06848,60,50_plus,CONSERVATIVE,OVERLAP_RISK,MOCK,KIRI_2025_20|ASSUMPTION_V1
USR06849,48,40s,CONSERVATIVE,TAX_BENEFIT_IDLE,MOCK,KIRI_2025_20|ASSUMPTION_V1
USR06850,38,30s,AGGRESSIVE,DC_NEGLECT,MOCK,KIRI_2025_20|ASSUMPTION_V1
USR06851,36,30s,CONSERVATIVE,OVERLAP_RISK,MOCK,KIRI_2025_20|ASSUMPTION_V1
USR06852,32,30s,GROWTH,TAX_BENEFIT_IDLE,MOCK,KIRI_2025_20|ASSUMPTION_V1
USR06853,44,40s,BALANCED,DC_NEGLECT,MOCK,KIRI_2025_20|ASSUMPTION_V1
USR06854,39,30s,AGGRESSIVE,DC_NEGLECT,MOCK,KIRI_2025_20|ASSUMPTION_V1
USR06855,36,30s,STABLE_GROWTH,DC_NEGLECT,MOCK,KIRI_2025_20|ASSUMPTION_V1
USR06856,54,50_plus,CONSERVATIVE,OVERLAP_RISK,MOCK,KIRI_2025_20|ASSUMPTION_V1
USR06857,31,30s,STABLE_GROWTH,TAX_BENEFIT_IDLE,MOCK,KIRI_2025_20|ASSUMPTION_V1
USR06858,42,40s,BALANCED,DC_NEGLECT,MOCK,KIRI_2025_20|ASSUMPTION_V1
USR06859,35,30s,GROWTH,OVERLAP_RISK,MOCK,KIRI_2025_20|ASSUMPTION_V1
USR06860,39,30s,STABLE_GROWTH,DC_NEGLECT,MOCK,KIRI_2025_20|ASSUMPTION_V1
USR06861,42,40s,GROWTH,TAX_BENEFIT_IDLE,MOCK,KIRI_2025_20|ASSUMPTION_V1
USR06862,32,30s,GROWTH,TAX_BENEFIT_IDLE,MOCK,KIRI_2025_20|ASSUMPTION_V1
USR06863,22,20s,AGGRESSIVE,TAX_BENEFIT_IDLE,MOCK,KIRI_2025_20|ASSUMPTION_V1
USR06864,55,50_plus,STABLE_GROWTH,DC_NEGLECT,MOCK,KIRI_2025_20|ASSUMPTION_V1
USR06865,55,50_plus,STABLE_GROWTH,OVERLAP_RISK,MOCK,KIRI_2025_20|ASSUMPTION_V1
USR06866,27,20s,BALANCED,OVERLAP_RISK,MOCK,KIRI_2025_20|ASSUMPTION_V1
USR06867,34,30s,STABLE_GROWTH,TAX_BENEFIT_IDLE,MOCK,KIRI_2025_20|ASSUMPTION_V1
USR06868,32,30s,CONSERVATIVE,TAX_BENEFIT_IDLE,MOCK,KIRI_2025_20|ASSUMPTION_V1
USR06869,33,30s,BALANCED,DC_NEGLECT,MOCK,KIRI_2025_20|ASSUMPTION_V1
USR06870,20,20s,AGGRESSIVE,OVERLAP_RISK,MOCK,KIRI_2025_20|ASSUMPTION_V1
USR06871,47,40s,BALANCED,DC_NEGLECT,MOCK,KIRI_2025_20|ASSUMPTION_V1
USR06872,28,20s,BALANCED,OVERLAP_RISK,MOCK,KIRI_2025_20|ASSUMPTION_V1
USR06873,55,50_plus,CONSERVATIVE,DC_NEGLECT,MOCK,KIRI_2025_20|ASSUMPTION_V1
USR06874,20,20s,GROWTH,TAX_BENEFIT_IDLE,MOCK,KIRI_2025_20|ASSUMPTION_V1
USR06875,28,20s,BALANCED,OVERLAP_RISK,MOCK,KIRI_2025_20|ASSUMPTION_V1
USR06876,39,30s,AGGRESSIVE,DC_NEGLECT,MOCK,KIRI_2025_20|ASSUMPTION_V1
USR06877,46,40s,CONSERVATIVE,OVERLAP_RISK,MOCK,KIRI_2025_20|ASSUMPTION_V1
USR06878,53,50_plus,STABLE_GROWTH,TAX_BENEFIT_IDLE,MOCK,KIRI_2025_20|ASSUMPTION_V1
USR06879,44,40s,GROWTH,DC_NEGLECT,MOCK,KIRI_2025_20|ASSUMPTION_V1
USR06880,35,30s,BALANCED,OVERLAP_RISK,MOCK,KIRI_2025_20|ASSUMPTION_V1
USR06881,48,40s,CONSERVATIVE,TAX_BENEFIT_IDLE,MOCK,KIRI_2025_20|ASSUMPTION_V1
USR06882,21,20s,STABLE_GROWTH,DC_NEGLECT,MOCK,KIRI_2025_20|ASSUMPTION_V1
USR06883,26,20s,BALANCED,DC_NEGLECT,MOCK,KIRI_2025_20|ASSUMPTION_V1
USR06884,39,30s,CONSERVATIVE,DC_NEGLECT,MOCK,KIRI_2025_20|ASSUMPTION_V1
USR06885,40,40s,AGGRESSIVE,TAX_BENEFIT_IDLE,MOCK,KIRI_2025_20|ASSUMPTION_V1
USR06886,57,50_plus,CONSERVATIVE,TAX_BENEFIT_IDLE,MOCK,KIRI_2025_20|ASSUMPTION_V1
USR06887,46,40s,CONSERVATIVE,OVERLAP_RISK,MOCK,KIRI_2025_20|ASSUMPTION_V1
USR06888,35,30s,GROWTH,OVERLAP_RISK,MOCK,KIRI_2025_20|ASSUMPTION_V1
USR06889,44,40s,STABLE_GROWTH,TAX_BENEFIT_IDLE,MOCK,KIRI_2025_20|ASSUMPTION_V1
USR06890,35,30s,GROWTH,TAX_BENEFIT_IDLE,MOCK,KIRI_2025_20|ASSUMPTION_V1
USR06891,25,20s,AGGRESSIVE,OVERLAP_RISK,MOCK,KIRI_2025_20|ASSUMPTION_V1
USR06892,64,50_plus,CONSERVATIVE,DC_NEGLECT,MOCK,KIRI_2025_20|ASSUMPTION_V1
USR06893,41,40s,BALANCED,TAX_BENEFIT_IDLE,MOCK,KIRI_2025_20|ASSUMPTION_V1
USR06894,33,30s,CONSERVATIVE,OVERLAP_RISK,MOCK,KIRI_2025_20|ASSUMPTION_V1
USR06895,40,40s,BALANCED,OVERLAP_RISK,MOCK,KIRI_2025_20|ASSUMPTION_V1
USR06896,42,40s,BALANCED,DC_NEGLECT,MOCK,KIRI_2025_20|ASSUMPTION_V1
USR06897,28,20s,CONSERVATIVE,OVERLAP_RISK,MOCK,KIRI_2025_20|ASSUMPTION_V1
USR06898,46,40s,BALANCED,DC_NEGLECT,MOCK,KIRI_2025_20|ASSUMPTION_V1
USR06899,45,40s,GROWTH,OVERLAP_RISK,MOCK,KIRI_2025_20|ASSUMPTION_V1
USR06900,55,50_plus,STABLE_GROWTH,DC_NEGLECT,MOCK,KIRI_2025_20|ASSUMPTION_V1
USR06901,54,50_plus,CONSERVATIVE,OVERLAP_RISK,MOCK,KIRI_2025_20|ASSUMPTION_V1
USR06902,46,40s,STABLE_GROWTH,TAX_BENEFIT_IDLE,MOCK,KIRI_2025_20|ASSUMPTION_V1
USR06903,37,30s,BALANCED,OVERLAP_RISK,MOCK,KIRI_2025_20|ASSUMPTION_V1
USR06904,39,30s,CONSERVATIVE,DC_NEGLECT,MOCK,KIRI_2025_20|ASSUMPTION_V1
USR06905,31,30s,GROWTH,OVERLAP_RISK,MOCK,KIRI_2025_20|ASSUMPTION_V1
USR06906,55,50_plus,CONSERVATIVE,DC_NEGLECT,MOCK,KIRI_2025_20|ASSUMPTION_V1
USR06907,63,50_plus,BALANCED,DC_NEGLECT,MOCK,KIRI_2025_20|ASSUMPTION_V1
USR06908,48,40s,STABLE_GROWTH,TAX_BENEFIT_IDLE,MOCK,KIRI_2025_20|ASSUMPTION_V1
USR06909,33,30s,BALANCED,DC_NEGLECT,MOCK,KIRI_2025_20|ASSUMPTION_V1
USR06910,49,40s,CONSERVATIVE,OVERLAP_RISK,MOCK,KIRI_2025_20|ASSUMPTION_V1
USR06911,64,50_plus,GROWTH,DC_NEGLECT,MOCK,KIRI_2025_20|ASSUMPTION_V1
USR06912,40,40s,CONSERVATIVE,TAX_BENEFIT_IDLE,MOCK,KIRI_2025_20|ASSUMPTION_V1
USR06913,64,50_plus,BALANCED,TAX_BENEFIT_IDLE,MOCK,KIRI_2025_20|ASSUMPTION_V1
USR06914,31,30s,BALANCED,DC_NEGLECT,MOCK,KIRI_2025_20|ASSUMPTION_V1
USR06915,39,30s,CONSERVATIVE,OVERLAP_RISK,MOCK,KIRI_2025_20|ASSUMPTION_V1
USR06916,62,50_plus,STABLE_GROWTH,TAX_BENEFIT_IDLE,MOCK,KIRI_2025_20|ASSUMPTION_V1
USR06917,58,50_plus,CONSERVATIVE,DC_NEGLECT,MOCK,KIRI_2025_20|ASSUMPTION_V1
USR06918,58,50_plus,GROWTH,OVERLAP_RISK,MOCK,KIRI_2025_20|ASSUMPTION_V1
USR06919,31,30s,STABLE_GROWTH,DC_NEGLECT,MOCK,KIRI_2025_20|ASSUMPTION_V1
USR06920,50,50_plus,CONSERVATIVE,DC_NEGLECT,MOCK,KIRI_2025_20|ASSUMPTION_V1
USR06921,39,30s,GROWTH,OVERLAP_RISK,MOCK,KIRI_2025_20|ASSUMPTION_V1
USR06922,31,30s,AGGRESSIVE,OVERLAP_RISK,MOCK,KIRI_2025_20|ASSUMPTION_V1
USR06923,39,30s,STABLE_GROWTH,DC_NEGLECT,MOCK,KIRI_2025_20|ASSUMPTION_V1
USR06924,29,20s,BALANCED,DC_NEGLECT,MOCK,KIRI_2025_20|ASSUMPTION_V1
USR06925,44,40s,BALANCED,DC_NEGLECT,MOCK,KIRI_2025_20|ASSUMPTION_V1
USR06926,42,40s,BALANCED,DC_NEGLECT,MOCK,KIRI_2025_20|ASSUMPTION_V1
USR06927,47,40s,STABLE_GROWTH,OVERLAP_RISK,MOCK,KIRI_2025_20|ASSUMPTION_V1
USR06928,23,20s,STABLE_GROWTH,TAX_BENEFIT_IDLE,MOCK,KIRI_2025_20|ASSUMPTION_V1
USR06929,26,20s,AGGRESSIVE,DC_NEGLECT,MOCK,KIRI_2025_20|ASSUMPTION_V1
USR06930,46,40s,CONSERVATIVE,TAX_BENEFIT_IDLE,MOCK,KIRI_2025_20|ASSUMPTION_V1
USR06931,42,40s,GROWTH,DC_NEGLECT,MOCK,KIRI_2025_20|ASSUMPTION_V1
USR06932,43,40s,STABLE_GROWTH,TAX_BENEFIT_IDLE,MOCK,KIRI_2025_20|ASSUMPTION_V1
USR06933,43,40s,GROWTH,TAX_BENEFIT_IDLE,MOCK,KIRI_2025_20|ASSUMPTION_V1
USR06934,45,40s,STABLE_GROWTH,DC_NEGLECT,MOCK,KIRI_2025_20|ASSUMPTION_V1
USR06935,35,30s,BALANCED,DC_NEGLECT,MOCK,KIRI_2025_20|ASSUMPTION_V1
USR06936,30,30s,STABLE_GROWTH,OVERLAP_RISK,MOCK,KIRI_2025_20|ASSUMPTION_V1
USR06937,41,40s,STABLE_GROWTH,TAX_BENEFIT_IDLE,MOCK,KIRI_2025_20|ASSUMPTION_V1
USR06938,37,30s,CONSERVATIVE,TAX_BENEFIT_IDLE,MOCK,KIRI_2025_20|ASSUMPTION_V1
USR06939,31,30s,STABLE_GROWTH,TAX_BENEFIT_IDLE,MOCK,KIRI_2025_20|ASSUMPTION_V1
USR06940,32,30s,BALANCED,DC_NEGLECT,MOCK,KIRI_2025_20|ASSUMPTION_V1
USR06941,54,50_plus,BALANCED,OVERLAP_RISK,MOCK,KIRI_2025_20|ASSUMPTION_V1
USR06942,59,50_plus,CONSERVATIVE,DC_NEGLECT,MOCK,KIRI_2025_20|ASSUMPTION_V1
USR06943,28,20s,STABLE_GROWTH,TAX_BENEFIT_IDLE,MOCK,KIRI_2025_20|ASSUMPTION_V1
USR06944,53,50_plus,CONSERVATIVE,TAX_BENEFIT_IDLE,MOCK,KIRI_2025_20|ASSUMPTION_V1
USR06945,55,50_plus,GROWTH,DC_NEGLECT,MOCK,KIRI_2025_20|ASSUMPTION_V1
USR06946,55,50_plus,BALANCED,OVERLAP_RISK,MOCK,KIRI_2025_20|ASSUMPTION_V1
USR06947,40,40s,GROWTH,OVERLAP_RISK,MOCK,KIRI_2025_20|ASSUMPTION_V1
USR06948,41,40s,CONSERVATIVE,DC_NEGLECT,MOCK,KIRI_2025_20|ASSUMPTION_V1
USR06949,33,30s,STABLE_GROWTH,TAX_BENEFIT_IDLE,MOCK,KIRI_2025_20|ASSUMPTION_V1
USR06950,42,40s,BALANCED,DC_NEGLECT,MOCK,KIRI_2025_20|ASSUMPTION_V1
USR06951,53,50_plus,CONSERVATIVE,DC_NEGLECT,MOCK,KIRI_2025_20|ASSUMPTION_V1
USR06952,39,30s,GROWTH,OVERLAP_RISK,MOCK,KIRI_2025_20|ASSUMPTION_V1
USR06953,43,40s,GROWTH,DC_NEGLECT,MOCK,KIRI_2025_20|ASSUMPTION_V1
USR06954,43,40s,CONSERVATIVE,DC_NEGLECT,MOCK,KIRI_2025_20|ASSUMPTION_V1
USR06955,38,30s,GROWTH,DC_NEGLECT,MOCK,KIRI_2025_20|ASSUMPTION_V1
USR06956,37,30s,STABLE_GROWTH,TAX_BENEFIT_IDLE,MOCK,KIRI_2025_20|ASSUMPTION_V1
USR06957,44,40s,STABLE_GROWTH,TAX_BENEFIT_IDLE,MOCK,KIRI_2025_20|ASSUMPTION_V1
USR06958,43,40s,CONSERVATIVE,OVERLAP_RISK,MOCK,KIRI_2025_20|ASSUMPTION_V1
USR06959,56,50_plus,STABLE_GROWTH,DC_NEGLECT,MOCK,KIRI_2025_20|ASSUMPTION_V1
USR06960,31,30s,STABLE_GROWTH,OVERLAP_RISK,MOCK,KIRI_2025_20|ASSUMPTION_V1
USR06961,54,50_plus,CONSERVATIVE,DC_NEGLECT,MOCK,KIRI_2025_20|ASSUMPTION_V1
USR06962,32,30s,BALANCED,DC_NEGLECT,MOCK,KIRI_2025_20|ASSUMPTION_V1
USR06963,41,40s,STABLE_GROWTH,TAX_BENEFIT_IDLE,MOCK,KIRI_2025_20|ASSUMPTION_V1
USR06964,43,40s,GROWTH,OVERLAP_RISK,MOCK,KIRI_2025_20|ASSUMPTION_V1
USR06965,24,20s,GROWTH,DC_NEGLECT,MOCK,KIRI_2025_20|ASSUMPTION_V1
USR06966,41,40s,STABLE_GROWTH,OVERLAP_RISK,MOCK,KIRI_2025_20|ASSUMPTION_V1
USR06967,33,30s,CONSERVATIVE,TAX_BENEFIT_IDLE,MOCK,KIRI_2025_20|ASSUMPTION_V1
USR06968,61,50_plus,BALANCED,DC_NEGLECT,MOCK,KIRI_2025_20|ASSUMPTION_V1
USR06969,44,40s,GROWTH,OVERLAP_RISK,MOCK,KIRI_2025_20|ASSUMPTION_V1
USR06970,34,30s,BALANCED,TAX_BENEFIT_IDLE,MOCK,KIRI_2025_20|ASSUMPTION_V1
USR06971,41,40s,STABLE_GROWTH,DC_NEGLECT,MOCK,KIRI_2025_20|ASSUMPTION_V1
USR06972,34,30s,STABLE_GROWTH,DC_NEGLECT,MOCK,KIRI_2025_20|ASSUMPTION_V1
USR06973,35,30s,BALANCED,TAX_BENEFIT_IDLE,MOCK,KIRI_2025_20|ASSUMPTION_V1
USR06974,33,30s,STABLE_GROWTH,DC_NEGLECT,MOCK,KIRI_2025_20|ASSUMPTION_V1
USR06975,45,40s,AGGRESSIVE,OVERLAP_RISK,MOCK,KIRI_2025_20|ASSUMPTION_V1
USR06976,32,30s,BALANCED,TAX_BENEFIT_IDLE,MOCK,KIRI_2025_20|ASSUMPTION_V1
USR06977,33,30s,BALANCED,DC_NEGLECT,MOCK,KIRI_2025_20|ASSUMPTION_V1
USR06978,51,50_plus,CONSERVATIVE,TAX_BENEFIT_IDLE,MOCK,KIRI_2025_20|ASSUMPTION_V1
USR06979,31,30s,STABLE_GROWTH,DC_NEGLECT,MOCK,KIRI_2025_20|ASSUMPTION_V1
USR06980,38,30s,GROWTH,OVERLAP_RISK,MOCK,KIRI_2025_20|ASSUMPTION_V1
USR06981,41,40s,BALANCED,DC_NEGLECT,MOCK,KIRI_2025_20|ASSUMPTION_V1
USR06982,40,40s,CONSERVATIVE,OVERLAP_RISK,MOCK,KIRI_2025_20|ASSUMPTION_V1
USR06983,34,30s,CONSERVATIVE,DC_NEGLECT,MOCK,KIRI_2025_20|ASSUMPTION_V1
USR06984,41,40s,BALANCED,OVERLAP_RISK,MOCK,KIRI_2025_20|ASSUMPTION_V1
USR06985,62,50_plus,BALANCED,TAX_BENEFIT_IDLE,MOCK,KIRI_2025_20|ASSUMPTION_V1
USR06986,44,40s,CONSERVATIVE,OVERLAP_RISK,MOCK,KIRI_2025_20|ASSUMPTION_V1
USR06987,22,20s,BALANCED,DC_NEGLECT,MOCK,KIRI_2025_20|ASSUMPTION_V1
USR06988,51,50_plus,BALANCED,DC_NEGLECT,MOCK,KIRI_2025_20|ASSUMPTION_V1
USR06989,20,20s,STABLE_GROWTH,DC_NEGLECT,MOCK,KIRI_2025_20|ASSUMPTION_V1
USR06990,30,30s,STABLE_GROWTH,TAX_BENEFIT_IDLE,MOCK,KIRI_2025_20|ASSUMPTION_V1
USR06991,38,30s,STABLE_GROWTH,TAX_BENEFIT_IDLE,MOCK,KIRI_2025_20|ASSUMPTION_V1
USR06992,62,50_plus,STABLE_GROWTH,OVERLAP_RISK,MOCK,KIRI_2025_20|ASSUMPTION_V1
USR06993,26,20s,GROWTH,OVERLAP_RISK,MOCK,KIRI_2025_20|ASSUMPTION_V1
USR06994,30,30s,BALANCED,TAX_BENEFIT_IDLE,MOCK,KIRI_2025_20|ASSUMPTION_V1
USR06995,32,30s,BALANCED,TAX_BENEFIT_IDLE,MOCK,KIRI_2025_20|ASSUMPTION_V1
USR06996,34,30s,BALANCED,OVERLAP_RISK,MOCK,KIRI_2025_20|ASSUMPTION_V1
USR06997,63,50_plus,STABLE_GROWTH,DC_NEGLECT,MOCK,KIRI_2025_20|ASSUMPTION_V1
USR06998,36,30s,BALANCED,DC_NEGLECT,MOCK,KIRI_2025_20|ASSUMPTION_V1
USR06999,32,30s,AGGRESSIVE,TAX_BENEFIT_IDLE,MOCK,KIRI_2025_20|ASSUMPTION_V1
USR07000,61,50_plus,AGGRESSIVE,DC_NEGLECT,MOCK,KIRI_2025_20|ASSUMPTION_V1
USR07001,36,30s,BALANCED,DC_NEGLECT,MOCK,KIRI_2025_20|ASSUMPTION_V1
USR07002,56,50_plus,CONSERVATIVE,DC_NEGLECT,MOCK,KIRI_2025_20|ASSUMPTION_V1
USR07003,56,50_plus,STABLE_GROWTH,DC_NEGLECT,MOCK,KIRI_2025_20|ASSUMPTION_V1
USR07004,46,40s,GROWTH,DC_NEGLECT,MOCK,KIRI_2025_20|ASSUMPTION_V1
USR07005,56,50_plus,BALANCED,TAX_BENEFIT_IDLE,MOCK,KIRI_2025_20|ASSUMPTION_V1
USR07006,35,30s,AGGRESSIVE,TAX_BENEFIT_IDLE,MOCK,KIRI_2025_20|ASSUMPTION_V1
USR07007,34,30s,GROWTH,DC_NEGLECT,MOCK,KIRI_2025_20|ASSUMPTION_V1
USR07008,41,40s,CONSERVATIVE,DC_NEGLECT,MOCK,KIRI_2025_20|ASSUMPTION_V1
USR07009,46,40s,CONSERVATIVE,DC_NEGLECT,MOCK,KIRI_2025_20|ASSUMPTION_V1
USR07010,59,50_plus,BALANCED,DC_NEGLECT,MOCK,KIRI_2025_20|ASSUMPTION_V1
USR07011,45,40s,CONSERVATIVE,OVERLAP_RISK,MOCK,KIRI_2025_20|ASSUMPTION_V1
USR07012,44,40s,GROWTH,DC_NEGLECT,MOCK,KIRI_2025_20|ASSUMPTION_V1
USR07013,64,50_plus,CONSERVATIVE,OVERLAP_RISK,MOCK,KIRI_2025_20|ASSUMPTION_V1
USR07014,43,40s,CONSERVATIVE,OVERLAP_RISK,MOCK,KIRI_2025_20|ASSUMPTION_V1
USR07015,27,20s,BALANCED,DC_NEGLECT,MOCK,KIRI_2025_20|ASSUMPTION_V1
USR07016,41,40s,CONSERVATIVE,OVERLAP_RISK,MOCK,KIRI_2025_20|ASSUMPTION_V1
USR07017,43,40s,BALANCED,DC_NEGLECT,MOCK,KIRI_2025_20|ASSUMPTION_V1
USR07018,45,40s,CONSERVATIVE,DC_NEGLECT,MOCK,KIRI_2025_20|ASSUMPTION_V1
USR07019,55,50_plus,STABLE_GROWTH,OVERLAP_RISK,MOCK,KIRI_2025_20|ASSUMPTION_V1
USR07020,32,30s,GROWTH,TAX_BENEFIT_IDLE,MOCK,KIRI_2025_20|ASSUMPTION_V1
USR07021,47,40s,BALANCED,DC_NEGLECT,MOCK,KIRI_2025_20|ASSUMPTION_V1
USR07022,53,50_plus,CONSERVATIVE,DC_NEGLECT,MOCK,KIRI_2025_20|ASSUMPTION_V1
USR07023,44,40s,STABLE_GROWTH,OVERLAP_RISK,MOCK,KIRI_2025_20|ASSUMPTION_V1
USR07024,39,30s,CONSERVATIVE,TAX_BENEFIT_IDLE,MOCK,KIRI_2025_20|ASSUMPTION_V1
USR07025,30,30s,BALANCED,TAX_BENEFIT_IDLE,MOCK,KIRI_2025_20|ASSUMPTION_V1
USR07026,44,40s,STABLE_GROWTH,DC_NEGLECT,MOCK,KIRI_2025_20|ASSUMPTION_V1
USR07027,40,40s,CONSERVATIVE,TAX_BENEFIT_IDLE,MOCK,KIRI_2025_20|ASSUMPTION_V1
USR07028,33,30s,STABLE_GROWTH,OVERLAP_RISK,MOCK,KIRI_2025_20|ASSUMPTION_V1
USR07029,45,40s,STABLE_GROWTH,TAX_BENEFIT_IDLE,MOCK,KIRI_2025_20|ASSUMPTION_V1
USR07030,39,30s,BALANCED,DC_NEGLECT,MOCK,KIRI_2025_20|ASSUMPTION_V1
USR07031,22,20s,BALANCED,DC_NEGLECT,MOCK,KIRI_2025_20|ASSUMPTION_V1
USR07032,40,40s,GROWTH,DC_NEGLECT,MOCK,KIRI_2025_20|ASSUMPTION_V1
USR07033,52,50_plus,GROWTH,TAX_BENEFIT_IDLE,MOCK,KIRI_2025_20|ASSUMPTION_V1
USR07034,39,30s,GROWTH,OVERLAP_RISK,MOCK,KIRI_2025_20|ASSUMPTION_V1
USR07035,39,30s,AGGRESSIVE,OVERLAP_RISK,MOCK,KIRI_2025_20|ASSUMPTION_V1
USR07036,63,50_plus,STABLE_GROWTH,DC_NEGLECT,MOCK,KIRI_2025_20|ASSUMPTION_V1
USR07037,27,20s,BALANCED,OVERLAP_RISK,MOCK,KIRI_2025_20|ASSUMPTION_V1
USR07038,33,30s,BALANCED,TAX_BENEFIT_IDLE,MOCK,KIRI_2025_20|ASSUMPTION_V1
USR07039,50,50_plus,BALANCED,OVERLAP_RISK,MOCK,KIRI_2025_20|ASSUMPTION_V1
USR07040,30,30s,CONSERVATIVE,DC_NEGLECT,MOCK,KIRI_2025_20|ASSUMPTION_V1
USR07041,32,30s,BALANCED,DC_NEGLECT,MOCK,KIRI_2025_20|ASSUMPTION_V1
USR07042,49,40s,GROWTH,OVERLAP_RISK,MOCK,KIRI_2025_20|ASSUMPTION_V1
USR07043,44,40s,STABLE_GROWTH,TAX_BENEFIT_IDLE,MOCK,KIRI_2025_20|ASSUMPTION_V1
USR07044,35,30s,BALANCED,DC_NEGLECT,MOCK,KIRI_2025_20|ASSUMPTION_V1
USR07045,44,40s,AGGRESSIVE,TAX_BENEFIT_IDLE,MOCK,KIRI_2025_20|ASSUMPTION_V1
USR07046,61,50_plus,STABLE_GROWTH,TAX_BENEFIT_IDLE,MOCK,KIRI_2025_20|ASSUMPTION_V1
USR07047,33,30s,STABLE_GROWTH,OVERLAP_RISK,MOCK,KIRI_2025_20|ASSUMPTION_V1
USR07048,40,40s,CONSERVATIVE,TAX_BENEFIT_IDLE,MOCK,KIRI_2025_20|ASSUMPTION_V1
USR07049,52,50_plus,GROWTH,TAX_BENEFIT_IDLE,MOCK,KIRI_2025_20|ASSUMPTION_V1
USR07050,49,40s,BALANCED,DC_NEGLECT,MOCK,KIRI_2025_20|ASSUMPTION_V1
USR07051,42,40s,BALANCED,OVERLAP_RISK,MOCK,KIRI_2025_20|ASSUMPTION_V1
USR07052,52,50_plus,BALANCED,DC_NEGLECT,MOCK,KIRI_2025_20|ASSUMPTION_V1
USR07053,55,50_plus,STABLE_GROWTH,OVERLAP_RISK,MOCK,KIRI_2025_20|ASSUMPTION_V1
USR07054,58,50_plus,STABLE_GROWTH,DC_NEGLECT,MOCK,KIRI_2025_20|ASSUMPTION_V1
USR07055,32,30s,CONSERVATIVE,TAX_BENEFIT_IDLE,MOCK,KIRI_2025_20|ASSUMPTION_V1
USR07056,26,20s,AGGRESSIVE,OVERLAP_RISK,MOCK,KIRI_2025_20|ASSUMPTION_V1
USR07057,51,50_plus,STABLE_GROWTH,DC_NEGLECT,MOCK,KIRI_2025_20|ASSUMPTION_V1
USR07058,55,50_plus,STABLE_GROWTH,OVERLAP_RISK,MOCK,KIRI_2025_20|ASSUMPTION_V1
USR07059,32,30s,GROWTH,TAX_BENEFIT_IDLE,MOCK,KIRI_2025_20|ASSUMPTION_V1
USR07060,40,40s,STABLE_GROWTH,DC_NEGLECT,MOCK,KIRI_2025_20|ASSUMPTION_V1
USR07061,43,40s,CONSERVATIVE,TAX_BENEFIT_IDLE,MOCK,KIRI_2025_20|ASSUMPTION_V1
USR07062,27,20s,GROWTH,OVERLAP_RISK,MOCK,KIRI_2025_20|ASSUMPTION_V1
USR07063,24,20s,GROWTH,OVERLAP_RISK,MOCK,KIRI_2025_20|ASSUMPTION_V1
USR07064,38,30s,BALANCED,DC_NEGLECT,MOCK,KIRI_2025_20|ASSUMPTION_V1
USR07065,33,30s,GROWTH,OVERLAP_RISK,MOCK,KIRI_2025_20|ASSUMPTION_V1
USR07066,49,40s,STABLE_GROWTH,DC_NEGLECT,MOCK,KIRI_2025_20|ASSUMPTION_V1
USR07067,50,50_plus,STABLE_GROWTH,TAX_BENEFIT_IDLE,MOCK,KIRI_2025_20|ASSUMPTION_V1
USR07068,25,20s,AGGRESSIVE,TAX_BENEFIT_IDLE,MOCK,KIRI_2025_20|ASSUMPTION_V1
USR07069,54,50_plus,CONSERVATIVE,TAX_BENEFIT_IDLE,MOCK,KIRI_2025_20|ASSUMPTION_V1
USR07070,60,50_plus,STABLE_GROWTH,DC_NEGLECT,MOCK,KIRI_2025_20|ASSUMPTION_V1
USR07071,27,20s,CONSERVATIVE,TAX_BENEFIT_IDLE,MOCK,KIRI_2025_20|ASSUMPTION_V1
USR07072,56,50_plus,GROWTH,OVERLAP_RISK,MOCK,KIRI_2025_20|ASSUMPTION_V1
USR07073,39,30s,BALANCED,DC_NEGLECT,MOCK,KIRI_2025_20|ASSUMPTION_V1
USR07074,45,40s,AGGRESSIVE,TAX_BENEFIT_IDLE,MOCK,KIRI_2025_20|ASSUMPTION_V1
USR07075,47,40s,STABLE_GROWTH,OVERLAP_RISK,MOCK,KIRI_2025_20|ASSUMPTION_V1
USR07076,40,40s,BALANCED,OVERLAP_RISK,MOCK,KIRI_2025_20|ASSUMPTION_V1
USR07077,46,40s,STABLE_GROWTH,DC_NEGLECT,MOCK,KIRI_2025_20|ASSUMPTION_V1
USR07078,40,40s,STABLE_GROWTH,DC_NEGLECT,MOCK,KIRI_2025_20|ASSUMPTION_V1
USR07079,37,30s,BALANCED,DC_NEGLECT,MOCK,KIRI_2025_20|ASSUMPTION_V1
USR07080,31,30s,STABLE_GROWTH,DC_NEGLECT,MOCK,KIRI_2025_20|ASSUMPTION_V1
USR07081,51,50_plus,BALANCED,OVERLAP_RISK,MOCK,KIRI_2025_20|ASSUMPTION_V1
USR07082,39,30s,BALANCED,OVERLAP_RISK,MOCK,KIRI_2025_20|ASSUMPTION_V1
USR07083,49,40s,BALANCED,OVERLAP_RISK,MOCK,KIRI_2025_20|ASSUMPTION_V1
USR07084,46,40s,CONSERVATIVE,DC_NEGLECT,MOCK,KIRI_2025_20|ASSUMPTION_V1
USR07085,56,50_plus,BALANCED,OVERLAP_RISK,MOCK,KIRI_2025_20|ASSUMPTION_V1
USR07086,54,50_plus,BALANCED,DC_NEGLECT,MOCK,KIRI_2025_20|ASSUMPTION_V1
USR07087,47,40s,BALANCED,OVERLAP_RISK,MOCK,KIRI_2025_20|ASSUMPTION_V1
USR07088,37,30s,GROWTH,DC_NEGLECT,MOCK,KIRI_2025_20|ASSUMPTION_V1
USR07089,46,40s,BALANCED,OVERLAP_RISK,MOCK,KIRI_2025_20|ASSUMPTION_V1
USR07090,35,30s,GROWTH,OVERLAP_RISK,MOCK,KIRI_2025_20|ASSUMPTION_V1
USR07091,64,50_plus,BALANCED,TAX_BENEFIT_IDLE,MOCK,KIRI_2025_20|ASSUMPTION_V1
USR07092,25,20s,BALANCED,OVERLAP_RISK,MOCK,KIRI_2025_20|ASSUMPTION_V1
USR07093,41,40s,STABLE_GROWTH,OVERLAP_RISK,MOCK,KIRI_2025_20|ASSUMPTION_V1
USR07094,24,20s,GROWTH,OVERLAP_RISK,MOCK,KIRI_2025_20|ASSUMPTION_V1
USR07095,51,50_plus,CONSERVATIVE,DC_NEGLECT,MOCK,KIRI_2025_20|ASSUMPTION_V1
USR07096,37,30s,BALANCED,OVERLAP_RISK,MOCK,KIRI_2025_20|ASSUMPTION_V1
USR07097,55,50_plus,CONSERVATIVE,DC_NEGLECT,MOCK,KIRI_2025_20|ASSUMPTION_V1
USR07098,34,30s,AGGRESSIVE,OVERLAP_RISK,MOCK,KIRI_2025_20|ASSUMPTION_V1
USR07099,31,30s,STABLE_GROWTH,OVERLAP_RISK,MOCK,KIRI_2025_20|ASSUMPTION_V1
USR07100,25,20s,BALANCED,DC_NEGLECT,MOCK,KIRI_2025_20|ASSUMPTION_V1
USR07101,21,20s,AGGRESSIVE,DC_NEGLECT,MOCK,KIRI_2025_20|ASSUMPTION_V1
USR07102,38,30s,STABLE_GROWTH,DC_NEGLECT,MOCK,KIRI_2025_20|ASSUMPTION_V1
USR07103,58,50_plus,CONSERVATIVE,DC_NEGLECT,MOCK,KIRI_2025_20|ASSUMPTION_V1
USR07104,53,50_plus,CONSERVATIVE,OVERLAP_RISK,MOCK,KIRI_2025_20|ASSUMPTION_V1
USR07105,34,30s,BALANCED,TAX_BENEFIT_IDLE,MOCK,KIRI_2025_20|ASSUMPTION_V1
USR07106,56,50_plus,CONSERVATIVE,OVERLAP_RISK,MOCK,KIRI_2025_20|ASSUMPTION_V1
USR07107,21,20s,GROWTH,DC_NEGLECT,MOCK,KIRI_2025_20|ASSUMPTION_V1
USR07108,63,50_plus,BALANCED,DC_NEGLECT,MOCK,KIRI_2025_20|ASSUMPTION_V1
USR07109,36,30s,AGGRESSIVE,TAX_BENEFIT_IDLE,MOCK,KIRI_2025_20|ASSUMPTION_V1
USR07110,38,30s,GROWTH,TAX_BENEFIT_IDLE,MOCK,KIRI_2025_20|ASSUMPTION_V1
USR07111,41,40s,STABLE_GROWTH,DC_NEGLECT,MOCK,KIRI_2025_20|ASSUMPTION_V1
USR07112,46,40s,BALANCED,TAX_BENEFIT_IDLE,MOCK,KIRI_2025_20|ASSUMPTION_V1
USR07113,41,40s,STABLE_GROWTH,TAX_BENEFIT_IDLE,MOCK,KIRI_2025_20|ASSUMPTION_V1
USR07114,44,40s,STABLE_GROWTH,TAX_BENEFIT_IDLE,MOCK,KIRI_2025_20|ASSUMPTION_V1
USR07115,54,50_plus,BALANCED,DC_NEGLECT,MOCK,KIRI_2025_20|ASSUMPTION_V1
USR07116,64,50_plus,CONSERVATIVE,OVERLAP_RISK,MOCK,KIRI_2025_20|ASSUMPTION_V1
USR07117,54,50_plus,STABLE_GROWTH,OVERLAP_RISK,MOCK,KIRI_2025_20|ASSUMPTION_V1
USR07118,47,40s,STABLE_GROWTH,DC_NEGLECT,MOCK,KIRI_2025_20|ASSUMPTION_V1
USR07119,34,30s,BALANCED,OVERLAP_RISK,MOCK,KIRI_2025_20|ASSUMPTION_V1
USR07120,36,30s,AGGRESSIVE,TAX_BENEFIT_IDLE,MOCK,KIRI_2025_20|ASSUMPTION_V1
USR07121,34,30s,AGGRESSIVE,DC_NEGLECT,MOCK,KIRI_2025_20|ASSUMPTION_V1
USR07122,29,20s,BALANCED,DC_NEGLECT,MOCK,KIRI_2025_20|ASSUMPTION_V1
USR07123,51,50_plus,STABLE_GROWTH,TAX_BENEFIT_IDLE,MOCK,KIRI_2025_20|ASSUMPTION_V1
USR07124,40,40s,STABLE_GROWTH,TAX_BENEFIT_IDLE,MOCK,KIRI_2025_20|ASSUMPTION_V1
USR07125,25,20s,CONSERVATIVE,TAX_BENEFIT_IDLE,MOCK,KIRI_2025_20|ASSUMPTION_V1
USR07126,58,50_plus,BALANCED,OVERLAP_RISK,MOCK,KIRI_2025_20|ASSUMPTION_V1
USR07127,36,30s,STABLE_GROWTH,DC_NEGLECT,MOCK,KIRI_2025_20|ASSUMPTION_V1
USR07128,62,50_plus,BALANCED,OVERLAP_RISK,MOCK,KIRI_2025_20|ASSUMPTION_V1
USR07129,31,30s,STABLE_GROWTH,DC_NEGLECT,MOCK,KIRI_2025_20|ASSUMPTION_V1
USR07130,39,30s,BALANCED,TAX_BENEFIT_IDLE,MOCK,KIRI_2025_20|ASSUMPTION_V1
USR07131,59,50_plus,STABLE_GROWTH,DC_NEGLECT,MOCK,KIRI_2025_20|ASSUMPTION_V1
USR07132,60,50_plus,STABLE_GROWTH,OVERLAP_RISK,MOCK,KIRI_2025_20|ASSUMPTION_V1
USR07133,21,20s,STABLE_GROWTH,OVERLAP_RISK,MOCK,KIRI_2025_20|ASSUMPTION_V1
USR07134,43,40s,CONSERVATIVE,DC_NEGLECT,MOCK,KIRI_2025_20|ASSUMPTION_V1
USR07135,46,40s,STABLE_GROWTH,OVERLAP_RISK,MOCK,KIRI_2025_20|ASSUMPTION_V1
USR07136,46,40s,STABLE_GROWTH,DC_NEGLECT,MOCK,KIRI_2025_20|ASSUMPTION_V1
USR07137,42,40s,CONSERVATIVE,TAX_BENEFIT_IDLE,MOCK,KIRI_2025_20|ASSUMPTION_V1
USR07138,31,30s,AGGRESSIVE,OVERLAP_RISK,MOCK,KIRI_2025_20|ASSUMPTION_V1
USR07139,47,40s,BALANCED,TAX_BENEFIT_IDLE,MOCK,KIRI_2025_20|ASSUMPTION_V1
USR07140,42,40s,BALANCED,DC_NEGLECT,MOCK,KIRI_2025_20|ASSUMPTION_V1
USR07141,48,40s,GROWTH,OVERLAP_RISK,MOCK,KIRI_2025_20|ASSUMPTION_V1
USR07142,35,30s,AGGRESSIVE,OVERLAP_RISK,MOCK,KIRI_2025_20|ASSUMPTION_V1
USR07143,30,30s,BALANCED,DC_NEGLECT,MOCK,KIRI_2025_20|ASSUMPTION_V1
USR07144,38,30s,STABLE_GROWTH,TAX_BENEFIT_IDLE,MOCK,KIRI_2025_20|ASSUMPTION_V1
USR07145,57,50_plus,STABLE_GROWTH,OVERLAP_RISK,MOCK,KIRI_2025_20|ASSUMPTION_V1
USR07146,52,50_plus,GROWTH,OVERLAP_RISK,MOCK,KIRI_2025_20|ASSUMPTION_V1
USR07147,53,50_plus,GROWTH,DC_NEGLECT,MOCK,KIRI_2025_20|ASSUMPTION_V1
USR07148,44,40s,STABLE_GROWTH,DC_NEGLECT,MOCK,KIRI_2025_20|ASSUMPTION_V1
USR07149,39,30s,STABLE_GROWTH,DC_NEGLECT,MOCK,KIRI_2025_20|ASSUMPTION_V1
USR07150,43,40s,BALANCED,OVERLAP_RISK,MOCK,KIRI_2025_20|ASSUMPTION_V1
USR07151,60,50_plus,CONSERVATIVE,TAX_BENEFIT_IDLE,MOCK,KIRI_2025_20|ASSUMPTION_V1
USR07152,29,20s,CONSERVATIVE,TAX_BENEFIT_IDLE,MOCK,KIRI_2025_20|ASSUMPTION_V1
USR07153,34,30s,GROWTH,TAX_BENEFIT_IDLE,MOCK,KIRI_2025_20|ASSUMPTION_V1
USR07154,49,40s,CONSERVATIVE,OVERLAP_RISK,MOCK,KIRI_2025_20|ASSUMPTION_V1
USR07155,34,30s,AGGRESSIVE,TAX_BENEFIT_IDLE,MOCK,KIRI_2025_20|ASSUMPTION_V1
USR07156,56,50_plus,STABLE_GROWTH,TAX_BENEFIT_IDLE,MOCK,KIRI_2025_20|ASSUMPTION_V1
USR07157,33,30s,GROWTH,DC_NEGLECT,MOCK,KIRI_2025_20|ASSUMPTION_V1
USR07158,60,50_plus,BALANCED,DC_NEGLECT,MOCK,KIRI_2025_20|ASSUMPTION_V1
USR07159,62,50_plus,BALANCED,TAX_BENEFIT_IDLE,MOCK,KIRI_2025_20|ASSUMPTION_V1
USR07160,37,30s,AGGRESSIVE,DC_NEGLECT,MOCK,KIRI_2025_20|ASSUMPTION_V1
USR07161,30,30s,STABLE_GROWTH,TAX_BENEFIT_IDLE,MOCK,KIRI_2025_20|ASSUMPTION_V1
USR07162,56,50_plus,CONSERVATIVE,TAX_BENEFIT_IDLE,MOCK,KIRI_2025_20|ASSUMPTION_V1
USR07163,40,40s,STABLE_GROWTH,DC_NEGLECT,MOCK,KIRI_2025_20|ASSUMPTION_V1
USR07164,62,50_plus,BALANCED,TAX_BENEFIT_IDLE,MOCK,KIRI_2025_20|ASSUMPTION_V1
USR07165,57,50_plus,STABLE_GROWTH,TAX_BENEFIT_IDLE,MOCK,KIRI_2025_20|ASSUMPTION_V1
USR07166,51,50_plus,BALANCED,OVERLAP_RISK,MOCK,KIRI_2025_20|ASSUMPTION_V1
USR07167,58,50_plus,STABLE_GROWTH,DC_NEGLECT,MOCK,KIRI_2025_20|ASSUMPTION_V1
USR07168,55,50_plus,STABLE_GROWTH,DC_NEGLECT,MOCK,KIRI_2025_20|ASSUMPTION_V1
USR07169,54,50_plus,BALANCED,DC_NEGLECT,MOCK,KIRI_2025_20|ASSUMPTION_V1
USR07170,48,40s,AGGRESSIVE,TAX_BENEFIT_IDLE,MOCK,KIRI_2025_20|ASSUMPTION_V1
USR07171,48,40s,AGGRESSIVE,TAX_BENEFIT_IDLE,MOCK,KIRI_2025_20|ASSUMPTION_V1
USR07172,38,30s,CONSERVATIVE,DC_NEGLECT,MOCK,KIRI_2025_20|ASSUMPTION_V1
USR07173,55,50_plus,CONSERVATIVE,TAX_BENEFIT_IDLE,MOCK,KIRI_2025_20|ASSUMPTION_V1
USR07174,45,40s,BALANCED,DC_NEGLECT,MOCK,KIRI_2025_20|ASSUMPTION_V1
USR07175,54,50_plus,STABLE_GROWTH,TAX_BENEFIT_IDLE,MOCK,KIRI_2025_20|ASSUMPTION_V1
USR07176,63,50_plus,GROWTH,TAX_BENEFIT_IDLE,MOCK,KIRI_2025_20|ASSUMPTION_V1
USR07177,59,50_plus,STABLE_GROWTH,OVERLAP_RISK,MOCK,KIRI_2025_20|ASSUMPTION_V1
USR07178,24,20s,BALANCED,DC_NEGLECT,MOCK,KIRI_2025_20|ASSUMPTION_V1
USR07179,57,50_plus,BALANCED,OVERLAP_RISK,MOCK,KIRI_2025_20|ASSUMPTION_V1
USR07180,46,40s,CONSERVATIVE,DC_NEGLECT,MOCK,KIRI_2025_20|ASSUMPTION_V1
USR07181,37,30s,STABLE_GROWTH,DC_NEGLECT,MOCK,KIRI_2025_20|ASSUMPTION_V1
USR07182,37,30s,GROWTH,DC_NEGLECT,MOCK,KIRI_2025_20|ASSUMPTION_V1
USR07183,33,30s,CONSERVATIVE,DC_NEGLECT,MOCK,KIRI_2025_20|ASSUMPTION_V1
USR07184,48,40s,STABLE_GROWTH,TAX_BENEFIT_IDLE,MOCK,KIRI_2025_20|ASSUMPTION_V1
USR07185,52,50_plus,STABLE_GROWTH,TAX_BENEFIT_IDLE,MOCK,KIRI_2025_20|ASSUMPTION_V1
USR07186,40,40s,BALANCED,OVERLAP_RISK,MOCK,KIRI_2025_20|ASSUMPTION_V1
USR07187,30,30s,CONSERVATIVE,TAX_BENEFIT_IDLE,MOCK,KIRI_2025_20|ASSUMPTION_V1
USR07188,34,30s,STABLE_GROWTH,OVERLAP_RISK,MOCK,KIRI_2025_20|ASSUMPTION_V1
USR07189,34,30s,STABLE_GROWTH,DC_NEGLECT,MOCK,KIRI_2025_20|ASSUMPTION_V1
USR07190,44,40s,BALANCED,TAX_BENEFIT_IDLE,MOCK,KIRI_2025_20|ASSUMPTION_V1
USR07191,48,40s,BALANCED,TAX_BENEFIT_IDLE,MOCK,KIRI_2025_20|ASSUMPTION_V1
USR07192,57,50_plus,STABLE_GROWTH,DC_NEGLECT,MOCK,KIRI_2025_20|ASSUMPTION_V1
USR07193,41,40s,GROWTH,OVERLAP_RISK,MOCK,KIRI_2025_20|ASSUMPTION_V1
USR07194,30,30s,AGGRESSIVE,TAX_BENEFIT_IDLE,MOCK,KIRI_2025_20|ASSUMPTION_V1
USR07195,37,30s,BALANCED,TAX_BENEFIT_IDLE,MOCK,KIRI_2025_20|ASSUMPTION_V1
USR07196,64,50_plus,BALANCED,DC_NEGLECT,MOCK,KIRI_2025_20|ASSUMPTION_V1
USR07197,48,40s,CONSERVATIVE,DC_NEGLECT,MOCK,KIRI_2025_20|ASSUMPTION_V1
USR07198,53,50_plus,CONSERVATIVE,OVERLAP_RISK,MOCK,KIRI_2025_20|ASSUMPTION_V1
USR07199,44,40s,BALANCED,TAX_BENEFIT_IDLE,MOCK,KIRI_2025_20|ASSUMPTION_V1
USR07200,32,30s,CONSERVATIVE,OVERLAP_RISK,MOCK,KIRI_2025_20|ASSUMPTION_V1
USR07201,21,20s,BALANCED,TAX_BENEFIT_IDLE,MOCK,KIRI_2025_20|ASSUMPTION_V1
USR07202,57,50_plus,BALANCED,DC_NEGLECT,MOCK,KIRI_2025_20|ASSUMPTION_V1
USR07203,39,30s,CONSERVATIVE,OVERLAP_RISK,MOCK,KIRI_2025_20|ASSUMPTION_V1
USR07204,45,40s,BALANCED,TAX_BENEFIT_IDLE,MOCK,KIRI_2025_20|ASSUMPTION_V1
USR07205,42,40s,GROWTH,DC_NEGLECT,MOCK,KIRI_2025_20|ASSUMPTION_V1
USR07206,57,50_plus,CONSERVATIVE,OVERLAP_RISK,MOCK,KIRI_2025_20|ASSUMPTION_V1
USR07207,57,50_plus,BALANCED,TAX_BENEFIT_IDLE,MOCK,KIRI_2025_20|ASSUMPTION_V1
USR07208,35,30s,STABLE_GROWTH,DC_NEGLECT,MOCK,KIRI_2025_20|ASSUMPTION_V1
USR07209,46,40s,GROWTH,OVERLAP_RISK,MOCK,KIRI_2025_20|ASSUMPTION_V1
USR07210,43,40s,BALANCED,DC_NEGLECT,MOCK,KIRI_2025_20|ASSUMPTION_V1
USR07211,31,30s,AGGRESSIVE,DC_NEGLECT,MOCK,KIRI_2025_20|ASSUMPTION_V1
USR07212,43,40s,BALANCED,TAX_BENEFIT_IDLE,MOCK,KIRI_2025_20|ASSUMPTION_V1
USR07213,40,40s,CONSERVATIVE,DC_NEGLECT,MOCK,KIRI_2025_20|ASSUMPTION_V1
USR07214,50,50_plus,STABLE_GROWTH,DC_NEGLECT,MOCK,KIRI_2025_20|ASSUMPTION_V1
USR07215,35,30s,BALANCED,OVERLAP_RISK,MOCK,KIRI_2025_20|ASSUMPTION_V1
USR07216,29,20s,AGGRESSIVE,TAX_BENEFIT_IDLE,MOCK,KIRI_2025_20|ASSUMPTION_V1
USR07217,25,20s,BALANCED,OVERLAP_RISK,MOCK,KIRI_2025_20|ASSUMPTION_V1
USR07218,61,50_plus,CONSERVATIVE,DC_NEGLECT,MOCK,KIRI_2025_20|ASSUMPTION_V1
USR07219,46,40s,STABLE_GROWTH,OVERLAP_RISK,MOCK,KIRI_2025_20|ASSUMPTION_V1
USR07220,28,20s,STABLE_GROWTH,OVERLAP_RISK,MOCK,KIRI_2025_20|ASSUMPTION_V1
USR07221,34,30s,STABLE_GROWTH,DC_NEGLECT,MOCK,KIRI_2025_20|ASSUMPTION_V1
USR07222,48,40s,BALANCED,TAX_BENEFIT_IDLE,MOCK,KIRI_2025_20|ASSUMPTION_V1
USR07223,35,30s,STABLE_GROWTH,OVERLAP_RISK,MOCK,KIRI_2025_20|ASSUMPTION_V1
USR07224,48,40s,CONSERVATIVE,DC_NEGLECT,MOCK,KIRI_2025_20|ASSUMPTION_V1
USR07225,39,30s,BALANCED,OVERLAP_RISK,MOCK,KIRI_2025_20|ASSUMPTION_V1
USR07226,34,30s,GROWTH,TAX_BENEFIT_IDLE,MOCK,KIRI_2025_20|ASSUMPTION_V1
USR07227,32,30s,AGGRESSIVE,OVERLAP_RISK,MOCK,KIRI_2025_20|ASSUMPTION_V1
USR07228,55,50_plus,CONSERVATIVE,TAX_BENEFIT_IDLE,MOCK,KIRI_2025_20|ASSUMPTION_V1
USR07229,59,50_plus,BALANCED,DC_NEGLECT,MOCK,KIRI_2025_20|ASSUMPTION_V1
USR07230,30,30s,STABLE_GROWTH,OVERLAP_RISK,MOCK,KIRI_2025_20|ASSUMPTION_V1
USR07231,36,30s,GROWTH,TAX_BENEFIT_IDLE,MOCK,KIRI_2025_20|ASSUMPTION_V1
USR07232,43,40s,STABLE_GROWTH,DC_NEGLECT,MOCK,KIRI_2025_20|ASSUMPTION_V1
USR07233,31,30s,AGGRESSIVE,TAX_BENEFIT_IDLE,MOCK,KIRI_2025_20|ASSUMPTION_V1
USR07234,56,50_plus,CONSERVATIVE,DC_NEGLECT,MOCK,KIRI_2025_20|ASSUMPTION_V1
USR07235,41,40s,STABLE_GROWTH,DC_NEGLECT,MOCK,KIRI_2025_20|ASSUMPTION_V1
USR07236,43,40s,BALANCED,OVERLAP_RISK,MOCK,KIRI_2025_20|ASSUMPTION_V1
USR07237,37,30s,BALANCED,TAX_BENEFIT_IDLE,MOCK,KIRI_2025_20|ASSUMPTION_V1
USR07238,23,20s,BALANCED,TAX_BENEFIT_IDLE,MOCK,KIRI_2025_20|ASSUMPTION_V1
USR07239,22,20s,GROWTH,OVERLAP_RISK,MOCK,KIRI_2025_20|ASSUMPTION_V1
USR07240,59,50_plus,CONSERVATIVE,TAX_BENEFIT_IDLE,MOCK,KIRI_2025_20|ASSUMPTION_V1
USR07241,32,30s,BALANCED,DC_NEGLECT,MOCK,KIRI_2025_20|ASSUMPTION_V1
USR07242,43,40s,AGGRESSIVE,OVERLAP_RISK,MOCK,KIRI_2025_20|ASSUMPTION_V1
USR07243,60,50_plus,BALANCED,DC_NEGLECT,MOCK,KIRI_2025_20|ASSUMPTION_V1
USR07244,63,50_plus,AGGRESSIVE,TAX_BENEFIT_IDLE,MOCK,KIRI_2025_20|ASSUMPTION_V1
USR07245,37,30s,AGGRESSIVE,DC_NEGLECT,MOCK,KIRI_2025_20|ASSUMPTION_V1
USR07246,31,30s,BALANCED,TAX_BENEFIT_IDLE,MOCK,KIRI_2025_20|ASSUMPTION_V1
USR07247,41,40s,BALANCED,OVERLAP_RISK,MOCK,KIRI_2025_20|ASSUMPTION_V1
USR07248,29,20s,AGGRESSIVE,OVERLAP_RISK,MOCK,KIRI_2025_20|ASSUMPTION_V1
USR07249,44,40s,CONSERVATIVE,DC_NEGLECT,MOCK,KIRI_2025_20|ASSUMPTION_V1
USR07250,53,50_plus,STABLE_GROWTH,TAX_BENEFIT_IDLE,MOCK,KIRI_2025_20|ASSUMPTION_V1
USR07251,61,50_plus,CONSERVATIVE,DC_NEGLECT,MOCK,KIRI_2025_20|ASSUMPTION_V1
USR07252,55,50_plus,BALANCED,TAX_BENEFIT_IDLE,MOCK,KIRI_2025_20|ASSUMPTION_V1
USR07253,43,40s,BALANCED,DC_NEGLECT,MOCK,KIRI_2025_20|ASSUMPTION_V1
USR07254,41,40s,CONSERVATIVE,DC_NEGLECT,MOCK,KIRI_2025_20|ASSUMPTION_V1
USR07255,63,50_plus,STABLE_GROWTH,OVERLAP_RISK,MOCK,KIRI_2025_20|ASSUMPTION_V1
USR07256,30,30s,BALANCED,OVERLAP_RISK,MOCK,KIRI_2025_20|ASSUMPTION_V1
USR07257,23,20s,BALANCED,OVERLAP_RISK,MOCK,KIRI_2025_20|ASSUMPTION_V1
USR07258,40,40s,BALANCED,OVERLAP_RISK,MOCK,KIRI_2025_20|ASSUMPTION_V1
USR07259,43,40s,BALANCED,TAX_BENEFIT_IDLE,MOCK,KIRI_2025_20|ASSUMPTION_V1
USR07260,36,30s,GROWTH,OVERLAP_RISK,MOCK,KIRI_2025_20|ASSUMPTION_V1
USR07261,56,50_plus,BALANCED,OVERLAP_RISK,MOCK,KIRI_2025_20|ASSUMPTION_V1
USR07262,22,20s,STABLE_GROWTH,DC_NEGLECT,MOCK,KIRI_2025_20|ASSUMPTION_V1
USR07263,35,30s,STABLE_GROWTH,TAX_BENEFIT_IDLE,MOCK,KIRI_2025_20|ASSUMPTION_V1
USR07264,49,40s,GROWTH,OVERLAP_RISK,MOCK,KIRI_2025_20|ASSUMPTION_V1
USR07265,32,30s,GROWTH,DC_NEGLECT,MOCK,KIRI_2025_20|ASSUMPTION_V1
USR07266,62,50_plus,STABLE_GROWTH,DC_NEGLECT,MOCK,KIRI_2025_20|ASSUMPTION_V1
USR07267,43,40s,BALANCED,DC_NEGLECT,MOCK,KIRI_2025_20|ASSUMPTION_V1
USR07268,20,20s,GROWTH,TAX_BENEFIT_IDLE,MOCK,KIRI_2025_20|ASSUMPTION_V1
USR07269,40,40s,BALANCED,DC_NEGLECT,MOCK,KIRI_2025_20|ASSUMPTION_V1
USR07270,62,50_plus,STABLE_GROWTH,OVERLAP_RISK,MOCK,KIRI_2025_20|ASSUMPTION_V1
USR07271,60,50_plus,CONSERVATIVE,TAX_BENEFIT_IDLE,MOCK,KIRI_2025_20|ASSUMPTION_V1
USR07272,30,30s,GROWTH,OVERLAP_RISK,MOCK,KIRI_2025_20|ASSUMPTION_V1
USR07273,30,30s,STABLE_GROWTH,OVERLAP_RISK,MOCK,KIRI_2025_20|ASSUMPTION_V1
USR07274,25,20s,BALANCED,TAX_BENEFIT_IDLE,MOCK,KIRI_2025_20|ASSUMPTION_V1
USR07275,26,20s,CONSERVATIVE,DC_NEGLECT,MOCK,KIRI_2025_20|ASSUMPTION_V1
USR07276,49,40s,STABLE_GROWTH,TAX_BENEFIT_IDLE,MOCK,KIRI_2025_20|ASSUMPTION_V1
USR07277,42,40s,BALANCED,OVERLAP_RISK,MOCK,KIRI_2025_20|ASSUMPTION_V1
USR07278,58,50_plus,STABLE_GROWTH,DC_NEGLECT,MOCK,KIRI_2025_20|ASSUMPTION_V1
USR07279,59,50_plus,CONSERVATIVE,TAX_BENEFIT_IDLE,MOCK,KIRI_2025_20|ASSUMPTION_V1
USR07280,43,40s,BALANCED,TAX_BENEFIT_IDLE,MOCK,KIRI_2025_20|ASSUMPTION_V1
USR07281,47,40s,BALANCED,DC_NEGLECT,MOCK,KIRI_2025_20|ASSUMPTION_V1
USR07282,38,30s,GROWTH,DC_NEGLECT,MOCK,KIRI_2025_20|ASSUMPTION_V1
USR07283,35,30s,GROWTH,DC_NEGLECT,MOCK,KIRI_2025_20|ASSUMPTION_V1
USR07284,26,20s,STABLE_GROWTH,OVERLAP_RISK,MOCK,KIRI_2025_20|ASSUMPTION_V1
USR07285,40,40s,STABLE_GROWTH,DC_NEGLECT,MOCK,KIRI_2025_20|ASSUMPTION_V1
USR07286,45,40s,STABLE_GROWTH,DC_NEGLECT,MOCK,KIRI_2025_20|ASSUMPTION_V1
USR07287,34,30s,BALANCED,DC_NEGLECT,MOCK,KIRI_2025_20|ASSUMPTION_V1
USR07288,43,40s,STABLE_GROWTH,TAX_BENEFIT_IDLE,MOCK,KIRI_2025_20|ASSUMPTION_V1
USR07289,55,50_plus,BALANCED,DC_NEGLECT,MOCK,KIRI_2025_20|ASSUMPTION_V1
USR07290,49,40s,BALANCED,DC_NEGLECT,MOCK,KIRI_2025_20|ASSUMPTION_V1
USR07291,35,30s,GROWTH,DC_NEGLECT,MOCK,KIRI_2025_20|ASSUMPTION_V1
USR07292,42,40s,CONSERVATIVE,OVERLAP_RISK,MOCK,KIRI_2025_20|ASSUMPTION_V1
USR07293,57,50_plus,BALANCED,OVERLAP_RISK,MOCK,KIRI_2025_20|ASSUMPTION_V1
USR07294,61,50_plus,STABLE_GROWTH,DC_NEGLECT,MOCK,KIRI_2025_20|ASSUMPTION_V1
USR07295,54,50_plus,CONSERVATIVE,DC_NEGLECT,MOCK,KIRI_2025_20|ASSUMPTION_V1
USR07296,55,50_plus,CONSERVATIVE,OVERLAP_RISK,MOCK,KIRI_2025_20|ASSUMPTION_V1
USR07297,49,40s,GROWTH,OVERLAP_RISK,MOCK,KIRI_2025_20|ASSUMPTION_V1
USR07298,52,50_plus,STABLE_GROWTH,TAX_BENEFIT_IDLE,MOCK,KIRI_2025_20|ASSUMPTION_V1
USR07299,36,30s,GROWTH,DC_NEGLECT,MOCK,KIRI_2025_20|ASSUMPTION_V1
USR07300,34,30s,BALANCED,DC_NEGLECT,MOCK,KIRI_2025_20|ASSUMPTION_V1
USR07301,62,50_plus,CONSERVATIVE,TAX_BENEFIT_IDLE,MOCK,KIRI_2025_20|ASSUMPTION_V1
USR07302,54,50_plus,GROWTH,OVERLAP_RISK,MOCK,KIRI_2025_20|ASSUMPTION_V1
USR07303,31,30s,BALANCED,DC_NEGLECT,MOCK,KIRI_2025_20|ASSUMPTION_V1
USR07304,32,30s,GROWTH,OVERLAP_RISK,MOCK,KIRI_2025_20|ASSUMPTION_V1
USR07305,28,20s,STABLE_GROWTH,DC_NEGLECT,MOCK,KIRI_2025_20|ASSUMPTION_V1
USR07306,27,20s,CONSERVATIVE,DC_NEGLECT,MOCK,KIRI_2025_20|ASSUMPTION_V1
USR07307,35,30s,BALANCED,OVERLAP_RISK,MOCK,KIRI_2025_20|ASSUMPTION_V1
USR07308,57,50_plus,STABLE_GROWTH,OVERLAP_RISK,MOCK,KIRI_2025_20|ASSUMPTION_V1
USR07309,43,40s,STABLE_GROWTH,OVERLAP_RISK,MOCK,KIRI_2025_20|ASSUMPTION_V1
USR07310,49,40s,BALANCED,OVERLAP_RISK,MOCK,KIRI_2025_20|ASSUMPTION_V1
USR07311,37,30s,STABLE_GROWTH,TAX_BENEFIT_IDLE,MOCK,KIRI_2025_20|ASSUMPTION_V1
USR07312,41,40s,GROWTH,TAX_BENEFIT_IDLE,MOCK,KIRI_2025_20|ASSUMPTION_V1
USR07313,63,50_plus,BALANCED,OVERLAP_RISK,MOCK,KIRI_2025_20|ASSUMPTION_V1
USR07314,47,40s,STABLE_GROWTH,DC_NEGLECT,MOCK,KIRI_2025_20|ASSUMPTION_V1
USR07315,25,20s,AGGRESSIVE,DC_NEGLECT,MOCK,KIRI_2025_20|ASSUMPTION_V1
USR07316,51,50_plus,STABLE_GROWTH,OVERLAP_RISK,MOCK,KIRI_2025_20|ASSUMPTION_V1
USR07317,55,50_plus,STABLE_GROWTH,DC_NEGLECT,MOCK,KIRI_2025_20|ASSUMPTION_V1
USR07318,39,30s,BALANCED,DC_NEGLECT,MOCK,KIRI_2025_20|ASSUMPTION_V1
USR07319,37,30s,STABLE_GROWTH,DC_NEGLECT,MOCK,KIRI_2025_20|ASSUMPTION_V1
USR07320,35,30s,STABLE_GROWTH,TAX_BENEFIT_IDLE,MOCK,KIRI_2025_20|ASSUMPTION_V1
USR07321,62,50_plus,CONSERVATIVE,TAX_BENEFIT_IDLE,MOCK,KIRI_2025_20|ASSUMPTION_V1
USR07322,46,40s,AGGRESSIVE,TAX_BENEFIT_IDLE,MOCK,KIRI_2025_20|ASSUMPTION_V1
USR07323,50,50_plus,STABLE_GROWTH,DC_NEGLECT,MOCK,KIRI_2025_20|ASSUMPTION_V1
USR07324,42,40s,BALANCED,DC_NEGLECT,MOCK,KIRI_2025_20|ASSUMPTION_V1
USR07325,44,40s,BALANCED,TAX_BENEFIT_IDLE,MOCK,KIRI_2025_20|ASSUMPTION_V1
USR07326,36,30s,GROWTH,DC_NEGLECT,MOCK,KIRI_2025_20|ASSUMPTION_V1
USR07327,49,40s,BALANCED,OVERLAP_RISK,MOCK,KIRI_2025_20|ASSUMPTION_V1
USR07328,44,40s,BALANCED,OVERLAP_RISK,MOCK,KIRI_2025_20|ASSUMPTION_V1
USR07329,29,20s,CONSERVATIVE,OVERLAP_RISK,MOCK,KIRI_2025_20|ASSUMPTION_V1
USR07330,53,50_plus,BALANCED,DC_NEGLECT,MOCK,KIRI_2025_20|ASSUMPTION_V1
USR07331,63,50_plus,STABLE_GROWTH,OVERLAP_RISK,MOCK,KIRI_2025_20|ASSUMPTION_V1
USR07332,47,40s,BALANCED,DC_NEGLECT,MOCK,KIRI_2025_20|ASSUMPTION_V1
USR07333,31,30s,GROWTH,TAX_BENEFIT_IDLE,MOCK,KIRI_2025_20|ASSUMPTION_V1
USR07334,55,50_plus,GROWTH,DC_NEGLECT,MOCK,KIRI_2025_20|ASSUMPTION_V1
USR07335,47,40s,STABLE_GROWTH,OVERLAP_RISK,MOCK,KIRI_2025_20|ASSUMPTION_V1
USR07336,49,40s,GROWTH,DC_NEGLECT,MOCK,KIRI_2025_20|ASSUMPTION_V1
USR07337,30,30s,CONSERVATIVE,OVERLAP_RISK,MOCK,KIRI_2025_20|ASSUMPTION_V1
USR07338,47,40s,STABLE_GROWTH,OVERLAP_RISK,MOCK,KIRI_2025_20|ASSUMPTION_V1
USR07339,47,40s,CONSERVATIVE,DC_NEGLECT,MOCK,KIRI_2025_20|ASSUMPTION_V1
USR07340,21,20s,STABLE_GROWTH,DC_NEGLECT,MOCK,KIRI_2025_20|ASSUMPTION_V1
USR07341,33,30s,CONSERVATIVE,TAX_BENEFIT_IDLE,MOCK,KIRI_2025_20|ASSUMPTION_V1
USR07342,37,30s,BALANCED,TAX_BENEFIT_IDLE,MOCK,KIRI_2025_20|ASSUMPTION_V1
USR07343,53,50_plus,BALANCED,OVERLAP_RISK,MOCK,KIRI_2025_20|ASSUMPTION_V1
USR07344,59,50_plus,STABLE_GROWTH,DC_NEGLECT,MOCK,KIRI_2025_20|ASSUMPTION_V1
USR07345,32,30s,BALANCED,DC_NEGLECT,MOCK,KIRI_2025_20|ASSUMPTION_V1
USR07346,40,40s,CONSERVATIVE,OVERLAP_RISK,MOCK,KIRI_2025_20|ASSUMPTION_V1
USR07347,30,30s,GROWTH,OVERLAP_RISK,MOCK,KIRI_2025_20|ASSUMPTION_V1
USR07348,58,50_plus,BALANCED,DC_NEGLECT,MOCK,KIRI_2025_20|ASSUMPTION_V1
USR07349,36,30s,BALANCED,DC_NEGLECT,MOCK,KIRI_2025_20|ASSUMPTION_V1
USR07350,32,30s,GROWTH,DC_NEGLECT,MOCK,KIRI_2025_20|ASSUMPTION_V1
USR07351,43,40s,BALANCED,DC_NEGLECT,MOCK,KIRI_2025_20|ASSUMPTION_V1
USR07352,54,50_plus,STABLE_GROWTH,DC_NEGLECT,MOCK,KIRI_2025_20|ASSUMPTION_V1
USR07353,40,40s,STABLE_GROWTH,TAX_BENEFIT_IDLE,MOCK,KIRI_2025_20|ASSUMPTION_V1
USR07354,32,30s,BALANCED,OVERLAP_RISK,MOCK,KIRI_2025_20|ASSUMPTION_V1
USR07355,52,50_plus,CONSERVATIVE,TAX_BENEFIT_IDLE,MOCK,KIRI_2025_20|ASSUMPTION_V1
USR07356,60,50_plus,CONSERVATIVE,DC_NEGLECT,MOCK,KIRI_2025_20|ASSUMPTION_V1
USR07357,31,30s,CONSERVATIVE,TAX_BENEFIT_IDLE,MOCK,KIRI_2025_20|ASSUMPTION_V1
USR07358,42,40s,AGGRESSIVE,DC_NEGLECT,MOCK,KIRI_2025_20|ASSUMPTION_V1
USR07359,35,30s,GROWTH,TAX_BENEFIT_IDLE,MOCK,KIRI_2025_20|ASSUMPTION_V1
USR07360,41,40s,BALANCED,TAX_BENEFIT_IDLE,MOCK,KIRI_2025_20|ASSUMPTION_V1
USR07361,31,30s,GROWTH,TAX_BENEFIT_IDLE,MOCK,KIRI_2025_20|ASSUMPTION_V1
USR07362,32,30s,BALANCED,DC_NEGLECT,MOCK,KIRI_2025_20|ASSUMPTION_V1
USR07363,38,30s,GROWTH,DC_NEGLECT,MOCK,KIRI_2025_20|ASSUMPTION_V1
USR07364,63,50_plus,BALANCED,TAX_BENEFIT_IDLE,MOCK,KIRI_2025_20|ASSUMPTION_V1
USR07365,20,20s,GROWTH,DC_NEGLECT,MOCK,KIRI_2025_20|ASSUMPTION_V1
USR07366,54,50_plus,AGGRESSIVE,DC_NEGLECT,MOCK,KIRI_2025_20|ASSUMPTION_V1
USR07367,50,50_plus,BALANCED,OVERLAP_RISK,MOCK,KIRI_2025_20|ASSUMPTION_V1
USR07368,49,40s,BALANCED,OVERLAP_RISK,MOCK,KIRI_2025_20|ASSUMPTION_V1
USR07369,31,30s,BALANCED,DC_NEGLECT,MOCK,KIRI_2025_20|ASSUMPTION_V1
USR07370,38,30s,STABLE_GROWTH,DC_NEGLECT,MOCK,KIRI_2025_20|ASSUMPTION_V1
USR07371,59,50_plus,STABLE_GROWTH,OVERLAP_RISK,MOCK,KIRI_2025_20|ASSUMPTION_V1
USR07372,22,20s,GROWTH,OVERLAP_RISK,MOCK,KIRI_2025_20|ASSUMPTION_V1
USR07373,51,50_plus,BALANCED,DC_NEGLECT,MOCK,KIRI_2025_20|ASSUMPTION_V1
USR07374,42,40s,GROWTH,DC_NEGLECT,MOCK,KIRI_2025_20|ASSUMPTION_V1
USR07375,39,30s,GROWTH,DC_NEGLECT,MOCK,KIRI_2025_20|ASSUMPTION_V1
USR07376,39,30s,GROWTH,OVERLAP_RISK,MOCK,KIRI_2025_20|ASSUMPTION_V1
USR07377,44,40s,STABLE_GROWTH,OVERLAP_RISK,MOCK,KIRI_2025_20|ASSUMPTION_V1
USR07378,38,30s,BALANCED,TAX_BENEFIT_IDLE,MOCK,KIRI_2025_20|ASSUMPTION_V1
USR07379,33,30s,AGGRESSIVE,DC_NEGLECT,MOCK,KIRI_2025_20|ASSUMPTION_V1
USR07380,32,30s,GROWTH,OVERLAP_RISK,MOCK,KIRI_2025_20|ASSUMPTION_V1
USR07381,32,30s,BALANCED,TAX_BENEFIT_IDLE,MOCK,KIRI_2025_20|ASSUMPTION_V1
USR07382,56,50_plus,CONSERVATIVE,TAX_BENEFIT_IDLE,MOCK,KIRI_2025_20|ASSUMPTION_V1
USR07383,43,40s,CONSERVATIVE,DC_NEGLECT,MOCK,KIRI_2025_20|ASSUMPTION_V1
USR07384,51,50_plus,BALANCED,TAX_BENEFIT_IDLE,MOCK,KIRI_2025_20|ASSUMPTION_V1
USR07385,42,40s,GROWTH,TAX_BENEFIT_IDLE,MOCK,KIRI_2025_20|ASSUMPTION_V1
USR07386,39,30s,BALANCED,TAX_BENEFIT_IDLE,MOCK,KIRI_2025_20|ASSUMPTION_V1
USR07387,37,30s,BALANCED,TAX_BENEFIT_IDLE,MOCK,KIRI_2025_20|ASSUMPTION_V1
USR07388,41,40s,STABLE_GROWTH,OVERLAP_RISK,MOCK,KIRI_2025_20|ASSUMPTION_V1
USR07389,47,40s,GROWTH,TAX_BENEFIT_IDLE,MOCK,KIRI_2025_20|ASSUMPTION_V1
USR07390,60,50_plus,GROWTH,TAX_BENEFIT_IDLE,MOCK,KIRI_2025_20|ASSUMPTION_V1
USR07391,35,30s,GROWTH,DC_NEGLECT,MOCK,KIRI_2025_20|ASSUMPTION_V1
USR07392,38,30s,STABLE_GROWTH,TAX_BENEFIT_IDLE,MOCK,KIRI_2025_20|ASSUMPTION_V1
USR07393,30,30s,AGGRESSIVE,OVERLAP_RISK,MOCK,KIRI_2025_20|ASSUMPTION_V1
USR07394,43,40s,AGGRESSIVE,DC_NEGLECT,MOCK,KIRI_2025_20|ASSUMPTION_V1
USR07395,28,20s,CONSERVATIVE,DC_NEGLECT,MOCK,KIRI_2025_20|ASSUMPTION_V1
USR07396,32,30s,STABLE_GROWTH,TAX_BENEFIT_IDLE,MOCK,KIRI_2025_20|ASSUMPTION_V1
USR07397,39,30s,CONSERVATIVE,DC_NEGLECT,MOCK,KIRI_2025_20|ASSUMPTION_V1
USR07398,20,20s,BALANCED,OVERLAP_RISK,MOCK,KIRI_2025_20|ASSUMPTION_V1
USR07399,36,30s,BALANCED,OVERLAP_RISK,MOCK,KIRI_2025_20|ASSUMPTION_V1
USR07400,34,30s,CONSERVATIVE,TAX_BENEFIT_IDLE,MOCK,KIRI_2025_20|ASSUMPTION_V1
USR07401,40,40s,BALANCED,OVERLAP_RISK,MOCK,KIRI_2025_20|ASSUMPTION_V1
USR07402,48,40s,GROWTH,TAX_BENEFIT_IDLE,MOCK,KIRI_2025_20|ASSUMPTION_V1
USR07403,52,50_plus,STABLE_GROWTH,DC_NEGLECT,MOCK,KIRI_2025_20|ASSUMPTION_V1
USR07404,64,50_plus,STABLE_GROWTH,OVERLAP_RISK,MOCK,KIRI_2025_20|ASSUMPTION_V1
USR07405,20,20s,AGGRESSIVE,DC_NEGLECT,MOCK,KIRI_2025_20|ASSUMPTION_V1
USR07406,41,40s,STABLE_GROWTH,DC_NEGLECT,MOCK,KIRI_2025_20|ASSUMPTION_V1
USR07407,63,50_plus,CONSERVATIVE,DC_NEGLECT,MOCK,KIRI_2025_20|ASSUMPTION_V1
USR07408,34,30s,GROWTH,TAX_BENEFIT_IDLE,MOCK,KIRI_2025_20|ASSUMPTION_V1
USR07409,46,40s,BALANCED,DC_NEGLECT,MOCK,KIRI_2025_20|ASSUMPTION_V1
USR07410,33,30s,AGGRESSIVE,TAX_BENEFIT_IDLE,MOCK,KIRI_2025_20|ASSUMPTION_V1
USR07411,40,40s,STABLE_GROWTH,DC_NEGLECT,MOCK,KIRI_2025_20|ASSUMPTION_V1
USR07412,47,40s,BALANCED,TAX_BENEFIT_IDLE,MOCK,KIRI_2025_20|ASSUMPTION_V1
USR07413,55,50_plus,BALANCED,DC_NEGLECT,MOCK,KIRI_2025_20|ASSUMPTION_V1
USR07414,37,30s,AGGRESSIVE,OVERLAP_RISK,MOCK,KIRI_2025_20|ASSUMPTION_V1
USR07415,45,40s,STABLE_GROWTH,TAX_BENEFIT_IDLE,MOCK,KIRI_2025_20|ASSUMPTION_V1
USR07416,39,30s,CONSERVATIVE,TAX_BENEFIT_IDLE,MOCK,KIRI_2025_20|ASSUMPTION_V1
USR07417,50,50_plus,BALANCED,DC_NEGLECT,MOCK,KIRI_2025_20|ASSUMPTION_V1
USR07418,49,40s,STABLE_GROWTH,OVERLAP_RISK,MOCK,KIRI_2025_20|ASSUMPTION_V1
USR07419,49,40s,STABLE_GROWTH,DC_NEGLECT,MOCK,KIRI_2025_20|ASSUMPTION_V1
USR07420,58,50_plus,BALANCED,TAX_BENEFIT_IDLE,MOCK,KIRI_2025_20|ASSUMPTION_V1
USR07421,40,40s,STABLE_GROWTH,OVERLAP_RISK,MOCK,KIRI_2025_20|ASSUMPTION_V1
USR07422,44,40s,STABLE_GROWTH,OVERLAP_RISK,MOCK,KIRI_2025_20|ASSUMPTION_V1
USR07423,30,30s,STABLE_GROWTH,DC_NEGLECT,MOCK,KIRI_2025_20|ASSUMPTION_V1
USR07424,38,30s,BALANCED,OVERLAP_RISK,MOCK,KIRI_2025_20|ASSUMPTION_V1
USR07425,32,30s,BALANCED,DC_NEGLECT,MOCK,KIRI_2025_20|ASSUMPTION_V1
USR07426,42,40s,STABLE_GROWTH,OVERLAP_RISK,MOCK,KIRI_2025_20|ASSUMPTION_V1
USR07427,26,20s,BALANCED,OVERLAP_RISK,MOCK,KIRI_2025_20|ASSUMPTION_V1
USR07428,57,50_plus,STABLE_GROWTH,TAX_BENEFIT_IDLE,MOCK,KIRI_2025_20|ASSUMPTION_V1
USR07429,41,40s,BALANCED,TAX_BENEFIT_IDLE,MOCK,KIRI_2025_20|ASSUMPTION_V1
USR07430,63,50_plus,CONSERVATIVE,OVERLAP_RISK,MOCK,KIRI_2025_20|ASSUMPTION_V1
USR07431,62,50_plus,STABLE_GROWTH,DC_NEGLECT,MOCK,KIRI_2025_20|ASSUMPTION_V1
USR07432,60,50_plus,CONSERVATIVE,OVERLAP_RISK,MOCK,KIRI_2025_20|ASSUMPTION_V1
USR07433,51,50_plus,STABLE_GROWTH,DC_NEGLECT,MOCK,KIRI_2025_20|ASSUMPTION_V1
USR07434,54,50_plus,STABLE_GROWTH,DC_NEGLECT,MOCK,KIRI_2025_20|ASSUMPTION_V1
USR07435,49,40s,BALANCED,DC_NEGLECT,MOCK,KIRI_2025_20|ASSUMPTION_V1
USR07436,30,30s,STABLE_GROWTH,TAX_BENEFIT_IDLE,MOCK,KIRI_2025_20|ASSUMPTION_V1
USR07437,26,20s,BALANCED,TAX_BENEFIT_IDLE,MOCK,KIRI_2025_20|ASSUMPTION_V1
USR07438,31,30s,AGGRESSIVE,TAX_BENEFIT_IDLE,MOCK,KIRI_2025_20|ASSUMPTION_V1
USR07439,58,50_plus,STABLE_GROWTH,TAX_BENEFIT_IDLE,MOCK,KIRI_2025_20|ASSUMPTION_V1
USR07440,58,50_plus,BALANCED,TAX_BENEFIT_IDLE,MOCK,KIRI_2025_20|ASSUMPTION_V1
USR07441,47,40s,STABLE_GROWTH,OVERLAP_RISK,MOCK,KIRI_2025_20|ASSUMPTION_V1
USR07442,64,50_plus,CONSERVATIVE,DC_NEGLECT,MOCK,KIRI_2025_20|ASSUMPTION_V1
USR07443,42,40s,AGGRESSIVE,OVERLAP_RISK,MOCK,KIRI_2025_20|ASSUMPTION_V1
USR07444,46,40s,CONSERVATIVE,DC_NEGLECT,MOCK,KIRI_2025_20|ASSUMPTION_V1
USR07445,37,30s,BALANCED,DC_NEGLECT,MOCK,KIRI_2025_20|ASSUMPTION_V1
USR07446,61,50_plus,STABLE_GROWTH,OVERLAP_RISK,MOCK,KIRI_2025_20|ASSUMPTION_V1
USR07447,34,30s,GROWTH,TAX_BENEFIT_IDLE,MOCK,KIRI_2025_20|ASSUMPTION_V1
USR07448,36,30s,GROWTH,TAX_BENEFIT_IDLE,MOCK,KIRI_2025_20|ASSUMPTION_V1
USR07449,64,50_plus,STABLE_GROWTH,DC_NEGLECT,MOCK,KIRI_2025_20|ASSUMPTION_V1
USR07450,57,50_plus,GROWTH,DC_NEGLECT,MOCK,KIRI_2025_20|ASSUMPTION_V1
USR07451,52,50_plus,STABLE_GROWTH,OVERLAP_RISK,MOCK,KIRI_2025_20|ASSUMPTION_V1
USR07452,32,30s,GROWTH,OVERLAP_RISK,MOCK,KIRI_2025_20|ASSUMPTION_V1
USR07453,32,30s,AGGRESSIVE,OVERLAP_RISK,MOCK,KIRI_2025_20|ASSUMPTION_V1
USR07454,49,40s,BALANCED,TAX_BENEFIT_IDLE,MOCK,KIRI_2025_20|ASSUMPTION_V1
USR07455,40,40s,STABLE_GROWTH,TAX_BENEFIT_IDLE,MOCK,KIRI_2025_20|ASSUMPTION_V1
USR07456,40,40s,GROWTH,TAX_BENEFIT_IDLE,MOCK,KIRI_2025_20|ASSUMPTION_V1
USR07457,49,40s,BALANCED,TAX_BENEFIT_IDLE,MOCK,KIRI_2025_20|ASSUMPTION_V1
USR07458,57,50_plus,CONSERVATIVE,TAX_BENEFIT_IDLE,MOCK,KIRI_2025_20|ASSUMPTION_V1
USR07459,32,30s,STABLE_GROWTH,DC_NEGLECT,MOCK,KIRI_2025_20|ASSUMPTION_V1
USR07460,56,50_plus,CONSERVATIVE,TAX_BENEFIT_IDLE,MOCK,KIRI_2025_20|ASSUMPTION_V1
USR07461,35,30s,GROWTH,OVERLAP_RISK,MOCK,KIRI_2025_20|ASSUMPTION_V1
USR07462,45,40s,GROWTH,TAX_BENEFIT_IDLE,MOCK,KIRI_2025_20|ASSUMPTION_V1
USR07463,47,40s,STABLE_GROWTH,OVERLAP_RISK,MOCK,KIRI_2025_20|ASSUMPTION_V1
USR07464,42,40s,STABLE_GROWTH,DC_NEGLECT,MOCK,KIRI_2025_20|ASSUMPTION_V1
USR07465,47,40s,STABLE_GROWTH,DC_NEGLECT,MOCK,KIRI_2025_20|ASSUMPTION_V1
USR07466,42,40s,STABLE_GROWTH,TAX_BENEFIT_IDLE,MOCK,KIRI_2025_20|ASSUMPTION_V1
USR07467,50,50_plus,AGGRESSIVE,OVERLAP_RISK,MOCK,KIRI_2025_20|ASSUMPTION_V1
USR07468,41,40s,CONSERVATIVE,TAX_BENEFIT_IDLE,MOCK,KIRI_2025_20|ASSUMPTION_V1
USR07469,37,30s,GROWTH,TAX_BENEFIT_IDLE,MOCK,KIRI_2025_20|ASSUMPTION_V1
USR07470,48,40s,STABLE_GROWTH,DC_NEGLECT,MOCK,KIRI_2025_20|ASSUMPTION_V1
USR07471,43,40s,STABLE_GROWTH,DC_NEGLECT,MOCK,KIRI_2025_20|ASSUMPTION_V1
USR07472,30,30s,STABLE_GROWTH,DC_NEGLECT,MOCK,KIRI_2025_20|ASSUMPTION_V1
USR07473,62,50_plus,STABLE_GROWTH,DC_NEGLECT,MOCK,KIRI_2025_20|ASSUMPTION_V1
USR07474,41,40s,BALANCED,OVERLAP_RISK,MOCK,KIRI_2025_20|ASSUMPTION_V1
USR07475,45,40s,STABLE_GROWTH,DC_NEGLECT,MOCK,KIRI_2025_20|ASSUMPTION_V1
USR07476,63,50_plus,STABLE_GROWTH,OVERLAP_RISK,MOCK,KIRI_2025_20|ASSUMPTION_V1
USR07477,31,30s,STABLE_GROWTH,OVERLAP_RISK,MOCK,KIRI_2025_20|ASSUMPTION_V1
USR07478,43,40s,STABLE_GROWTH,TAX_BENEFIT_IDLE,MOCK,KIRI_2025_20|ASSUMPTION_V1
USR07479,52,50_plus,STABLE_GROWTH,TAX_BENEFIT_IDLE,MOCK,KIRI_2025_20|ASSUMPTION_V1
USR07480,60,50_plus,BALANCED,TAX_BENEFIT_IDLE,MOCK,KIRI_2025_20|ASSUMPTION_V1
USR07481,46,40s,BALANCED,OVERLAP_RISK,MOCK,KIRI_2025_20|ASSUMPTION_V1
USR07482,52,50_plus,BALANCED,OVERLAP_RISK,MOCK,KIRI_2025_20|ASSUMPTION_V1
USR07483,43,40s,CONSERVATIVE,OVERLAP_RISK,MOCK,KIRI_2025_20|ASSUMPTION_V1
USR07484,44,40s,BALANCED,DC_NEGLECT,MOCK,KIRI_2025_20|ASSUMPTION_V1
USR07485,42,40s,BALANCED,TAX_BENEFIT_IDLE,MOCK,KIRI_2025_20|ASSUMPTION_V1
USR07486,47,40s,BALANCED,OVERLAP_RISK,MOCK,KIRI_2025_20|ASSUMPTION_V1
USR07487,44,40s,STABLE_GROWTH,OVERLAP_RISK,MOCK,KIRI_2025_20|ASSUMPTION_V1
USR07488,36,30s,GROWTH,OVERLAP_RISK,MOCK,KIRI_2025_20|ASSUMPTION_V1
USR07489,23,20s,GROWTH,DC_NEGLECT,MOCK,KIRI_2025_20|ASSUMPTION_V1
USR07490,54,50_plus,STABLE_GROWTH,OVERLAP_RISK,MOCK,KIRI_2025_20|ASSUMPTION_V1
USR07491,37,30s,GROWTH,TAX_BENEFIT_IDLE,MOCK,KIRI_2025_20|ASSUMPTION_V1
USR07492,37,30s,STABLE_GROWTH,DC_NEGLECT,MOCK,KIRI_2025_20|ASSUMPTION_V1
USR07493,33,30s,CONSERVATIVE,DC_NEGLECT,MOCK,KIRI_2025_20|ASSUMPTION_V1
USR07494,44,40s,BALANCED,TAX_BENEFIT_IDLE,MOCK,KIRI_2025_20|ASSUMPTION_V1
USR07495,44,40s,STABLE_GROWTH,OVERLAP_RISK,MOCK,KIRI_2025_20|ASSUMPTION_V1
USR07496,45,40s,STABLE_GROWTH,DC_NEGLECT,MOCK,KIRI_2025_20|ASSUMPTION_V1
USR07497,32,30s,BALANCED,TAX_BENEFIT_IDLE,MOCK,KIRI_2025_20|ASSUMPTION_V1
USR07498,55,50_plus,BALANCED,TAX_BENEFIT_IDLE,MOCK,KIRI_2025_20|ASSUMPTION_V1
USR07499,40,40s,CONSERVATIVE,DC_NEGLECT,MOCK,KIRI_2025_20|ASSUMPTION_V1
USR07500,23,20s,CONSERVATIVE,OVERLAP_RISK,MOCK,KIRI_2025_20|ASSUMPTION_V1
USR07501,36,30s,GROWTH,DC_NEGLECT,MOCK,KIRI_2025_20|ASSUMPTION_V1
USR07502,54,50_plus,STABLE_GROWTH,TAX_BENEFIT_IDLE,MOCK,KIRI_2025_20|ASSUMPTION_V1
USR07503,38,30s,STABLE_GROWTH,OVERLAP_RISK,MOCK,KIRI_2025_20|ASSUMPTION_V1
USR07504,49,40s,BALANCED,TAX_BENEFIT_IDLE,MOCK,KIRI_2025_20|ASSUMPTION_V1
USR07505,47,40s,BALANCED,DC_NEGLECT,MOCK,KIRI_2025_20|ASSUMPTION_V1
USR07506,47,40s,BALANCED,DC_NEGLECT,MOCK,KIRI_2025_20|ASSUMPTION_V1
USR07507,59,50_plus,BALANCED,TAX_BENEFIT_IDLE,MOCK,KIRI_2025_20|ASSUMPTION_V1
USR07508,41,40s,STABLE_GROWTH,OVERLAP_RISK,MOCK,KIRI_2025_20|ASSUMPTION_V1
USR07509,52,50_plus,CONSERVATIVE,OVERLAP_RISK,MOCK,KIRI_2025_20|ASSUMPTION_V1
USR07510,33,30s,BALANCED,TAX_BENEFIT_IDLE,MOCK,KIRI_2025_20|ASSUMPTION_V1
USR07511,32,30s,BALANCED,OVERLAP_RISK,MOCK,KIRI_2025_20|ASSUMPTION_V1
USR07512,21,20s,AGGRESSIVE,DC_NEGLECT,MOCK,KIRI_2025_20|ASSUMPTION_V1
USR07513,33,30s,BALANCED,OVERLAP_RISK,MOCK,KIRI_2025_20|ASSUMPTION_V1
USR07514,35,30s,CONSERVATIVE,TAX_BENEFIT_IDLE,MOCK,KIRI_2025_20|ASSUMPTION_V1
USR07515,34,30s,BALANCED,TAX_BENEFIT_IDLE,MOCK,KIRI_2025_20|ASSUMPTION_V1
USR07516,57,50_plus,BALANCED,OVERLAP_RISK,MOCK,KIRI_2025_20|ASSUMPTION_V1
USR07517,53,50_plus,CONSERVATIVE,TAX_BENEFIT_IDLE,MOCK,KIRI_2025_20|ASSUMPTION_V1
USR07518,55,50_plus,GROWTH,TAX_BENEFIT_IDLE,MOCK,KIRI_2025_20|ASSUMPTION_V1
USR07519,59,50_plus,BALANCED,OVERLAP_RISK,MOCK,KIRI_2025_20|ASSUMPTION_V1
USR07520,64,50_plus,BALANCED,TAX_BENEFIT_IDLE,MOCK,KIRI_2025_20|ASSUMPTION_V1
USR07521,53,50_plus,STABLE_GROWTH,TAX_BENEFIT_IDLE,MOCK,KIRI_2025_20|ASSUMPTION_V1
USR07522,52,50_plus,STABLE_GROWTH,OVERLAP_RISK,MOCK,KIRI_2025_20|ASSUMPTION_V1
USR07523,63,50_plus,STABLE_GROWTH,DC_NEGLECT,MOCK,KIRI_2025_20|ASSUMPTION_V1
USR07524,49,40s,STABLE_GROWTH,OVERLAP_RISK,MOCK,KIRI_2025_20|ASSUMPTION_V1
USR07525,59,50_plus,STABLE_GROWTH,OVERLAP_RISK,MOCK,KIRI_2025_20|ASSUMPTION_V1
USR07526,37,30s,AGGRESSIVE,TAX_BENEFIT_IDLE,MOCK,KIRI_2025_20|ASSUMPTION_V1
USR07527,33,30s,AGGRESSIVE,OVERLAP_RISK,MOCK,KIRI_2025_20|ASSUMPTION_V1
USR07528,63,50_plus,CONSERVATIVE,OVERLAP_RISK,MOCK,KIRI_2025_20|ASSUMPTION_V1
USR07529,31,30s,GROWTH,OVERLAP_RISK,MOCK,KIRI_2025_20|ASSUMPTION_V1
USR07530,20,20s,AGGRESSIVE,OVERLAP_RISK,MOCK,KIRI_2025_20|ASSUMPTION_V1
USR07531,57,50_plus,GROWTH,TAX_BENEFIT_IDLE,MOCK,KIRI_2025_20|ASSUMPTION_V1
USR07532,38,30s,STABLE_GROWTH,OVERLAP_RISK,MOCK,KIRI_2025_20|ASSUMPTION_V1
USR07533,27,20s,BALANCED,DC_NEGLECT,MOCK,KIRI_2025_20|ASSUMPTION_V1
USR07534,36,30s,AGGRESSIVE,TAX_BENEFIT_IDLE,MOCK,KIRI_2025_20|ASSUMPTION_V1
USR07535,21,20s,AGGRESSIVE,DC_NEGLECT,MOCK,KIRI_2025_20|ASSUMPTION_V1
USR07536,49,40s,BALANCED,TAX_BENEFIT_IDLE,MOCK,KIRI_2025_20|ASSUMPTION_V1
USR07537,39,30s,STABLE_GROWTH,TAX_BENEFIT_IDLE,MOCK,KIRI_2025_20|ASSUMPTION_V1
USR07538,45,40s,CONSERVATIVE,OVERLAP_RISK,MOCK,KIRI_2025_20|ASSUMPTION_V1
USR07539,49,40s,BALANCED,TAX_BENEFIT_IDLE,MOCK,KIRI_2025_20|ASSUMPTION_V1
USR07540,45,40s,STABLE_GROWTH,OVERLAP_RISK,MOCK,KIRI_2025_20|ASSUMPTION_V1
USR07541,43,40s,GROWTH,TAX_BENEFIT_IDLE,MOCK,KIRI_2025_20|ASSUMPTION_V1
USR07542,37,30s,GROWTH,TAX_BENEFIT_IDLE,MOCK,KIRI_2025_20|ASSUMPTION_V1
USR07543,40,40s,CONSERVATIVE,OVERLAP_RISK,MOCK,KIRI_2025_20|ASSUMPTION_V1
USR07544,54,50_plus,CONSERVATIVE,OVERLAP_RISK,MOCK,KIRI_2025_20|ASSUMPTION_V1
USR07545,38,30s,BALANCED,TAX_BENEFIT_IDLE,MOCK,KIRI_2025_20|ASSUMPTION_V1
USR07546,35,30s,BALANCED,OVERLAP_RISK,MOCK,KIRI_2025_20|ASSUMPTION_V1
USR07547,33,30s,BALANCED,DC_NEGLECT,MOCK,KIRI_2025_20|ASSUMPTION_V1
USR07548,62,50_plus,BALANCED,TAX_BENEFIT_IDLE,MOCK,KIRI_2025_20|ASSUMPTION_V1
USR07549,49,40s,AGGRESSIVE,OVERLAP_RISK,MOCK,KIRI_2025_20|ASSUMPTION_V1
USR07550,33,30s,BALANCED,OVERLAP_RISK,MOCK,KIRI_2025_20|ASSUMPTION_V1
USR07551,37,30s,STABLE_GROWTH,TAX_BENEFIT_IDLE,MOCK,KIRI_2025_20|ASSUMPTION_V1
USR07552,54,50_plus,STABLE_GROWTH,TAX_BENEFIT_IDLE,MOCK,KIRI_2025_20|ASSUMPTION_V1
USR07553,53,50_plus,GROWTH,DC_NEGLECT,MOCK,KIRI_2025_20|ASSUMPTION_V1
USR07554,51,50_plus,CONSERVATIVE,TAX_BENEFIT_IDLE,MOCK,KIRI_2025_20|ASSUMPTION_V1
USR07555,42,40s,BALANCED,OVERLAP_RISK,MOCK,KIRI_2025_20|ASSUMPTION_V1
USR07556,33,30s,GROWTH,OVERLAP_RISK,MOCK,KIRI_2025_20|ASSUMPTION_V1
USR07557,60,50_plus,CONSERVATIVE,OVERLAP_RISK,MOCK,KIRI_2025_20|ASSUMPTION_V1
USR07558,61,50_plus,STABLE_GROWTH,DC_NEGLECT,MOCK,KIRI_2025_20|ASSUMPTION_V1
USR07559,46,40s,BALANCED,TAX_BENEFIT_IDLE,MOCK,KIRI_2025_20|ASSUMPTION_V1
USR07560,39,30s,GROWTH,DC_NEGLECT,MOCK,KIRI_2025_20|ASSUMPTION_V1
USR07561,63,50_plus,BALANCED,DC_NEGLECT,MOCK,KIRI_2025_20|ASSUMPTION_V1
USR07562,35,30s,STABLE_GROWTH,TAX_BENEFIT_IDLE,MOCK,KIRI_2025_20|ASSUMPTION_V1
USR07563,37,30s,BALANCED,TAX_BENEFIT_IDLE,MOCK,KIRI_2025_20|ASSUMPTION_V1
USR07564,28,20s,AGGRESSIVE,TAX_BENEFIT_IDLE,MOCK,KIRI_2025_20|ASSUMPTION_V1
USR07565,20,20s,BALANCED,TAX_BENEFIT_IDLE,MOCK,KIRI_2025_20|ASSUMPTION_V1
USR07566,51,50_plus,STABLE_GROWTH,OVERLAP_RISK,MOCK,KIRI_2025_20|ASSUMPTION_V1
USR07567,48,40s,BALANCED,TAX_BENEFIT_IDLE,MOCK,KIRI_2025_20|ASSUMPTION_V1
USR07568,54,50_plus,CONSERVATIVE,DC_NEGLECT,MOCK,KIRI_2025_20|ASSUMPTION_V1
USR07569,47,40s,STABLE_GROWTH,TAX_BENEFIT_IDLE,MOCK,KIRI_2025_20|ASSUMPTION_V1
USR07570,37,30s,CONSERVATIVE,DC_NEGLECT,MOCK,KIRI_2025_20|ASSUMPTION_V1
USR07571,28,20s,GROWTH,OVERLAP_RISK,MOCK,KIRI_2025_20|ASSUMPTION_V1
USR07572,46,40s,STABLE_GROWTH,OVERLAP_RISK,MOCK,KIRI_2025_20|ASSUMPTION_V1
USR07573,40,40s,BALANCED,OVERLAP_RISK,MOCK,KIRI_2025_20|ASSUMPTION_V1
USR07574,47,40s,STABLE_GROWTH,TAX_BENEFIT_IDLE,MOCK,KIRI_2025_20|ASSUMPTION_V1
USR07575,49,40s,CONSERVATIVE,OVERLAP_RISK,MOCK,KIRI_2025_20|ASSUMPTION_V1
USR07576,51,50_plus,STABLE_GROWTH,TAX_BENEFIT_IDLE,MOCK,KIRI_2025_20|ASSUMPTION_V1
USR07577,46,40s,BALANCED,OVERLAP_RISK,MOCK,KIRI_2025_20|ASSUMPTION_V1
USR07578,59,50_plus,GROWTH,DC_NEGLECT,MOCK,KIRI_2025_20|ASSUMPTION_V1
USR07579,62,50_plus,GROWTH,TAX_BENEFIT_IDLE,MOCK,KIRI_2025_20|ASSUMPTION_V1
USR07580,34,30s,STABLE_GROWTH,DC_NEGLECT,MOCK,KIRI_2025_20|ASSUMPTION_V1
USR07581,36,30s,STABLE_GROWTH,DC_NEGLECT,MOCK,KIRI_2025_20|ASSUMPTION_V1
USR07582,32,30s,AGGRESSIVE,OVERLAP_RISK,MOCK,KIRI_2025_20|ASSUMPTION_V1
USR07583,35,30s,GROWTH,OVERLAP_RISK,MOCK,KIRI_2025_20|ASSUMPTION_V1
USR07584,56,50_plus,CONSERVATIVE,TAX_BENEFIT_IDLE,MOCK,KIRI_2025_20|ASSUMPTION_V1
USR07585,34,30s,BALANCED,DC_NEGLECT,MOCK,KIRI_2025_20|ASSUMPTION_V1
USR07586,63,50_plus,STABLE_GROWTH,DC_NEGLECT,MOCK,KIRI_2025_20|ASSUMPTION_V1
USR07587,46,40s,CONSERVATIVE,OVERLAP_RISK,MOCK,KIRI_2025_20|ASSUMPTION_V1
USR07588,31,30s,CONSERVATIVE,DC_NEGLECT,MOCK,KIRI_2025_20|ASSUMPTION_V1
USR07589,42,40s,CONSERVATIVE,DC_NEGLECT,MOCK,KIRI_2025_20|ASSUMPTION_V1
USR07590,26,20s,STABLE_GROWTH,OVERLAP_RISK,MOCK,KIRI_2025_20|ASSUMPTION_V1
USR07591,39,30s,AGGRESSIVE,TAX_BENEFIT_IDLE,MOCK,KIRI_2025_20|ASSUMPTION_V1
USR07592,46,40s,CONSERVATIVE,DC_NEGLECT,MOCK,KIRI_2025_20|ASSUMPTION_V1
USR07593,30,30s,BALANCED,DC_NEGLECT,MOCK,KIRI_2025_20|ASSUMPTION_V1
USR07594,25,20s,GROWTH,OVERLAP_RISK,MOCK,KIRI_2025_20|ASSUMPTION_V1
USR07595,54,50_plus,STABLE_GROWTH,DC_NEGLECT,MOCK,KIRI_2025_20|ASSUMPTION_V1
USR07596,35,30s,GROWTH,DC_NEGLECT,MOCK,KIRI_2025_20|ASSUMPTION_V1
USR07597,30,30s,GROWTH,TAX_BENEFIT_IDLE,MOCK,KIRI_2025_20|ASSUMPTION_V1
USR07598,62,50_plus,GROWTH,OVERLAP_RISK,MOCK,KIRI_2025_20|ASSUMPTION_V1
USR07599,46,40s,CONSERVATIVE,TAX_BENEFIT_IDLE,MOCK,KIRI_2025_20|ASSUMPTION_V1
USR07600,40,40s,STABLE_GROWTH,OVERLAP_RISK,MOCK,KIRI_2025_20|ASSUMPTION_V1
USR07601,64,50_plus,BALANCED,DC_NEGLECT,MOCK,KIRI_2025_20|ASSUMPTION_V1
USR07602,31,30s,STABLE_GROWTH,DC_NEGLECT,MOCK,KIRI_2025_20|ASSUMPTION_V1
USR07603,52,50_plus,CONSERVATIVE,OVERLAP_RISK,MOCK,KIRI_2025_20|ASSUMPTION_V1
USR07604,26,20s,CONSERVATIVE,OVERLAP_RISK,MOCK,KIRI_2025_20|ASSUMPTION_V1
USR07605,61,50_plus,CONSERVATIVE,OVERLAP_RISK,MOCK,KIRI_2025_20|ASSUMPTION_V1
USR07606,48,40s,BALANCED,OVERLAP_RISK,MOCK,KIRI_2025_20|ASSUMPTION_V1
USR07607,34,30s,GROWTH,DC_NEGLECT,MOCK,KIRI_2025_20|ASSUMPTION_V1
USR07608,48,40s,STABLE_GROWTH,OVERLAP_RISK,MOCK,KIRI_2025_20|ASSUMPTION_V1
USR07609,58,50_plus,CONSERVATIVE,OVERLAP_RISK,MOCK,KIRI_2025_20|ASSUMPTION_V1
USR07610,54,50_plus,STABLE_GROWTH,OVERLAP_RISK,MOCK,KIRI_2025_20|ASSUMPTION_V1
USR07611,20,20s,BALANCED,DC_NEGLECT,MOCK,KIRI_2025_20|ASSUMPTION_V1
USR07612,41,40s,AGGRESSIVE,OVERLAP_RISK,MOCK,KIRI_2025_20|ASSUMPTION_V1
USR07613,26,20s,BALANCED,TAX_BENEFIT_IDLE,MOCK,KIRI_2025_20|ASSUMPTION_V1
USR07614,35,30s,AGGRESSIVE,OVERLAP_RISK,MOCK,KIRI_2025_20|ASSUMPTION_V1
USR07615,50,50_plus,CONSERVATIVE,DC_NEGLECT,MOCK,KIRI_2025_20|ASSUMPTION_V1
USR07616,40,40s,CONSERVATIVE,DC_NEGLECT,MOCK,KIRI_2025_20|ASSUMPTION_V1
USR07617,49,40s,AGGRESSIVE,DC_NEGLECT,MOCK,KIRI_2025_20|ASSUMPTION_V1
USR07618,59,50_plus,GROWTH,TAX_BENEFIT_IDLE,MOCK,KIRI_2025_20|ASSUMPTION_V1
USR07619,42,40s,AGGRESSIVE,TAX_BENEFIT_IDLE,MOCK,KIRI_2025_20|ASSUMPTION_V1
USR07620,55,50_plus,GROWTH,TAX_BENEFIT_IDLE,MOCK,KIRI_2025_20|ASSUMPTION_V1
USR07621,48,40s,BALANCED,OVERLAP_RISK,MOCK,KIRI_2025_20|ASSUMPTION_V1
USR07622,62,50_plus,CONSERVATIVE,DC_NEGLECT,MOCK,KIRI_2025_20|ASSUMPTION_V1
USR07623,43,40s,BALANCED,DC_NEGLECT,MOCK,KIRI_2025_20|ASSUMPTION_V1
USR07624,27,20s,BALANCED,DC_NEGLECT,MOCK,KIRI_2025_20|ASSUMPTION_V1
USR07625,45,40s,STABLE_GROWTH,OVERLAP_RISK,MOCK,KIRI_2025_20|ASSUMPTION_V1
USR07626,62,50_plus,CONSERVATIVE,OVERLAP_RISK,MOCK,KIRI_2025_20|ASSUMPTION_V1
USR07627,34,30s,GROWTH,OVERLAP_RISK,MOCK,KIRI_2025_20|ASSUMPTION_V1
USR07628,55,50_plus,CONSERVATIVE,TAX_BENEFIT_IDLE,MOCK,KIRI_2025_20|ASSUMPTION_V1
USR07629,45,40s,STABLE_GROWTH,DC_NEGLECT,MOCK,KIRI_2025_20|ASSUMPTION_V1
USR07630,35,30s,GROWTH,OVERLAP_RISK,MOCK,KIRI_2025_20|ASSUMPTION_V1
USR07631,52,50_plus,STABLE_GROWTH,TAX_BENEFIT_IDLE,MOCK,KIRI_2025_20|ASSUMPTION_V1
USR07632,40,40s,CONSERVATIVE,DC_NEGLECT,MOCK,KIRI_2025_20|ASSUMPTION_V1
USR07633,61,50_plus,CONSERVATIVE,OVERLAP_RISK,MOCK,KIRI_2025_20|ASSUMPTION_V1
USR07634,53,50_plus,STABLE_GROWTH,OVERLAP_RISK,MOCK,KIRI_2025_20|ASSUMPTION_V1
USR07635,63,50_plus,STABLE_GROWTH,OVERLAP_RISK,MOCK,KIRI_2025_20|ASSUMPTION_V1
USR07636,58,50_plus,CONSERVATIVE,OVERLAP_RISK,MOCK,KIRI_2025_20|ASSUMPTION_V1
USR07637,42,40s,BALANCED,TAX_BENEFIT_IDLE,MOCK,KIRI_2025_20|ASSUMPTION_V1
USR07638,64,50_plus,BALANCED,DC_NEGLECT,MOCK,KIRI_2025_20|ASSUMPTION_V1
USR07639,31,30s,GROWTH,OVERLAP_RISK,MOCK,KIRI_2025_20|ASSUMPTION_V1
USR07640,51,50_plus,STABLE_GROWTH,TAX_BENEFIT_IDLE,MOCK,KIRI_2025_20|ASSUMPTION_V1
USR07641,50,50_plus,STABLE_GROWTH,OVERLAP_RISK,MOCK,KIRI_2025_20|ASSUMPTION_V1
USR07642,58,50_plus,CONSERVATIVE,TAX_BENEFIT_IDLE,MOCK,KIRI_2025_20|ASSUMPTION_V1
USR07643,27,20s,STABLE_GROWTH,OVERLAP_RISK,MOCK,KIRI_2025_20|ASSUMPTION_V1
USR07644,59,50_plus,STABLE_GROWTH,OVERLAP_RISK,MOCK,KIRI_2025_20|ASSUMPTION_V1
USR07645,45,40s,BALANCED,TAX_BENEFIT_IDLE,MOCK,KIRI_2025_20|ASSUMPTION_V1
USR07646,64,50_plus,CONSERVATIVE,TAX_BENEFIT_IDLE,MOCK,KIRI_2025_20|ASSUMPTION_V1
USR07647,63,50_plus,CONSERVATIVE,OVERLAP_RISK,MOCK,KIRI_2025_20|ASSUMPTION_V1
USR07648,30,30s,STABLE_GROWTH,DC_NEGLECT,MOCK,KIRI_2025_20|ASSUMPTION_V1
USR07649,47,40s,BALANCED,OVERLAP_RISK,MOCK,KIRI_2025_20|ASSUMPTION_V1
USR07650,41,40s,AGGRESSIVE,OVERLAP_RISK,MOCK,KIRI_2025_20|ASSUMPTION_V1
USR07651,32,30s,BALANCED,DC_NEGLECT,MOCK,KIRI_2025_20|ASSUMPTION_V1
USR07652,32,30s,BALANCED,TAX_BENEFIT_IDLE,MOCK,KIRI_2025_20|ASSUMPTION_V1
USR07653,40,40s,BALANCED,DC_NEGLECT,MOCK,KIRI_2025_20|ASSUMPTION_V1
USR07654,44,40s,BALANCED,TAX_BENEFIT_IDLE,MOCK,KIRI_2025_20|ASSUMPTION_V1
USR07655,32,30s,BALANCED,DC_NEGLECT,MOCK,KIRI_2025_20|ASSUMPTION_V1
USR07656,63,50_plus,BALANCED,OVERLAP_RISK,MOCK,KIRI_2025_20|ASSUMPTION_V1
USR07657,34,30s,GROWTH,DC_NEGLECT,MOCK,KIRI_2025_20|ASSUMPTION_V1
USR07658,22,20s,AGGRESSIVE,DC_NEGLECT,MOCK,KIRI_2025_20|ASSUMPTION_V1
USR07659,31,30s,GROWTH,OVERLAP_RISK,MOCK,KIRI_2025_20|ASSUMPTION_V1
USR07660,50,50_plus,CONSERVATIVE,TAX_BENEFIT_IDLE,MOCK,KIRI_2025_20|ASSUMPTION_V1
USR07661,45,40s,STABLE_GROWTH,OVERLAP_RISK,MOCK,KIRI_2025_20|ASSUMPTION_V1
USR07662,48,40s,STABLE_GROWTH,DC_NEGLECT,MOCK,KIRI_2025_20|ASSUMPTION_V1
USR07663,40,40s,STABLE_GROWTH,OVERLAP_RISK,MOCK,KIRI_2025_20|ASSUMPTION_V1
USR07664,48,40s,BALANCED,OVERLAP_RISK,MOCK,KIRI_2025_20|ASSUMPTION_V1
USR07665,52,50_plus,CONSERVATIVE,OVERLAP_RISK,MOCK,KIRI_2025_20|ASSUMPTION_V1
USR07666,47,40s,STABLE_GROWTH,TAX_BENEFIT_IDLE,MOCK,KIRI_2025_20|ASSUMPTION_V1
USR07667,27,20s,BALANCED,TAX_BENEFIT_IDLE,MOCK,KIRI_2025_20|ASSUMPTION_V1
USR07668,26,20s,GROWTH,OVERLAP_RISK,MOCK,KIRI_2025_20|ASSUMPTION_V1
USR07669,41,40s,STABLE_GROWTH,DC_NEGLECT,MOCK,KIRI_2025_20|ASSUMPTION_V1
USR07670,46,40s,STABLE_GROWTH,DC_NEGLECT,MOCK,KIRI_2025_20|ASSUMPTION_V1
USR07671,45,40s,STABLE_GROWTH,OVERLAP_RISK,MOCK,KIRI_2025_20|ASSUMPTION_V1
USR07672,51,50_plus,BALANCED,DC_NEGLECT,MOCK,KIRI_2025_20|ASSUMPTION_V1
USR07673,45,40s,BALANCED,DC_NEGLECT,MOCK,KIRI_2025_20|ASSUMPTION_V1
USR07674,50,50_plus,BALANCED,DC_NEGLECT,MOCK,KIRI_2025_20|ASSUMPTION_V1
USR07675,49,40s,BALANCED,DC_NEGLECT,MOCK,KIRI_2025_20|ASSUMPTION_V1
USR07676,32,30s,BALANCED,TAX_BENEFIT_IDLE,MOCK,KIRI_2025_20|ASSUMPTION_V1
USR07677,41,40s,GROWTH,TAX_BENEFIT_IDLE,MOCK,KIRI_2025_20|ASSUMPTION_V1
USR07678,35,30s,BALANCED,DC_NEGLECT,MOCK,KIRI_2025_20|ASSUMPTION_V1
USR07679,46,40s,STABLE_GROWTH,DC_NEGLECT,MOCK,KIRI_2025_20|ASSUMPTION_V1
USR07680,49,40s,STABLE_GROWTH,DC_NEGLECT,MOCK,KIRI_2025_20|ASSUMPTION_V1
USR07681,57,50_plus,GROWTH,TAX_BENEFIT_IDLE,MOCK,KIRI_2025_20|ASSUMPTION_V1
USR07682,34,30s,STABLE_GROWTH,TAX_BENEFIT_IDLE,MOCK,KIRI_2025_20|ASSUMPTION_V1
USR07683,46,40s,BALANCED,DC_NEGLECT,MOCK,KIRI_2025_20|ASSUMPTION_V1
USR07684,29,20s,GROWTH,DC_NEGLECT,MOCK,KIRI_2025_20|ASSUMPTION_V1
USR07685,41,40s,STABLE_GROWTH,DC_NEGLECT,MOCK,KIRI_2025_20|ASSUMPTION_V1
USR07686,25,20s,BALANCED,TAX_BENEFIT_IDLE,MOCK,KIRI_2025_20|ASSUMPTION_V1
USR07687,20,20s,STABLE_GROWTH,TAX_BENEFIT_IDLE,MOCK,KIRI_2025_20|ASSUMPTION_V1
USR07688,40,40s,GROWTH,DC_NEGLECT,MOCK,KIRI_2025_20|ASSUMPTION_V1
USR07689,34,30s,STABLE_GROWTH,TAX_BENEFIT_IDLE,MOCK,KIRI_2025_20|ASSUMPTION_V1
USR07690,46,40s,STABLE_GROWTH,DC_NEGLECT,MOCK,KIRI_2025_20|ASSUMPTION_V1
USR07691,48,40s,BALANCED,TAX_BENEFIT_IDLE,MOCK,KIRI_2025_20|ASSUMPTION_V1
USR07692,33,30s,STABLE_GROWTH,TAX_BENEFIT_IDLE,MOCK,KIRI_2025_20|ASSUMPTION_V1
USR07693,54,50_plus,STABLE_GROWTH,TAX_BENEFIT_IDLE,MOCK,KIRI_2025_20|ASSUMPTION_V1
USR07694,62,50_plus,STABLE_GROWTH,TAX_BENEFIT_IDLE,MOCK,KIRI_2025_20|ASSUMPTION_V1
USR07695,41,40s,STABLE_GROWTH,DC_NEGLECT,MOCK,KIRI_2025_20|ASSUMPTION_V1
USR07696,36,30s,AGGRESSIVE,DC_NEGLECT,MOCK,KIRI_2025_20|ASSUMPTION_V1
USR07697,45,40s,STABLE_GROWTH,OVERLAP_RISK,MOCK,KIRI_2025_20|ASSUMPTION_V1
USR07698,46,40s,STABLE_GROWTH,TAX_BENEFIT_IDLE,MOCK,KIRI_2025_20|ASSUMPTION_V1
USR07699,57,50_plus,CONSERVATIVE,DC_NEGLECT,MOCK,KIRI_2025_20|ASSUMPTION_V1
USR07700,33,30s,GROWTH,TAX_BENEFIT_IDLE,MOCK,KIRI_2025_20|ASSUMPTION_V1
USR07701,40,40s,GROWTH,DC_NEGLECT,MOCK,KIRI_2025_20|ASSUMPTION_V1
USR07702,36,30s,CONSERVATIVE,OVERLAP_RISK,MOCK,KIRI_2025_20|ASSUMPTION_V1
USR07703,20,20s,STABLE_GROWTH,OVERLAP_RISK,MOCK,KIRI_2025_20|ASSUMPTION_V1
USR07704,50,50_plus,GROWTH,DC_NEGLECT,MOCK,KIRI_2025_20|ASSUMPTION_V1
USR07705,45,40s,AGGRESSIVE,OVERLAP_RISK,MOCK,KIRI_2025_20|ASSUMPTION_V1
USR07706,33,30s,BALANCED,TAX_BENEFIT_IDLE,MOCK,KIRI_2025_20|ASSUMPTION_V1
USR07707,39,30s,BALANCED,TAX_BENEFIT_IDLE,MOCK,KIRI_2025_20|ASSUMPTION_V1
USR07708,64,50_plus,CONSERVATIVE,DC_NEGLECT,MOCK,KIRI_2025_20|ASSUMPTION_V1
USR07709,60,50_plus,BALANCED,TAX_BENEFIT_IDLE,MOCK,KIRI_2025_20|ASSUMPTION_V1
USR07710,51,50_plus,CONSERVATIVE,DC_NEGLECT,MOCK,KIRI_2025_20|ASSUMPTION_V1
USR07711,44,40s,AGGRESSIVE,OVERLAP_RISK,MOCK,KIRI_2025_20|ASSUMPTION_V1
USR07712,30,30s,CONSERVATIVE,DC_NEGLECT,MOCK,KIRI_2025_20|ASSUMPTION_V1
USR07713,36,30s,GROWTH,OVERLAP_RISK,MOCK,KIRI_2025_20|ASSUMPTION_V1
USR07714,42,40s,STABLE_GROWTH,TAX_BENEFIT_IDLE,MOCK,KIRI_2025_20|ASSUMPTION_V1
USR07715,29,20s,BALANCED,OVERLAP_RISK,MOCK,KIRI_2025_20|ASSUMPTION_V1
USR07716,39,30s,GROWTH,OVERLAP_RISK,MOCK,KIRI_2025_20|ASSUMPTION_V1
USR07717,62,50_plus,STABLE_GROWTH,OVERLAP_RISK,MOCK,KIRI_2025_20|ASSUMPTION_V1
USR07718,31,30s,BALANCED,TAX_BENEFIT_IDLE,MOCK,KIRI_2025_20|ASSUMPTION_V1
USR07719,47,40s,AGGRESSIVE,DC_NEGLECT,MOCK,KIRI_2025_20|ASSUMPTION_V1
USR07720,44,40s,STABLE_GROWTH,TAX_BENEFIT_IDLE,MOCK,KIRI_2025_20|ASSUMPTION_V1
USR07721,20,20s,STABLE_GROWTH,TAX_BENEFIT_IDLE,MOCK,KIRI_2025_20|ASSUMPTION_V1
USR07722,21,20s,AGGRESSIVE,DC_NEGLECT,MOCK,KIRI_2025_20|ASSUMPTION_V1
USR07723,29,20s,CONSERVATIVE,DC_NEGLECT,MOCK,KIRI_2025_20|ASSUMPTION_V1
USR07724,30,30s,BALANCED,OVERLAP_RISK,MOCK,KIRI_2025_20|ASSUMPTION_V1
USR07725,64,50_plus,STABLE_GROWTH,TAX_BENEFIT_IDLE,MOCK,KIRI_2025_20|ASSUMPTION_V1
USR07726,36,30s,BALANCED,OVERLAP_RISK,MOCK,KIRI_2025_20|ASSUMPTION_V1
USR07727,25,20s,CONSERVATIVE,TAX_BENEFIT_IDLE,MOCK,KIRI_2025_20|ASSUMPTION_V1
USR07728,31,30s,STABLE_GROWTH,TAX_BENEFIT_IDLE,MOCK,KIRI_2025_20|ASSUMPTION_V1
USR07729,41,40s,CONSERVATIVE,TAX_BENEFIT_IDLE,MOCK,KIRI_2025_20|ASSUMPTION_V1
USR07730,30,30s,STABLE_GROWTH,OVERLAP_RISK,MOCK,KIRI_2025_20|ASSUMPTION_V1
USR07731,33,30s,BALANCED,DC_NEGLECT,MOCK,KIRI_2025_20|ASSUMPTION_V1
USR07732,34,30s,CONSERVATIVE,OVERLAP_RISK,MOCK,KIRI_2025_20|ASSUMPTION_V1
USR07733,57,50_plus,CONSERVATIVE,OVERLAP_RISK,MOCK,KIRI_2025_20|ASSUMPTION_V1
USR07734,43,40s,STABLE_GROWTH,DC_NEGLECT,MOCK,KIRI_2025_20|ASSUMPTION_V1
USR07735,40,40s,GROWTH,TAX_BENEFIT_IDLE,MOCK,KIRI_2025_20|ASSUMPTION_V1
USR07736,40,40s,STABLE_GROWTH,OVERLAP_RISK,MOCK,KIRI_2025_20|ASSUMPTION_V1
USR07737,24,20s,GROWTH,DC_NEGLECT,MOCK,KIRI_2025_20|ASSUMPTION_V1
USR07738,34,30s,GROWTH,TAX_BENEFIT_IDLE,MOCK,KIRI_2025_20|ASSUMPTION_V1
USR07739,59,50_plus,CONSERVATIVE,TAX_BENEFIT_IDLE,MOCK,KIRI_2025_20|ASSUMPTION_V1
USR07740,46,40s,STABLE_GROWTH,TAX_BENEFIT_IDLE,MOCK,KIRI_2025_20|ASSUMPTION_V1
USR07741,55,50_plus,STABLE_GROWTH,DC_NEGLECT,MOCK,KIRI_2025_20|ASSUMPTION_V1
USR07742,32,30s,GROWTH,DC_NEGLECT,MOCK,KIRI_2025_20|ASSUMPTION_V1
USR07743,59,50_plus,STABLE_GROWTH,OVERLAP_RISK,MOCK,KIRI_2025_20|ASSUMPTION_V1
USR07744,47,40s,STABLE_GROWTH,TAX_BENEFIT_IDLE,MOCK,KIRI_2025_20|ASSUMPTION_V1
USR07745,56,50_plus,STABLE_GROWTH,DC_NEGLECT,MOCK,KIRI_2025_20|ASSUMPTION_V1
USR07746,60,50_plus,CONSERVATIVE,OVERLAP_RISK,MOCK,KIRI_2025_20|ASSUMPTION_V1
USR07747,40,40s,GROWTH,OVERLAP_RISK,MOCK,KIRI_2025_20|ASSUMPTION_V1
USR07748,35,30s,GROWTH,OVERLAP_RISK,MOCK,KIRI_2025_20|ASSUMPTION_V1
USR07749,42,40s,BALANCED,OVERLAP_RISK,MOCK,KIRI_2025_20|ASSUMPTION_V1
USR07750,40,40s,GROWTH,OVERLAP_RISK,MOCK,KIRI_2025_20|ASSUMPTION_V1
USR07751,36,30s,BALANCED,TAX_BENEFIT_IDLE,MOCK,KIRI_2025_20|ASSUMPTION_V1
USR07752,58,50_plus,STABLE_GROWTH,DC_NEGLECT,MOCK,KIRI_2025_20|ASSUMPTION_V1
USR07753,56,50_plus,CONSERVATIVE,OVERLAP_RISK,MOCK,KIRI_2025_20|ASSUMPTION_V1
USR07754,60,50_plus,STABLE_GROWTH,DC_NEGLECT,MOCK,KIRI_2025_20|ASSUMPTION_V1
USR07755,28,20s,BALANCED,TAX_BENEFIT_IDLE,MOCK,KIRI_2025_20|ASSUMPTION_V1
USR07756,35,30s,BALANCED,DC_NEGLECT,MOCK,KIRI_2025_20|ASSUMPTION_V1
USR07757,53,50_plus,CONSERVATIVE,OVERLAP_RISK,MOCK,KIRI_2025_20|ASSUMPTION_V1
USR07758,49,40s,CONSERVATIVE,TAX_BENEFIT_IDLE,MOCK,KIRI_2025_20|ASSUMPTION_V1
USR07759,32,30s,AGGRESSIVE,OVERLAP_RISK,MOCK,KIRI_2025_20|ASSUMPTION_V1
USR07760,35,30s,STABLE_GROWTH,TAX_BENEFIT_IDLE,MOCK,KIRI_2025_20|ASSUMPTION_V1
USR07761,46,40s,GROWTH,OVERLAP_RISK,MOCK,KIRI_2025_20|ASSUMPTION_V1
USR07762,53,50_plus,STABLE_GROWTH,TAX_BENEFIT_IDLE,MOCK,KIRI_2025_20|ASSUMPTION_V1
USR07763,64,50_plus,AGGRESSIVE,DC_NEGLECT,MOCK,KIRI_2025_20|ASSUMPTION_V1
USR07764,41,40s,CONSERVATIVE,DC_NEGLECT,MOCK,KIRI_2025_20|ASSUMPTION_V1
USR07765,47,40s,BALANCED,DC_NEGLECT,MOCK,KIRI_2025_20|ASSUMPTION_V1
USR07766,48,40s,STABLE_GROWTH,OVERLAP_RISK,MOCK,KIRI_2025_20|ASSUMPTION_V1
USR07767,47,40s,CONSERVATIVE,DC_NEGLECT,MOCK,KIRI_2025_20|ASSUMPTION_V1
USR07768,64,50_plus,GROWTH,TAX_BENEFIT_IDLE,MOCK,KIRI_2025_20|ASSUMPTION_V1
USR07769,62,50_plus,STABLE_GROWTH,DC_NEGLECT,MOCK,KIRI_2025_20|ASSUMPTION_V1
USR07770,21,20s,GROWTH,DC_NEGLECT,MOCK,KIRI_2025_20|ASSUMPTION_V1
USR07771,43,40s,STABLE_GROWTH,DC_NEGLECT,MOCK,KIRI_2025_20|ASSUMPTION_V1
USR07772,39,30s,BALANCED,TAX_BENEFIT_IDLE,MOCK,KIRI_2025_20|ASSUMPTION_V1
USR07773,43,40s,STABLE_GROWTH,DC_NEGLECT,MOCK,KIRI_2025_20|ASSUMPTION_V1
USR07774,41,40s,CONSERVATIVE,OVERLAP_RISK,MOCK,KIRI_2025_20|ASSUMPTION_V1
USR07775,33,30s,STABLE_GROWTH,DC_NEGLECT,MOCK,KIRI_2025_20|ASSUMPTION_V1
USR07776,38,30s,BALANCED,DC_NEGLECT,MOCK,KIRI_2025_20|ASSUMPTION_V1
USR07777,47,40s,GROWTH,DC_NEGLECT,MOCK,KIRI_2025_20|ASSUMPTION_V1
USR07778,54,50_plus,GROWTH,TAX_BENEFIT_IDLE,MOCK,KIRI_2025_20|ASSUMPTION_V1
USR07779,53,50_plus,GROWTH,TAX_BENEFIT_IDLE,MOCK,KIRI_2025_20|ASSUMPTION_V1
USR07780,38,30s,GROWTH,DC_NEGLECT,MOCK,KIRI_2025_20|ASSUMPTION_V1
USR07781,46,40s,BALANCED,DC_NEGLECT,MOCK,KIRI_2025_20|ASSUMPTION_V1
USR07782,42,40s,BALANCED,TAX_BENEFIT_IDLE,MOCK,KIRI_2025_20|ASSUMPTION_V1
USR07783,46,40s,STABLE_GROWTH,DC_NEGLECT,MOCK,KIRI_2025_20|ASSUMPTION_V1
USR07784,24,20s,GROWTH,DC_NEGLECT,MOCK,KIRI_2025_20|ASSUMPTION_V1
USR07785,27,20s,STABLE_GROWTH,DC_NEGLECT,MOCK,KIRI_2025_20|ASSUMPTION_V1
USR07786,55,50_plus,CONSERVATIVE,DC_NEGLECT,MOCK,KIRI_2025_20|ASSUMPTION_V1
USR07787,63,50_plus,GROWTH,OVERLAP_RISK,MOCK,KIRI_2025_20|ASSUMPTION_V1
USR07788,35,30s,STABLE_GROWTH,TAX_BENEFIT_IDLE,MOCK,KIRI_2025_20|ASSUMPTION_V1
USR07789,30,30s,STABLE_GROWTH,OVERLAP_RISK,MOCK,KIRI_2025_20|ASSUMPTION_V1
USR07790,46,40s,STABLE_GROWTH,DC_NEGLECT,MOCK,KIRI_2025_20|ASSUMPTION_V1
USR07791,38,30s,BALANCED,TAX_BENEFIT_IDLE,MOCK,KIRI_2025_20|ASSUMPTION_V1
USR07792,34,30s,STABLE_GROWTH,DC_NEGLECT,MOCK,KIRI_2025_20|ASSUMPTION_V1
USR07793,28,20s,STABLE_GROWTH,DC_NEGLECT,MOCK,KIRI_2025_20|ASSUMPTION_V1
USR07794,57,50_plus,BALANCED,TAX_BENEFIT_IDLE,MOCK,KIRI_2025_20|ASSUMPTION_V1
USR07795,38,30s,GROWTH,OVERLAP_RISK,MOCK,KIRI_2025_20|ASSUMPTION_V1
USR07796,48,40s,GROWTH,TAX_BENEFIT_IDLE,MOCK,KIRI_2025_20|ASSUMPTION_V1
USR07797,55,50_plus,AGGRESSIVE,TAX_BENEFIT_IDLE,MOCK,KIRI_2025_20|ASSUMPTION_V1
USR07798,46,40s,AGGRESSIVE,DC_NEGLECT,MOCK,KIRI_2025_20|ASSUMPTION_V1
USR07799,56,50_plus,BALANCED,TAX_BENEFIT_IDLE,MOCK,KIRI_2025_20|ASSUMPTION_V1
USR07800,47,40s,STABLE_GROWTH,DC_NEGLECT,MOCK,KIRI_2025_20|ASSUMPTION_V1
USR07801,39,30s,BALANCED,OVERLAP_RISK,MOCK,KIRI_2025_20|ASSUMPTION_V1
USR07802,24,20s,CONSERVATIVE,TAX_BENEFIT_IDLE,MOCK,KIRI_2025_20|ASSUMPTION_V1
USR07803,49,40s,GROWTH,OVERLAP_RISK,MOCK,KIRI_2025_20|ASSUMPTION_V1
USR07804,22,20s,STABLE_GROWTH,DC_NEGLECT,MOCK,KIRI_2025_20|ASSUMPTION_V1
USR07805,41,40s,BALANCED,OVERLAP_RISK,MOCK,KIRI_2025_20|ASSUMPTION_V1
USR07806,35,30s,STABLE_GROWTH,OVERLAP_RISK,MOCK,KIRI_2025_20|ASSUMPTION_V1
USR07807,60,50_plus,CONSERVATIVE,DC_NEGLECT,MOCK,KIRI_2025_20|ASSUMPTION_V1
USR07808,48,40s,CONSERVATIVE,DC_NEGLECT,MOCK,KIRI_2025_20|ASSUMPTION_V1
USR07809,46,40s,BALANCED,TAX_BENEFIT_IDLE,MOCK,KIRI_2025_20|ASSUMPTION_V1
USR07810,44,40s,BALANCED,OVERLAP_RISK,MOCK,KIRI_2025_20|ASSUMPTION_V1
USR07811,33,30s,BALANCED,OVERLAP_RISK,MOCK,KIRI_2025_20|ASSUMPTION_V1
USR07812,62,50_plus,STABLE_GROWTH,DC_NEGLECT,MOCK,KIRI_2025_20|ASSUMPTION_V1
USR07813,58,50_plus,CONSERVATIVE,DC_NEGLECT,MOCK,KIRI_2025_20|ASSUMPTION_V1
USR07814,54,50_plus,CONSERVATIVE,DC_NEGLECT,MOCK,KIRI_2025_20|ASSUMPTION_V1
USR07815,63,50_plus,AGGRESSIVE,DC_NEGLECT,MOCK,KIRI_2025_20|ASSUMPTION_V1
USR07816,30,30s,BALANCED,OVERLAP_RISK,MOCK,KIRI_2025_20|ASSUMPTION_V1
USR07817,62,50_plus,STABLE_GROWTH,OVERLAP_RISK,MOCK,KIRI_2025_20|ASSUMPTION_V1
USR07818,41,40s,STABLE_GROWTH,OVERLAP_RISK,MOCK,KIRI_2025_20|ASSUMPTION_V1
USR07819,60,50_plus,STABLE_GROWTH,OVERLAP_RISK,MOCK,KIRI_2025_20|ASSUMPTION_V1
USR07820,53,50_plus,BALANCED,DC_NEGLECT,MOCK,KIRI_2025_20|ASSUMPTION_V1
USR07821,50,50_plus,BALANCED,TAX_BENEFIT_IDLE,MOCK,KIRI_2025_20|ASSUMPTION_V1
USR07822,37,30s,BALANCED,OVERLAP_RISK,MOCK,KIRI_2025_20|ASSUMPTION_V1
USR07823,35,30s,AGGRESSIVE,DC_NEGLECT,MOCK,KIRI_2025_20|ASSUMPTION_V1
USR07824,39,30s,STABLE_GROWTH,OVERLAP_RISK,MOCK,KIRI_2025_20|ASSUMPTION_V1
USR07825,62,50_plus,STABLE_GROWTH,OVERLAP_RISK,MOCK,KIRI_2025_20|ASSUMPTION_V1
USR07826,35,30s,STABLE_GROWTH,TAX_BENEFIT_IDLE,MOCK,KIRI_2025_20|ASSUMPTION_V1
USR07827,59,50_plus,AGGRESSIVE,TAX_BENEFIT_IDLE,MOCK,KIRI_2025_20|ASSUMPTION_V1
USR07828,44,40s,CONSERVATIVE,OVERLAP_RISK,MOCK,KIRI_2025_20|ASSUMPTION_V1
USR07829,48,40s,STABLE_GROWTH,TAX_BENEFIT_IDLE,MOCK,KIRI_2025_20|ASSUMPTION_V1
USR07830,50,50_plus,STABLE_GROWTH,TAX_BENEFIT_IDLE,MOCK,KIRI_2025_20|ASSUMPTION_V1
USR07831,43,40s,GROWTH,OVERLAP_RISK,MOCK,KIRI_2025_20|ASSUMPTION_V1
USR07832,59,50_plus,BALANCED,OVERLAP_RISK,MOCK,KIRI_2025_20|ASSUMPTION_V1
USR07833,33,30s,AGGRESSIVE,TAX_BENEFIT_IDLE,MOCK,KIRI_2025_20|ASSUMPTION_V1
USR07834,47,40s,BALANCED,DC_NEGLECT,MOCK,KIRI_2025_20|ASSUMPTION_V1
USR07835,47,40s,STABLE_GROWTH,DC_NEGLECT,MOCK,KIRI_2025_20|ASSUMPTION_V1
USR07836,26,20s,GROWTH,DC_NEGLECT,MOCK,KIRI_2025_20|ASSUMPTION_V1
USR07837,39,30s,BALANCED,TAX_BENEFIT_IDLE,MOCK,KIRI_2025_20|ASSUMPTION_V1
USR07838,56,50_plus,BALANCED,OVERLAP_RISK,MOCK,KIRI_2025_20|ASSUMPTION_V1
USR07839,50,50_plus,BALANCED,DC_NEGLECT,MOCK,KIRI_2025_20|ASSUMPTION_V1
USR07840,23,20s,STABLE_GROWTH,TAX_BENEFIT_IDLE,MOCK,KIRI_2025_20|ASSUMPTION_V1
USR07841,39,30s,BALANCED,OVERLAP_RISK,MOCK,KIRI_2025_20|ASSUMPTION_V1
USR07842,37,30s,GROWTH,TAX_BENEFIT_IDLE,MOCK,KIRI_2025_20|ASSUMPTION_V1
USR07843,49,40s,BALANCED,OVERLAP_RISK,MOCK,KIRI_2025_20|ASSUMPTION_V1
USR07844,55,50_plus,BALANCED,TAX_BENEFIT_IDLE,MOCK,KIRI_2025_20|ASSUMPTION_V1
USR07845,36,30s,CONSERVATIVE,TAX_BENEFIT_IDLE,MOCK,KIRI_2025_20|ASSUMPTION_V1
USR07846,54,50_plus,BALANCED,OVERLAP_RISK,MOCK,KIRI_2025_20|ASSUMPTION_V1
USR07847,63,50_plus,CONSERVATIVE,TAX_BENEFIT_IDLE,MOCK,KIRI_2025_20|ASSUMPTION_V1
USR07848,56,50_plus,CONSERVATIVE,OVERLAP_RISK,MOCK,KIRI_2025_20|ASSUMPTION_V1
USR07849,55,50_plus,STABLE_GROWTH,OVERLAP_RISK,MOCK,KIRI_2025_20|ASSUMPTION_V1
USR07850,50,50_plus,STABLE_GROWTH,OVERLAP_RISK,MOCK,KIRI_2025_20|ASSUMPTION_V1
USR07851,48,40s,BALANCED,TAX_BENEFIT_IDLE,MOCK,KIRI_2025_20|ASSUMPTION_V1
USR07852,48,40s,BALANCED,DC_NEGLECT,MOCK,KIRI_2025_20|ASSUMPTION_V1
USR07853,31,30s,CONSERVATIVE,DC_NEGLECT,MOCK,KIRI_2025_20|ASSUMPTION_V1
USR07854,36,30s,CONSERVATIVE,OVERLAP_RISK,MOCK,KIRI_2025_20|ASSUMPTION_V1
USR07855,20,20s,STABLE_GROWTH,TAX_BENEFIT_IDLE,MOCK,KIRI_2025_20|ASSUMPTION_V1
USR07856,52,50_plus,STABLE_GROWTH,OVERLAP_RISK,MOCK,KIRI_2025_20|ASSUMPTION_V1
USR07857,64,50_plus,STABLE_GROWTH,DC_NEGLECT,MOCK,KIRI_2025_20|ASSUMPTION_V1
USR07858,62,50_plus,BALANCED,TAX_BENEFIT_IDLE,MOCK,KIRI_2025_20|ASSUMPTION_V1
USR07859,51,50_plus,GROWTH,TAX_BENEFIT_IDLE,MOCK,KIRI_2025_20|ASSUMPTION_V1
USR07860,53,50_plus,STABLE_GROWTH,DC_NEGLECT,MOCK,KIRI_2025_20|ASSUMPTION_V1
USR07861,32,30s,STABLE_GROWTH,DC_NEGLECT,MOCK,KIRI_2025_20|ASSUMPTION_V1
USR07862,53,50_plus,GROWTH,TAX_BENEFIT_IDLE,MOCK,KIRI_2025_20|ASSUMPTION_V1
USR07863,27,20s,STABLE_GROWTH,OVERLAP_RISK,MOCK,KIRI_2025_20|ASSUMPTION_V1
USR07864,42,40s,CONSERVATIVE,DC_NEGLECT,MOCK,KIRI_2025_20|ASSUMPTION_V1
USR07865,43,40s,GROWTH,DC_NEGLECT,MOCK,KIRI_2025_20|ASSUMPTION_V1
USR07866,25,20s,GROWTH,OVERLAP_RISK,MOCK,KIRI_2025_20|ASSUMPTION_V1
USR07867,51,50_plus,AGGRESSIVE,DC_NEGLECT,MOCK,KIRI_2025_20|ASSUMPTION_V1
USR07868,33,30s,BALANCED,TAX_BENEFIT_IDLE,MOCK,KIRI_2025_20|ASSUMPTION_V1
USR07869,52,50_plus,GROWTH,DC_NEGLECT,MOCK,KIRI_2025_20|ASSUMPTION_V1
USR07870,45,40s,CONSERVATIVE,DC_NEGLECT,MOCK,KIRI_2025_20|ASSUMPTION_V1
USR07871,53,50_plus,CONSERVATIVE,TAX_BENEFIT_IDLE,MOCK,KIRI_2025_20|ASSUMPTION_V1
USR07872,41,40s,STABLE_GROWTH,TAX_BENEFIT_IDLE,MOCK,KIRI_2025_20|ASSUMPTION_V1
USR07873,52,50_plus,CONSERVATIVE,TAX_BENEFIT_IDLE,MOCK,KIRI_2025_20|ASSUMPTION_V1
USR07874,30,30s,STABLE_GROWTH,DC_NEGLECT,MOCK,KIRI_2025_20|ASSUMPTION_V1
USR07875,37,30s,CONSERVATIVE,OVERLAP_RISK,MOCK,KIRI_2025_20|ASSUMPTION_V1
USR07876,22,20s,BALANCED,DC_NEGLECT,MOCK,KIRI_2025_20|ASSUMPTION_V1
USR07877,49,40s,BALANCED,OVERLAP_RISK,MOCK,KIRI_2025_20|ASSUMPTION_V1
USR07878,35,30s,CONSERVATIVE,OVERLAP_RISK,MOCK,KIRI_2025_20|ASSUMPTION_V1
USR07879,59,50_plus,CONSERVATIVE,DC_NEGLECT,MOCK,KIRI_2025_20|ASSUMPTION_V1
USR07880,53,50_plus,CONSERVATIVE,OVERLAP_RISK,MOCK,KIRI_2025_20|ASSUMPTION_V1
USR07881,58,50_plus,CONSERVATIVE,DC_NEGLECT,MOCK,KIRI_2025_20|ASSUMPTION_V1
USR07882,23,20s,CONSERVATIVE,OVERLAP_RISK,MOCK,KIRI_2025_20|ASSUMPTION_V1
USR07883,55,50_plus,CONSERVATIVE,DC_NEGLECT,MOCK,KIRI_2025_20|ASSUMPTION_V1
USR07884,43,40s,CONSERVATIVE,DC_NEGLECT,MOCK,KIRI_2025_20|ASSUMPTION_V1
USR07885,34,30s,CONSERVATIVE,OVERLAP_RISK,MOCK,KIRI_2025_20|ASSUMPTION_V1
USR07886,35,30s,CONSERVATIVE,OVERLAP_RISK,MOCK,KIRI_2025_20|ASSUMPTION_V1
USR07887,33,30s,STABLE_GROWTH,OVERLAP_RISK,MOCK,KIRI_2025_20|ASSUMPTION_V1
USR07888,60,50_plus,BALANCED,DC_NEGLECT,MOCK,KIRI_2025_20|ASSUMPTION_V1
USR07889,36,30s,BALANCED,TAX_BENEFIT_IDLE,MOCK,KIRI_2025_20|ASSUMPTION_V1
USR07890,39,30s,BALANCED,OVERLAP_RISK,MOCK,KIRI_2025_20|ASSUMPTION_V1
USR07891,49,40s,STABLE_GROWTH,OVERLAP_RISK,MOCK,KIRI_2025_20|ASSUMPTION_V1
USR07892,36,30s,BALANCED,TAX_BENEFIT_IDLE,MOCK,KIRI_2025_20|ASSUMPTION_V1
USR07893,62,50_plus,STABLE_GROWTH,TAX_BENEFIT_IDLE,MOCK,KIRI_2025_20|ASSUMPTION_V1
USR07894,48,40s,CONSERVATIVE,DC_NEGLECT,MOCK,KIRI_2025_20|ASSUMPTION_V1
USR07895,45,40s,GROWTH,DC_NEGLECT,MOCK,KIRI_2025_20|ASSUMPTION_V1
USR07896,32,30s,STABLE_GROWTH,DC_NEGLECT,MOCK,KIRI_2025_20|ASSUMPTION_V1
USR07897,29,20s,GROWTH,DC_NEGLECT,MOCK,KIRI_2025_20|ASSUMPTION_V1
USR07898,50,50_plus,STABLE_GROWTH,OVERLAP_RISK,MOCK,KIRI_2025_20|ASSUMPTION_V1
USR07899,36,30s,AGGRESSIVE,OVERLAP_RISK,MOCK,KIRI_2025_20|ASSUMPTION_V1
USR07900,39,30s,STABLE_GROWTH,DC_NEGLECT,MOCK,KIRI_2025_20|ASSUMPTION_V1
USR07901,42,40s,CONSERVATIVE,OVERLAP_RISK,MOCK,KIRI_2025_20|ASSUMPTION_V1
USR07902,53,50_plus,CONSERVATIVE,OVERLAP_RISK,MOCK,KIRI_2025_20|ASSUMPTION_V1
USR07903,40,40s,BALANCED,OVERLAP_RISK,MOCK,KIRI_2025_20|ASSUMPTION_V1
USR07904,44,40s,BALANCED,TAX_BENEFIT_IDLE,MOCK,KIRI_2025_20|ASSUMPTION_V1
USR07905,40,40s,BALANCED,OVERLAP_RISK,MOCK,KIRI_2025_20|ASSUMPTION_V1
USR07906,33,30s,GROWTH,OVERLAP_RISK,MOCK,KIRI_2025_20|ASSUMPTION_V1
USR07907,51,50_plus,CONSERVATIVE,DC_NEGLECT,MOCK,KIRI_2025_20|ASSUMPTION_V1
USR07908,57,50_plus,STABLE_GROWTH,TAX_BENEFIT_IDLE,MOCK,KIRI_2025_20|ASSUMPTION_V1
USR07909,59,50_plus,STABLE_GROWTH,TAX_BENEFIT_IDLE,MOCK,KIRI_2025_20|ASSUMPTION_V1
USR07910,43,40s,BALANCED,DC_NEGLECT,MOCK,KIRI_2025_20|ASSUMPTION_V1
USR07911,36,30s,BALANCED,OVERLAP_RISK,MOCK,KIRI_2025_20|ASSUMPTION_V1
USR07912,40,40s,CONSERVATIVE,TAX_BENEFIT_IDLE,MOCK,KIRI_2025_20|ASSUMPTION_V1
USR07913,32,30s,STABLE_GROWTH,OVERLAP_RISK,MOCK,KIRI_2025_20|ASSUMPTION_V1
USR07914,47,40s,AGGRESSIVE,DC_NEGLECT,MOCK,KIRI_2025_20|ASSUMPTION_V1
USR07915,42,40s,BALANCED,OVERLAP_RISK,MOCK,KIRI_2025_20|ASSUMPTION_V1
USR07916,48,40s,BALANCED,TAX_BENEFIT_IDLE,MOCK,KIRI_2025_20|ASSUMPTION_V1
USR07917,39,30s,GROWTH,TAX_BENEFIT_IDLE,MOCK,KIRI_2025_20|ASSUMPTION_V1
USR07918,36,30s,BALANCED,TAX_BENEFIT_IDLE,MOCK,KIRI_2025_20|ASSUMPTION_V1
USR07919,21,20s,BALANCED,DC_NEGLECT,MOCK,KIRI_2025_20|ASSUMPTION_V1
USR07920,40,40s,STABLE_GROWTH,TAX_BENEFIT_IDLE,MOCK,KIRI_2025_20|ASSUMPTION_V1
USR07921,32,30s,GROWTH,OVERLAP_RISK,MOCK,KIRI_2025_20|ASSUMPTION_V1
USR07922,55,50_plus,STABLE_GROWTH,DC_NEGLECT,MOCK,KIRI_2025_20|ASSUMPTION_V1
USR07923,38,30s,GROWTH,OVERLAP_RISK,MOCK,KIRI_2025_20|ASSUMPTION_V1
USR07924,40,40s,BALANCED,DC_NEGLECT,MOCK,KIRI_2025_20|ASSUMPTION_V1
USR07925,64,50_plus,STABLE_GROWTH,DC_NEGLECT,MOCK,KIRI_2025_20|ASSUMPTION_V1
USR07926,28,20s,STABLE_GROWTH,TAX_BENEFIT_IDLE,MOCK,KIRI_2025_20|ASSUMPTION_V1
USR07927,39,30s,STABLE_GROWTH,TAX_BENEFIT_IDLE,MOCK,KIRI_2025_20|ASSUMPTION_V1
USR07928,49,40s,AGGRESSIVE,OVERLAP_RISK,MOCK,KIRI_2025_20|ASSUMPTION_V1
USR07929,43,40s,STABLE_GROWTH,DC_NEGLECT,MOCK,KIRI_2025_20|ASSUMPTION_V1
USR07930,47,40s,BALANCED,DC_NEGLECT,MOCK,KIRI_2025_20|ASSUMPTION_V1
USR07931,58,50_plus,CONSERVATIVE,OVERLAP_RISK,MOCK,KIRI_2025_20|ASSUMPTION_V1
USR07932,29,20s,AGGRESSIVE,OVERLAP_RISK,MOCK,KIRI_2025_20|ASSUMPTION_V1
USR07933,47,40s,STABLE_GROWTH,TAX_BENEFIT_IDLE,MOCK,KIRI_2025_20|ASSUMPTION_V1
USR07934,61,50_plus,CONSERVATIVE,DC_NEGLECT,MOCK,KIRI_2025_20|ASSUMPTION_V1
USR07935,60,50_plus,STABLE_GROWTH,TAX_BENEFIT_IDLE,MOCK,KIRI_2025_20|ASSUMPTION_V1
USR07936,48,40s,CONSERVATIVE,OVERLAP_RISK,MOCK,KIRI_2025_20|ASSUMPTION_V1
USR07937,27,20s,BALANCED,OVERLAP_RISK,MOCK,KIRI_2025_20|ASSUMPTION_V1
USR07938,49,40s,GROWTH,TAX_BENEFIT_IDLE,MOCK,KIRI_2025_20|ASSUMPTION_V1
USR07939,45,40s,CONSERVATIVE,OVERLAP_RISK,MOCK,KIRI_2025_20|ASSUMPTION_V1
USR07940,39,30s,STABLE_GROWTH,TAX_BENEFIT_IDLE,MOCK,KIRI_2025_20|ASSUMPTION_V1
USR07941,42,40s,STABLE_GROWTH,DC_NEGLECT,MOCK,KIRI_2025_20|ASSUMPTION_V1
USR07942,48,40s,GROWTH,DC_NEGLECT,MOCK,KIRI_2025_20|ASSUMPTION_V1
USR07943,59,50_plus,STABLE_GROWTH,OVERLAP_RISK,MOCK,KIRI_2025_20|ASSUMPTION_V1
USR07944,43,40s,STABLE_GROWTH,TAX_BENEFIT_IDLE,MOCK,KIRI_2025_20|ASSUMPTION_V1
USR07945,37,30s,BALANCED,DC_NEGLECT,MOCK,KIRI_2025_20|ASSUMPTION_V1
USR07946,38,30s,STABLE_GROWTH,DC_NEGLECT,MOCK,KIRI_2025_20|ASSUMPTION_V1
USR07947,49,40s,BALANCED,DC_NEGLECT,MOCK,KIRI_2025_20|ASSUMPTION_V1
USR07948,42,40s,STABLE_GROWTH,DC_NEGLECT,MOCK,KIRI_2025_20|ASSUMPTION_V1
USR07949,50,50_plus,CONSERVATIVE,DC_NEGLECT,MOCK,KIRI_2025_20|ASSUMPTION_V1
USR07950,48,40s,CONSERVATIVE,DC_NEGLECT,MOCK,KIRI_2025_20|ASSUMPTION_V1
USR07951,31,30s,BALANCED,TAX_BENEFIT_IDLE,MOCK,KIRI_2025_20|ASSUMPTION_V1
USR07952,29,20s,BALANCED,OVERLAP_RISK,MOCK,KIRI_2025_20|ASSUMPTION_V1
USR07953,29,20s,STABLE_GROWTH,OVERLAP_RISK,MOCK,KIRI_2025_20|ASSUMPTION_V1
USR07954,32,30s,GROWTH,DC_NEGLECT,MOCK,KIRI_2025_20|ASSUMPTION_V1
USR07955,27,20s,STABLE_GROWTH,TAX_BENEFIT_IDLE,MOCK,KIRI_2025_20|ASSUMPTION_V1
USR07956,29,20s,STABLE_GROWTH,DC_NEGLECT,MOCK,KIRI_2025_20|ASSUMPTION_V1
USR07957,59,50_plus,CONSERVATIVE,OVERLAP_RISK,MOCK,KIRI_2025_20|ASSUMPTION_V1
USR07958,24,20s,STABLE_GROWTH,OVERLAP_RISK,MOCK,KIRI_2025_20|ASSUMPTION_V1
USR07959,40,40s,GROWTH,DC_NEGLECT,MOCK,KIRI_2025_20|ASSUMPTION_V1
USR07960,32,30s,GROWTH,OVERLAP_RISK,MOCK,KIRI_2025_20|ASSUMPTION_V1
USR07961,47,40s,BALANCED,TAX_BENEFIT_IDLE,MOCK,KIRI_2025_20|ASSUMPTION_V1
USR07962,49,40s,STABLE_GROWTH,OVERLAP_RISK,MOCK,KIRI_2025_20|ASSUMPTION_V1
USR07963,57,50_plus,BALANCED,DC_NEGLECT,MOCK,KIRI_2025_20|ASSUMPTION_V1
USR07964,41,40s,STABLE_GROWTH,DC_NEGLECT,MOCK,KIRI_2025_20|ASSUMPTION_V1
USR07965,24,20s,BALANCED,OVERLAP_RISK,MOCK,KIRI_2025_20|ASSUMPTION_V1
USR07966,61,50_plus,CONSERVATIVE,OVERLAP_RISK,MOCK,KIRI_2025_20|ASSUMPTION_V1
USR07967,55,50_plus,CONSERVATIVE,TAX_BENEFIT_IDLE,MOCK,KIRI_2025_20|ASSUMPTION_V1
USR07968,57,50_plus,STABLE_GROWTH,DC_NEGLECT,MOCK,KIRI_2025_20|ASSUMPTION_V1
USR07969,34,30s,AGGRESSIVE,DC_NEGLECT,MOCK,KIRI_2025_20|ASSUMPTION_V1
USR07970,43,40s,CONSERVATIVE,DC_NEGLECT,MOCK,KIRI_2025_20|ASSUMPTION_V1
USR07971,34,30s,GROWTH,TAX_BENEFIT_IDLE,MOCK,KIRI_2025_20|ASSUMPTION_V1
USR07972,40,40s,BALANCED,TAX_BENEFIT_IDLE,MOCK,KIRI_2025_20|ASSUMPTION_V1
USR07973,35,30s,BALANCED,OVERLAP_RISK,MOCK,KIRI_2025_20|ASSUMPTION_V1
USR07974,33,30s,GROWTH,DC_NEGLECT,MOCK,KIRI_2025_20|ASSUMPTION_V1
USR07975,45,40s,GROWTH,DC_NEGLECT,MOCK,KIRI_2025_20|ASSUMPTION_V1
USR07976,24,20s,BALANCED,TAX_BENEFIT_IDLE,MOCK,KIRI_2025_20|ASSUMPTION_V1
USR07977,58,50_plus,AGGRESSIVE,TAX_BENEFIT_IDLE,MOCK,KIRI_2025_20|ASSUMPTION_V1
USR07978,43,40s,GROWTH,OVERLAP_RISK,MOCK,KIRI_2025_20|ASSUMPTION_V1
USR07979,48,40s,CONSERVATIVE,OVERLAP_RISK,MOCK,KIRI_2025_20|ASSUMPTION_V1
USR07980,46,40s,BALANCED,DC_NEGLECT,MOCK,KIRI_2025_20|ASSUMPTION_V1
USR07981,58,50_plus,CONSERVATIVE,OVERLAP_RISK,MOCK,KIRI_2025_20|ASSUMPTION_V1
USR07982,50,50_plus,STABLE_GROWTH,DC_NEGLECT,MOCK,KIRI_2025_20|ASSUMPTION_V1
USR07983,40,40s,AGGRESSIVE,TAX_BENEFIT_IDLE,MOCK,KIRI_2025_20|ASSUMPTION_V1
USR07984,59,50_plus,CONSERVATIVE,OVERLAP_RISK,MOCK,KIRI_2025_20|ASSUMPTION_V1
USR07985,57,50_plus,CONSERVATIVE,OVERLAP_RISK,MOCK,KIRI_2025_20|ASSUMPTION_V1
USR07986,30,30s,BALANCED,DC_NEGLECT,MOCK,KIRI_2025_20|ASSUMPTION_V1
USR07987,44,40s,GROWTH,DC_NEGLECT,MOCK,KIRI_2025_20|ASSUMPTION_V1
USR07988,26,20s,GROWTH,OVERLAP_RISK,MOCK,KIRI_2025_20|ASSUMPTION_V1
USR07989,60,50_plus,STABLE_GROWTH,TAX_BENEFIT_IDLE,MOCK,KIRI_2025_20|ASSUMPTION_V1
USR07990,36,30s,GROWTH,TAX_BENEFIT_IDLE,MOCK,KIRI_2025_20|ASSUMPTION_V1
USR07991,33,30s,BALANCED,OVERLAP_RISK,MOCK,KIRI_2025_20|ASSUMPTION_V1
USR07992,41,40s,BALANCED,OVERLAP_RISK,MOCK,KIRI_2025_20|ASSUMPTION_V1
USR07993,48,40s,BALANCED,TAX_BENEFIT_IDLE,MOCK,KIRI_2025_20|ASSUMPTION_V1
USR07994,59,50_plus,STABLE_GROWTH,DC_NEGLECT,MOCK,KIRI_2025_20|ASSUMPTION_V1
USR07995,50,50_plus,CONSERVATIVE,TAX_BENEFIT_IDLE,MOCK,KIRI_2025_20|ASSUMPTION_V1
USR07996,48,40s,GROWTH,TAX_BENEFIT_IDLE,MOCK,KIRI_2025_20|ASSUMPTION_V1
USR07997,46,40s,BALANCED,TAX_BENEFIT_IDLE,MOCK,KIRI_2025_20|ASSUMPTION_V1
USR07998,21,20s,GROWTH,TAX_BENEFIT_IDLE,MOCK,KIRI_2025_20|ASSUMPTION_V1
USR07999,22,20s,STABLE_GROWTH,DC_NEGLECT,MOCK,KIRI_2025_20|ASSUMPTION_V1
USR08000,60,50_plus,BALANCED,OVERLAP_RISK,MOCK,KIRI_2025_20|ASSUMPTION_V1
USR08001,37,30s,GROWTH,OVERLAP_RISK,MOCK,KIRI_2025_20|ASSUMPTION_V1
USR08002,35,30s,GROWTH,DC_NEGLECT,MOCK,KIRI_2025_20|ASSUMPTION_V1
USR08003,41,40s,STABLE_GROWTH,TAX_BENEFIT_IDLE,MOCK,KIRI_2025_20|ASSUMPTION_V1
USR08004,34,30s,STABLE_GROWTH,DC_NEGLECT,MOCK,KIRI_2025_20|ASSUMPTION_V1
USR08005,27,20s,BALANCED,DC_NEGLECT,MOCK,KIRI_2025_20|ASSUMPTION_V1
USR08006,29,20s,BALANCED,DC_NEGLECT,MOCK,KIRI_2025_20|ASSUMPTION_V1
USR08007,39,30s,BALANCED,DC_NEGLECT,MOCK,KIRI_2025_20|ASSUMPTION_V1
USR08008,64,50_plus,STABLE_GROWTH,OVERLAP_RISK,MOCK,KIRI_2025_20|ASSUMPTION_V1
USR08009,61,50_plus,CONSERVATIVE,DC_NEGLECT,MOCK,KIRI_2025_20|ASSUMPTION_V1
USR08010,56,50_plus,BALANCED,DC_NEGLECT,MOCK,KIRI_2025_20|ASSUMPTION_V1
USR08011,36,30s,STABLE_GROWTH,DC_NEGLECT,MOCK,KIRI_2025_20|ASSUMPTION_V1
USR08012,41,40s,STABLE_GROWTH,TAX_BENEFIT_IDLE,MOCK,KIRI_2025_20|ASSUMPTION_V1
USR08013,41,40s,CONSERVATIVE,DC_NEGLECT,MOCK,KIRI_2025_20|ASSUMPTION_V1
USR08014,37,30s,STABLE_GROWTH,DC_NEGLECT,MOCK,KIRI_2025_20|ASSUMPTION_V1
USR08015,20,20s,AGGRESSIVE,DC_NEGLECT,MOCK,KIRI_2025_20|ASSUMPTION_V1
USR08016,40,40s,BALANCED,DC_NEGLECT,MOCK,KIRI_2025_20|ASSUMPTION_V1
USR08017,56,50_plus,BALANCED,OVERLAP_RISK,MOCK,KIRI_2025_20|ASSUMPTION_V1
USR08018,30,30s,CONSERVATIVE,DC_NEGLECT,MOCK,KIRI_2025_20|ASSUMPTION_V1
USR08019,48,40s,BALANCED,DC_NEGLECT,MOCK,KIRI_2025_20|ASSUMPTION_V1
USR08020,48,40s,CONSERVATIVE,TAX_BENEFIT_IDLE,MOCK,KIRI_2025_20|ASSUMPTION_V1
USR08021,44,40s,STABLE_GROWTH,DC_NEGLECT,MOCK,KIRI_2025_20|ASSUMPTION_V1
USR08022,41,40s,GROWTH,TAX_BENEFIT_IDLE,MOCK,KIRI_2025_20|ASSUMPTION_V1
USR08023,48,40s,STABLE_GROWTH,DC_NEGLECT,MOCK,KIRI_2025_20|ASSUMPTION_V1
USR08024,20,20s,STABLE_GROWTH,DC_NEGLECT,MOCK,KIRI_2025_20|ASSUMPTION_V1
USR08025,31,30s,AGGRESSIVE,DC_NEGLECT,MOCK,KIRI_2025_20|ASSUMPTION_V1
USR08026,43,40s,GROWTH,DC_NEGLECT,MOCK,KIRI_2025_20|ASSUMPTION_V1
USR08027,38,30s,STABLE_GROWTH,DC_NEGLECT,MOCK,KIRI_2025_20|ASSUMPTION_V1
USR08028,42,40s,GROWTH,TAX_BENEFIT_IDLE,MOCK,KIRI_2025_20|ASSUMPTION_V1
USR08029,37,30s,AGGRESSIVE,TAX_BENEFIT_IDLE,MOCK,KIRI_2025_20|ASSUMPTION_V1
USR08030,42,40s,BALANCED,DC_NEGLECT,MOCK,KIRI_2025_20|ASSUMPTION_V1
USR08031,41,40s,GROWTH,OVERLAP_RISK,MOCK,KIRI_2025_20|ASSUMPTION_V1
USR08032,64,50_plus,BALANCED,TAX_BENEFIT_IDLE,MOCK,KIRI_2025_20|ASSUMPTION_V1
USR08033,36,30s,GROWTH,DC_NEGLECT,MOCK,KIRI_2025_20|ASSUMPTION_V1
USR08034,33,30s,AGGRESSIVE,DC_NEGLECT,MOCK,KIRI_2025_20|ASSUMPTION_V1
USR08035,54,50_plus,STABLE_GROWTH,DC_NEGLECT,MOCK,KIRI_2025_20|ASSUMPTION_V1
USR08036,21,20s,BALANCED,OVERLAP_RISK,MOCK,KIRI_2025_20|ASSUMPTION_V1
USR08037,26,20s,CONSERVATIVE,DC_NEGLECT,MOCK,KIRI_2025_20|ASSUMPTION_V1
USR08038,50,50_plus,CONSERVATIVE,DC_NEGLECT,MOCK,KIRI_2025_20|ASSUMPTION_V1
USR08039,44,40s,STABLE_GROWTH,OVERLAP_RISK,MOCK,KIRI_2025_20|ASSUMPTION_V1
USR08040,48,40s,BALANCED,OVERLAP_RISK,MOCK,KIRI_2025_20|ASSUMPTION_V1
USR08041,40,40s,AGGRESSIVE,TAX_BENEFIT_IDLE,MOCK,KIRI_2025_20|ASSUMPTION_V1
USR08042,38,30s,GROWTH,TAX_BENEFIT_IDLE,MOCK,KIRI_2025_20|ASSUMPTION_V1
USR08043,31,30s,STABLE_GROWTH,DC_NEGLECT,MOCK,KIRI_2025_20|ASSUMPTION_V1
USR08044,58,50_plus,STABLE_GROWTH,TAX_BENEFIT_IDLE,MOCK,KIRI_2025_20|ASSUMPTION_V1
USR08045,38,30s,AGGRESSIVE,TAX_BENEFIT_IDLE,MOCK,KIRI_2025_20|ASSUMPTION_V1
USR08046,32,30s,BALANCED,DC_NEGLECT,MOCK,KIRI_2025_20|ASSUMPTION_V1
USR08047,43,40s,BALANCED,DC_NEGLECT,MOCK,KIRI_2025_20|ASSUMPTION_V1
USR08048,52,50_plus,GROWTH,TAX_BENEFIT_IDLE,MOCK,KIRI_2025_20|ASSUMPTION_V1
USR08049,32,30s,STABLE_GROWTH,OVERLAP_RISK,MOCK,KIRI_2025_20|ASSUMPTION_V1
USR08050,54,50_plus,BALANCED,DC_NEGLECT,MOCK,KIRI_2025_20|ASSUMPTION_V1
USR08051,36,30s,BALANCED,OVERLAP_RISK,MOCK,KIRI_2025_20|ASSUMPTION_V1
USR08052,35,30s,CONSERVATIVE,DC_NEGLECT,MOCK,KIRI_2025_20|ASSUMPTION_V1
USR08053,30,30s,BALANCED,OVERLAP_RISK,MOCK,KIRI_2025_20|ASSUMPTION_V1
USR08054,30,30s,BALANCED,OVERLAP_RISK,MOCK,KIRI_2025_20|ASSUMPTION_V1
USR08055,33,30s,BALANCED,DC_NEGLECT,MOCK,KIRI_2025_20|ASSUMPTION_V1
USR08056,40,40s,BALANCED,DC_NEGLECT,MOCK,KIRI_2025_20|ASSUMPTION_V1
USR08057,44,40s,STABLE_GROWTH,DC_NEGLECT,MOCK,KIRI_2025_20|ASSUMPTION_V1
USR08058,39,30s,CONSERVATIVE,TAX_BENEFIT_IDLE,MOCK,KIRI_2025_20|ASSUMPTION_V1
USR08059,27,20s,BALANCED,OVERLAP_RISK,MOCK,KIRI_2025_20|ASSUMPTION_V1
USR08060,44,40s,BALANCED,OVERLAP_RISK,MOCK,KIRI_2025_20|ASSUMPTION_V1
USR08061,37,30s,AGGRESSIVE,TAX_BENEFIT_IDLE,MOCK,KIRI_2025_20|ASSUMPTION_V1
USR08062,35,30s,GROWTH,DC_NEGLECT,MOCK,KIRI_2025_20|ASSUMPTION_V1
USR08063,46,40s,BALANCED,TAX_BENEFIT_IDLE,MOCK,KIRI_2025_20|ASSUMPTION_V1
USR08064,40,40s,STABLE_GROWTH,DC_NEGLECT,MOCK,KIRI_2025_20|ASSUMPTION_V1
USR08065,53,50_plus,GROWTH,TAX_BENEFIT_IDLE,MOCK,KIRI_2025_20|ASSUMPTION_V1
USR08066,32,30s,BALANCED,DC_NEGLECT,MOCK,KIRI_2025_20|ASSUMPTION_V1
USR08067,59,50_plus,STABLE_GROWTH,DC_NEGLECT,MOCK,KIRI_2025_20|ASSUMPTION_V1
USR08068,42,40s,CONSERVATIVE,OVERLAP_RISK,MOCK,KIRI_2025_20|ASSUMPTION_V1
USR08069,57,50_plus,CONSERVATIVE,OVERLAP_RISK,MOCK,KIRI_2025_20|ASSUMPTION_V1
USR08070,24,20s,AGGRESSIVE,DC_NEGLECT,MOCK,KIRI_2025_20|ASSUMPTION_V1
USR08071,38,30s,STABLE_GROWTH,OVERLAP_RISK,MOCK,KIRI_2025_20|ASSUMPTION_V1
USR08072,31,30s,STABLE_GROWTH,DC_NEGLECT,MOCK,KIRI_2025_20|ASSUMPTION_V1
USR08073,43,40s,BALANCED,TAX_BENEFIT_IDLE,MOCK,KIRI_2025_20|ASSUMPTION_V1
USR08074,47,40s,CONSERVATIVE,DC_NEGLECT,MOCK,KIRI_2025_20|ASSUMPTION_V1
USR08075,40,40s,CONSERVATIVE,OVERLAP_RISK,MOCK,KIRI_2025_20|ASSUMPTION_V1
USR08076,21,20s,GROWTH,OVERLAP_RISK,MOCK,KIRI_2025_20|ASSUMPTION_V1
USR08077,20,20s,GROWTH,OVERLAP_RISK,MOCK,KIRI_2025_20|ASSUMPTION_V1
USR08078,47,40s,STABLE_GROWTH,DC_NEGLECT,MOCK,KIRI_2025_20|ASSUMPTION_V1
USR08079,39,30s,STABLE_GROWTH,DC_NEGLECT,MOCK,KIRI_2025_20|ASSUMPTION_V1
USR08080,50,50_plus,STABLE_GROWTH,TAX_BENEFIT_IDLE,MOCK,KIRI_2025_20|ASSUMPTION_V1
USR08081,60,50_plus,STABLE_GROWTH,TAX_BENEFIT_IDLE,MOCK,KIRI_2025_20|ASSUMPTION_V1
USR08082,25,20s,STABLE_GROWTH,TAX_BENEFIT_IDLE,MOCK,KIRI_2025_20|ASSUMPTION_V1
USR08083,54,50_plus,BALANCED,OVERLAP_RISK,MOCK,KIRI_2025_20|ASSUMPTION_V1
USR08084,51,50_plus,BALANCED,DC_NEGLECT,MOCK,KIRI_2025_20|ASSUMPTION_V1
USR08085,29,20s,GROWTH,TAX_BENEFIT_IDLE,MOCK,KIRI_2025_20|ASSUMPTION_V1
USR08086,39,30s,BALANCED,TAX_BENEFIT_IDLE,MOCK,KIRI_2025_20|ASSUMPTION_V1
USR08087,37,30s,GROWTH,TAX_BENEFIT_IDLE,MOCK,KIRI_2025_20|ASSUMPTION_V1
USR08088,58,50_plus,BALANCED,TAX_BENEFIT_IDLE,MOCK,KIRI_2025_20|ASSUMPTION_V1
USR08089,45,40s,STABLE_GROWTH,OVERLAP_RISK,MOCK,KIRI_2025_20|ASSUMPTION_V1
USR08090,37,30s,STABLE_GROWTH,TAX_BENEFIT_IDLE,MOCK,KIRI_2025_20|ASSUMPTION_V1
USR08091,60,50_plus,CONSERVATIVE,OVERLAP_RISK,MOCK,KIRI_2025_20|ASSUMPTION_V1
USR08092,42,40s,GROWTH,TAX_BENEFIT_IDLE,MOCK,KIRI_2025_20|ASSUMPTION_V1
USR08093,44,40s,STABLE_GROWTH,TAX_BENEFIT_IDLE,MOCK,KIRI_2025_20|ASSUMPTION_V1
USR08094,22,20s,AGGRESSIVE,OVERLAP_RISK,MOCK,KIRI_2025_20|ASSUMPTION_V1
USR08095,25,20s,GROWTH,OVERLAP_RISK,MOCK,KIRI_2025_20|ASSUMPTION_V1
USR08096,41,40s,AGGRESSIVE,TAX_BENEFIT_IDLE,MOCK,KIRI_2025_20|ASSUMPTION_V1
USR08097,48,40s,GROWTH,DC_NEGLECT,MOCK,KIRI_2025_20|ASSUMPTION_V1
USR08098,58,50_plus,CONSERVATIVE,OVERLAP_RISK,MOCK,KIRI_2025_20|ASSUMPTION_V1
USR08099,62,50_plus,CONSERVATIVE,DC_NEGLECT,MOCK,KIRI_2025_20|ASSUMPTION_V1
USR08100,45,40s,BALANCED,DC_NEGLECT,MOCK,KIRI_2025_20|ASSUMPTION_V1
USR08101,45,40s,STABLE_GROWTH,DC_NEGLECT,MOCK,KIRI_2025_20|ASSUMPTION_V1
USR08102,49,40s,STABLE_GROWTH,DC_NEGLECT,MOCK,KIRI_2025_20|ASSUMPTION_V1
USR08103,28,20s,BALANCED,DC_NEGLECT,MOCK,KIRI_2025_20|ASSUMPTION_V1
USR08104,39,30s,AGGRESSIVE,DC_NEGLECT,MOCK,KIRI_2025_20|ASSUMPTION_V1
USR08105,47,40s,STABLE_GROWTH,TAX_BENEFIT_IDLE,MOCK,KIRI_2025_20|ASSUMPTION_V1
USR08106,39,30s,STABLE_GROWTH,DC_NEGLECT,MOCK,KIRI_2025_20|ASSUMPTION_V1
USR08107,48,40s,STABLE_GROWTH,TAX_BENEFIT_IDLE,MOCK,KIRI_2025_20|ASSUMPTION_V1
USR08108,36,30s,BALANCED,OVERLAP_RISK,MOCK,KIRI_2025_20|ASSUMPTION_V1
USR08109,33,30s,GROWTH,DC_NEGLECT,MOCK,KIRI_2025_20|ASSUMPTION_V1
USR08110,42,40s,AGGRESSIVE,OVERLAP_RISK,MOCK,KIRI_2025_20|ASSUMPTION_V1
USR08111,42,40s,STABLE_GROWTH,DC_NEGLECT,MOCK,KIRI_2025_20|ASSUMPTION_V1
USR08112,44,40s,CONSERVATIVE,TAX_BENEFIT_IDLE,MOCK,KIRI_2025_20|ASSUMPTION_V1
USR08113,35,30s,BALANCED,OVERLAP_RISK,MOCK,KIRI_2025_20|ASSUMPTION_V1
USR08114,64,50_plus,CONSERVATIVE,OVERLAP_RISK,MOCK,KIRI_2025_20|ASSUMPTION_V1
USR08115,49,40s,CONSERVATIVE,TAX_BENEFIT_IDLE,MOCK,KIRI_2025_20|ASSUMPTION_V1
USR08116,42,40s,BALANCED,DC_NEGLECT,MOCK,KIRI_2025_20|ASSUMPTION_V1
USR08117,32,30s,CONSERVATIVE,OVERLAP_RISK,MOCK,KIRI_2025_20|ASSUMPTION_V1
USR08118,30,30s,GROWTH,DC_NEGLECT,MOCK,KIRI_2025_20|ASSUMPTION_V1
USR08119,41,40s,STABLE_GROWTH,DC_NEGLECT,MOCK,KIRI_2025_20|ASSUMPTION_V1
USR08120,37,30s,STABLE_GROWTH,DC_NEGLECT,MOCK,KIRI_2025_20|ASSUMPTION_V1
USR08121,54,50_plus,STABLE_GROWTH,DC_NEGLECT,MOCK,KIRI_2025_20|ASSUMPTION_V1
USR08122,62,50_plus,CONSERVATIVE,DC_NEGLECT,MOCK,KIRI_2025_20|ASSUMPTION_V1
USR08123,34,30s,CONSERVATIVE,OVERLAP_RISK,MOCK,KIRI_2025_20|ASSUMPTION_V1
USR08124,40,40s,BALANCED,DC_NEGLECT,MOCK,KIRI_2025_20|ASSUMPTION_V1
USR08125,49,40s,STABLE_GROWTH,OVERLAP_RISK,MOCK,KIRI_2025_20|ASSUMPTION_V1
USR08126,22,20s,STABLE_GROWTH,DC_NEGLECT,MOCK,KIRI_2025_20|ASSUMPTION_V1
USR08127,41,40s,GROWTH,DC_NEGLECT,MOCK,KIRI_2025_20|ASSUMPTION_V1
USR08128,62,50_plus,GROWTH,OVERLAP_RISK,MOCK,KIRI_2025_20|ASSUMPTION_V1
USR08129,40,40s,STABLE_GROWTH,TAX_BENEFIT_IDLE,MOCK,KIRI_2025_20|ASSUMPTION_V1
USR08130,47,40s,BALANCED,DC_NEGLECT,MOCK,KIRI_2025_20|ASSUMPTION_V1
USR08131,48,40s,CONSERVATIVE,TAX_BENEFIT_IDLE,MOCK,KIRI_2025_20|ASSUMPTION_V1
USR08132,53,50_plus,BALANCED,OVERLAP_RISK,MOCK,KIRI_2025_20|ASSUMPTION_V1
USR08133,41,40s,STABLE_GROWTH,DC_NEGLECT,MOCK,KIRI_2025_20|ASSUMPTION_V1
USR08134,58,50_plus,CONSERVATIVE,DC_NEGLECT,MOCK,KIRI_2025_20|ASSUMPTION_V1
USR08135,31,30s,STABLE_GROWTH,OVERLAP_RISK,MOCK,KIRI_2025_20|ASSUMPTION_V1
USR08136,37,30s,STABLE_GROWTH,TAX_BENEFIT_IDLE,MOCK,KIRI_2025_20|ASSUMPTION_V1
USR08137,58,50_plus,CONSERVATIVE,TAX_BENEFIT_IDLE,MOCK,KIRI_2025_20|ASSUMPTION_V1
USR08138,42,40s,STABLE_GROWTH,TAX_BENEFIT_IDLE,MOCK,KIRI_2025_20|ASSUMPTION_V1
USR08139,27,20s,STABLE_GROWTH,TAX_BENEFIT_IDLE,MOCK,KIRI_2025_20|ASSUMPTION_V1
USR08140,30,30s,BALANCED,OVERLAP_RISK,MOCK,KIRI_2025_20|ASSUMPTION_V1
USR08141,24,20s,AGGRESSIVE,DC_NEGLECT,MOCK,KIRI_2025_20|ASSUMPTION_V1
USR08142,38,30s,STABLE_GROWTH,OVERLAP_RISK,MOCK,KIRI_2025_20|ASSUMPTION_V1
USR08143,47,40s,AGGRESSIVE,DC_NEGLECT,MOCK,KIRI_2025_20|ASSUMPTION_V1
USR08144,42,40s,BALANCED,DC_NEGLECT,MOCK,KIRI_2025_20|ASSUMPTION_V1
USR08145,31,30s,BALANCED,DC_NEGLECT,MOCK,KIRI_2025_20|ASSUMPTION_V1
USR08146,30,30s,GROWTH,DC_NEGLECT,MOCK,KIRI_2025_20|ASSUMPTION_V1
USR08147,46,40s,CONSERVATIVE,DC_NEGLECT,MOCK,KIRI_2025_20|ASSUMPTION_V1
USR08148,58,50_plus,BALANCED,OVERLAP_RISK,MOCK,KIRI_2025_20|ASSUMPTION_V1
USR08149,44,40s,STABLE_GROWTH,OVERLAP_RISK,MOCK,KIRI_2025_20|ASSUMPTION_V1
USR08150,36,30s,STABLE_GROWTH,DC_NEGLECT,MOCK,KIRI_2025_20|ASSUMPTION_V1
USR08151,36,30s,BALANCED,OVERLAP_RISK,MOCK,KIRI_2025_20|ASSUMPTION_V1
USR08152,47,40s,STABLE_GROWTH,TAX_BENEFIT_IDLE,MOCK,KIRI_2025_20|ASSUMPTION_V1
USR08153,33,30s,GROWTH,DC_NEGLECT,MOCK,KIRI_2025_20|ASSUMPTION_V1
USR08154,38,30s,STABLE_GROWTH,DC_NEGLECT,MOCK,KIRI_2025_20|ASSUMPTION_V1
USR08155,48,40s,STABLE_GROWTH,TAX_BENEFIT_IDLE,MOCK,KIRI_2025_20|ASSUMPTION_V1
USR08156,38,30s,STABLE_GROWTH,OVERLAP_RISK,MOCK,KIRI_2025_20|ASSUMPTION_V1
USR08157,44,40s,STABLE_GROWTH,DC_NEGLECT,MOCK,KIRI_2025_20|ASSUMPTION_V1
USR08158,35,30s,CONSERVATIVE,TAX_BENEFIT_IDLE,MOCK,KIRI_2025_20|ASSUMPTION_V1
USR08159,54,50_plus,CONSERVATIVE,DC_NEGLECT,MOCK,KIRI_2025_20|ASSUMPTION_V1
USR08160,21,20s,GROWTH,OVERLAP_RISK,MOCK,KIRI_2025_20|ASSUMPTION_V1
USR08161,50,50_plus,STABLE_GROWTH,TAX_BENEFIT_IDLE,MOCK,KIRI_2025_20|ASSUMPTION_V1
USR08162,36,30s,BALANCED,DC_NEGLECT,MOCK,KIRI_2025_20|ASSUMPTION_V1
USR08163,45,40s,GROWTH,TAX_BENEFIT_IDLE,MOCK,KIRI_2025_20|ASSUMPTION_V1
USR08164,21,20s,GROWTH,TAX_BENEFIT_IDLE,MOCK,KIRI_2025_20|ASSUMPTION_V1
USR08165,27,20s,AGGRESSIVE,OVERLAP_RISK,MOCK,KIRI_2025_20|ASSUMPTION_V1
USR08166,22,20s,STABLE_GROWTH,DC_NEGLECT,MOCK,KIRI_2025_20|ASSUMPTION_V1
USR08167,38,30s,BALANCED,DC_NEGLECT,MOCK,KIRI_2025_20|ASSUMPTION_V1
USR08168,30,30s,GROWTH,TAX_BENEFIT_IDLE,MOCK,KIRI_2025_20|ASSUMPTION_V1
USR08169,24,20s,STABLE_GROWTH,TAX_BENEFIT_IDLE,MOCK,KIRI_2025_20|ASSUMPTION_V1
USR08170,49,40s,BALANCED,TAX_BENEFIT_IDLE,MOCK,KIRI_2025_20|ASSUMPTION_V1
USR08171,24,20s,BALANCED,TAX_BENEFIT_IDLE,MOCK,KIRI_2025_20|ASSUMPTION_V1
USR08172,40,40s,CONSERVATIVE,TAX_BENEFIT_IDLE,MOCK,KIRI_2025_20|ASSUMPTION_V1
USR08173,29,20s,GROWTH,TAX_BENEFIT_IDLE,MOCK,KIRI_2025_20|ASSUMPTION_V1
USR08174,64,50_plus,CONSERVATIVE,OVERLAP_RISK,MOCK,KIRI_2025_20|ASSUMPTION_V1
USR08175,47,40s,CONSERVATIVE,TAX_BENEFIT_IDLE,MOCK,KIRI_2025_20|ASSUMPTION_V1
USR08176,45,40s,STABLE_GROWTH,TAX_BENEFIT_IDLE,MOCK,KIRI_2025_20|ASSUMPTION_V1
USR08177,48,40s,BALANCED,DC_NEGLECT,MOCK,KIRI_2025_20|ASSUMPTION_V1
USR08178,49,40s,GROWTH,DC_NEGLECT,MOCK,KIRI_2025_20|ASSUMPTION_V1
USR08179,30,30s,BALANCED,TAX_BENEFIT_IDLE,MOCK,KIRI_2025_20|ASSUMPTION_V1
USR08180,53,50_plus,BALANCED,TAX_BENEFIT_IDLE,MOCK,KIRI_2025_20|ASSUMPTION_V1
USR08181,63,50_plus,BALANCED,TAX_BENEFIT_IDLE,MOCK,KIRI_2025_20|ASSUMPTION_V1
USR08182,35,30s,AGGRESSIVE,DC_NEGLECT,MOCK,KIRI_2025_20|ASSUMPTION_V1
USR08183,34,30s,CONSERVATIVE,OVERLAP_RISK,MOCK,KIRI_2025_20|ASSUMPTION_V1
USR08184,27,20s,CONSERVATIVE,TAX_BENEFIT_IDLE,MOCK,KIRI_2025_20|ASSUMPTION_V1
USR08185,58,50_plus,STABLE_GROWTH,DC_NEGLECT,MOCK,KIRI_2025_20|ASSUMPTION_V1
USR08186,48,40s,STABLE_GROWTH,OVERLAP_RISK,MOCK,KIRI_2025_20|ASSUMPTION_V1
USR08187,45,40s,BALANCED,TAX_BENEFIT_IDLE,MOCK,KIRI_2025_20|ASSUMPTION_V1
USR08188,64,50_plus,CONSERVATIVE,DC_NEGLECT,MOCK,KIRI_2025_20|ASSUMPTION_V1
USR08189,23,20s,BALANCED,OVERLAP_RISK,MOCK,KIRI_2025_20|ASSUMPTION_V1
USR08190,26,20s,BALANCED,TAX_BENEFIT_IDLE,MOCK,KIRI_2025_20|ASSUMPTION_V1
USR08191,26,20s,STABLE_GROWTH,OVERLAP_RISK,MOCK,KIRI_2025_20|ASSUMPTION_V1
USR08192,45,40s,GROWTH,TAX_BENEFIT_IDLE,MOCK,KIRI_2025_20|ASSUMPTION_V1
USR08193,22,20s,BALANCED,OVERLAP_RISK,MOCK,KIRI_2025_20|ASSUMPTION_V1
USR08194,42,40s,STABLE_GROWTH,TAX_BENEFIT_IDLE,MOCK,KIRI_2025_20|ASSUMPTION_V1
USR08195,59,50_plus,STABLE_GROWTH,DC_NEGLECT,MOCK,KIRI_2025_20|ASSUMPTION_V1
USR08196,52,50_plus,GROWTH,OVERLAP_RISK,MOCK,KIRI_2025_20|ASSUMPTION_V1
USR08197,60,50_plus,STABLE_GROWTH,DC_NEGLECT,MOCK,KIRI_2025_20|ASSUMPTION_V1
USR08198,47,40s,STABLE_GROWTH,OVERLAP_RISK,MOCK,KIRI_2025_20|ASSUMPTION_V1
USR08199,42,40s,BALANCED,TAX_BENEFIT_IDLE,MOCK,KIRI_2025_20|ASSUMPTION_V1
USR08200,57,50_plus,STABLE_GROWTH,TAX_BENEFIT_IDLE,MOCK,KIRI_2025_20|ASSUMPTION_V1
USR08201,55,50_plus,CONSERVATIVE,DC_NEGLECT,MOCK,KIRI_2025_20|ASSUMPTION_V1
USR08202,57,50_plus,BALANCED,TAX_BENEFIT_IDLE,MOCK,KIRI_2025_20|ASSUMPTION_V1
USR08203,26,20s,BALANCED,TAX_BENEFIT_IDLE,MOCK,KIRI_2025_20|ASSUMPTION_V1
USR08204,30,30s,BALANCED,DC_NEGLECT,MOCK,KIRI_2025_20|ASSUMPTION_V1
USR08205,42,40s,AGGRESSIVE,TAX_BENEFIT_IDLE,MOCK,KIRI_2025_20|ASSUMPTION_V1
USR08206,43,40s,BALANCED,TAX_BENEFIT_IDLE,MOCK,KIRI_2025_20|ASSUMPTION_V1
USR08207,55,50_plus,STABLE_GROWTH,OVERLAP_RISK,MOCK,KIRI_2025_20|ASSUMPTION_V1
USR08208,31,30s,BALANCED,DC_NEGLECT,MOCK,KIRI_2025_20|ASSUMPTION_V1
USR08209,55,50_plus,CONSERVATIVE,TAX_BENEFIT_IDLE,MOCK,KIRI_2025_20|ASSUMPTION_V1
USR08210,51,50_plus,STABLE_GROWTH,DC_NEGLECT,MOCK,KIRI_2025_20|ASSUMPTION_V1
USR08211,42,40s,AGGRESSIVE,DC_NEGLECT,MOCK,KIRI_2025_20|ASSUMPTION_V1
USR08212,41,40s,GROWTH,DC_NEGLECT,MOCK,KIRI_2025_20|ASSUMPTION_V1
USR08213,64,50_plus,CONSERVATIVE,DC_NEGLECT,MOCK,KIRI_2025_20|ASSUMPTION_V1
USR08214,49,40s,AGGRESSIVE,DC_NEGLECT,MOCK,KIRI_2025_20|ASSUMPTION_V1
USR08215,30,30s,GROWTH,TAX_BENEFIT_IDLE,MOCK,KIRI_2025_20|ASSUMPTION_V1
USR08216,50,50_plus,GROWTH,TAX_BENEFIT_IDLE,MOCK,KIRI_2025_20|ASSUMPTION_V1
USR08217,57,50_plus,CONSERVATIVE,DC_NEGLECT,MOCK,KIRI_2025_20|ASSUMPTION_V1
USR08218,41,40s,STABLE_GROWTH,DC_NEGLECT,MOCK,KIRI_2025_20|ASSUMPTION_V1
USR08219,43,40s,STABLE_GROWTH,DC_NEGLECT,MOCK,KIRI_2025_20|ASSUMPTION_V1
USR08220,31,30s,BALANCED,TAX_BENEFIT_IDLE,MOCK,KIRI_2025_20|ASSUMPTION_V1
USR08221,31,30s,CONSERVATIVE,OVERLAP_RISK,MOCK,KIRI_2025_20|ASSUMPTION_V1
USR08222,25,20s,CONSERVATIVE,TAX_BENEFIT_IDLE,MOCK,KIRI_2025_20|ASSUMPTION_V1
USR08223,33,30s,AGGRESSIVE,TAX_BENEFIT_IDLE,MOCK,KIRI_2025_20|ASSUMPTION_V1
USR08224,38,30s,BALANCED,TAX_BENEFIT_IDLE,MOCK,KIRI_2025_20|ASSUMPTION_V1
USR08225,62,50_plus,BALANCED,TAX_BENEFIT_IDLE,MOCK,KIRI_2025_20|ASSUMPTION_V1
USR08226,35,30s,BALANCED,DC_NEGLECT,MOCK,KIRI_2025_20|ASSUMPTION_V1
USR08227,41,40s,BALANCED,OVERLAP_RISK,MOCK,KIRI_2025_20|ASSUMPTION_V1
USR08228,22,20s,BALANCED,TAX_BENEFIT_IDLE,MOCK,KIRI_2025_20|ASSUMPTION_V1
USR08229,40,40s,AGGRESSIVE,TAX_BENEFIT_IDLE,MOCK,KIRI_2025_20|ASSUMPTION_V1
USR08230,39,30s,STABLE_GROWTH,OVERLAP_RISK,MOCK,KIRI_2025_20|ASSUMPTION_V1
USR08231,30,30s,STABLE_GROWTH,DC_NEGLECT,MOCK,KIRI_2025_20|ASSUMPTION_V1
USR08232,34,30s,GROWTH,DC_NEGLECT,MOCK,KIRI_2025_20|ASSUMPTION_V1
USR08233,57,50_plus,STABLE_GROWTH,OVERLAP_RISK,MOCK,KIRI_2025_20|ASSUMPTION_V1
USR08234,59,50_plus,STABLE_GROWTH,DC_NEGLECT,MOCK,KIRI_2025_20|ASSUMPTION_V1
USR08235,48,40s,BALANCED,TAX_BENEFIT_IDLE,MOCK,KIRI_2025_20|ASSUMPTION_V1
USR08236,55,50_plus,CONSERVATIVE,DC_NEGLECT,MOCK,KIRI_2025_20|ASSUMPTION_V1
USR08237,29,20s,CONSERVATIVE,TAX_BENEFIT_IDLE,MOCK,KIRI_2025_20|ASSUMPTION_V1
USR08238,45,40s,CONSERVATIVE,DC_NEGLECT,MOCK,KIRI_2025_20|ASSUMPTION_V1
USR08239,27,20s,BALANCED,TAX_BENEFIT_IDLE,MOCK,KIRI_2025_20|ASSUMPTION_V1
USR08240,48,40s,GROWTH,DC_NEGLECT,MOCK,KIRI_2025_20|ASSUMPTION_V1
USR08241,57,50_plus,CONSERVATIVE,TAX_BENEFIT_IDLE,MOCK,KIRI_2025_20|ASSUMPTION_V1
USR08242,47,40s,STABLE_GROWTH,DC_NEGLECT,MOCK,KIRI_2025_20|ASSUMPTION_V1
USR08243,55,50_plus,GROWTH,OVERLAP_RISK,MOCK,KIRI_2025_20|ASSUMPTION_V1
USR08244,20,20s,AGGRESSIVE,DC_NEGLECT,MOCK,KIRI_2025_20|ASSUMPTION_V1
USR08245,40,40s,STABLE_GROWTH,TAX_BENEFIT_IDLE,MOCK,KIRI_2025_20|ASSUMPTION_V1
USR08246,63,50_plus,CONSERVATIVE,TAX_BENEFIT_IDLE,MOCK,KIRI_2025_20|ASSUMPTION_V1
USR08247,44,40s,GROWTH,DC_NEGLECT,MOCK,KIRI_2025_20|ASSUMPTION_V1
USR08248,26,20s,STABLE_GROWTH,TAX_BENEFIT_IDLE,MOCK,KIRI_2025_20|ASSUMPTION_V1
USR08249,31,30s,STABLE_GROWTH,DC_NEGLECT,MOCK,KIRI_2025_20|ASSUMPTION_V1
USR08250,34,30s,GROWTH,TAX_BENEFIT_IDLE,MOCK,KIRI_2025_20|ASSUMPTION_V1
USR08251,47,40s,CONSERVATIVE,DC_NEGLECT,MOCK,KIRI_2025_20|ASSUMPTION_V1
USR08252,48,40s,BALANCED,DC_NEGLECT,MOCK,KIRI_2025_20|ASSUMPTION_V1
USR08253,61,50_plus,STABLE_GROWTH,OVERLAP_RISK,MOCK,KIRI_2025_20|ASSUMPTION_V1
USR08254,37,30s,AGGRESSIVE,DC_NEGLECT,MOCK,KIRI_2025_20|ASSUMPTION_V1
USR08255,49,40s,CONSERVATIVE,OVERLAP_RISK,MOCK,KIRI_2025_20|ASSUMPTION_V1
USR08256,32,30s,CONSERVATIVE,OVERLAP_RISK,MOCK,KIRI_2025_20|ASSUMPTION_V1
USR08257,49,40s,STABLE_GROWTH,OVERLAP_RISK,MOCK,KIRI_2025_20|ASSUMPTION_V1
USR08258,46,40s,CONSERVATIVE,TAX_BENEFIT_IDLE,MOCK,KIRI_2025_20|ASSUMPTION_V1
USR08259,41,40s,BALANCED,OVERLAP_RISK,MOCK,KIRI_2025_20|ASSUMPTION_V1
USR08260,26,20s,CONSERVATIVE,TAX_BENEFIT_IDLE,MOCK,KIRI_2025_20|ASSUMPTION_V1
USR08261,53,50_plus,STABLE_GROWTH,OVERLAP_RISK,MOCK,KIRI_2025_20|ASSUMPTION_V1
USR08262,63,50_plus,AGGRESSIVE,DC_NEGLECT,MOCK,KIRI_2025_20|ASSUMPTION_V1
USR08263,42,40s,STABLE_GROWTH,OVERLAP_RISK,MOCK,KIRI_2025_20|ASSUMPTION_V1
USR08264,38,30s,BALANCED,TAX_BENEFIT_IDLE,MOCK,KIRI_2025_20|ASSUMPTION_V1
USR08265,37,30s,BALANCED,TAX_BENEFIT_IDLE,MOCK,KIRI_2025_20|ASSUMPTION_V1
USR08266,35,30s,AGGRESSIVE,DC_NEGLECT,MOCK,KIRI_2025_20|ASSUMPTION_V1
USR08267,55,50_plus,STABLE_GROWTH,OVERLAP_RISK,MOCK,KIRI_2025_20|ASSUMPTION_V1
USR08268,28,20s,GROWTH,TAX_BENEFIT_IDLE,MOCK,KIRI_2025_20|ASSUMPTION_V1
USR08269,27,20s,AGGRESSIVE,OVERLAP_RISK,MOCK,KIRI_2025_20|ASSUMPTION_V1
USR08270,52,50_plus,AGGRESSIVE,TAX_BENEFIT_IDLE,MOCK,KIRI_2025_20|ASSUMPTION_V1
USR08271,60,50_plus,GROWTH,TAX_BENEFIT_IDLE,MOCK,KIRI_2025_20|ASSUMPTION_V1
USR08272,30,30s,GROWTH,DC_NEGLECT,MOCK,KIRI_2025_20|ASSUMPTION_V1
USR08273,30,30s,BALANCED,OVERLAP_RISK,MOCK,KIRI_2025_20|ASSUMPTION_V1
USR08274,53,50_plus,BALANCED,DC_NEGLECT,MOCK,KIRI_2025_20|ASSUMPTION_V1
USR08275,60,50_plus,GROWTH,OVERLAP_RISK,MOCK,KIRI_2025_20|ASSUMPTION_V1
USR08276,52,50_plus,CONSERVATIVE,DC_NEGLECT,MOCK,KIRI_2025_20|ASSUMPTION_V1
USR08277,58,50_plus,STABLE_GROWTH,OVERLAP_RISK,MOCK,KIRI_2025_20|ASSUMPTION_V1
USR08278,27,20s,BALANCED,DC_NEGLECT,MOCK,KIRI_2025_20|ASSUMPTION_V1
USR08279,36,30s,GROWTH,DC_NEGLECT,MOCK,KIRI_2025_20|ASSUMPTION_V1
USR08280,49,40s,STABLE_GROWTH,DC_NEGLECT,MOCK,KIRI_2025_20|ASSUMPTION_V1
USR08281,37,30s,CONSERVATIVE,DC_NEGLECT,MOCK,KIRI_2025_20|ASSUMPTION_V1
USR08282,32,30s,STABLE_GROWTH,DC_NEGLECT,MOCK,KIRI_2025_20|ASSUMPTION_V1
USR08283,46,40s,STABLE_GROWTH,OVERLAP_RISK,MOCK,KIRI_2025_20|ASSUMPTION_V1
USR08284,24,20s,BALANCED,DC_NEGLECT,MOCK,KIRI_2025_20|ASSUMPTION_V1
USR08285,29,20s,CONSERVATIVE,TAX_BENEFIT_IDLE,MOCK,KIRI_2025_20|ASSUMPTION_V1
USR08286,37,30s,GROWTH,DC_NEGLECT,MOCK,KIRI_2025_20|ASSUMPTION_V1
USR08287,50,50_plus,STABLE_GROWTH,TAX_BENEFIT_IDLE,MOCK,KIRI_2025_20|ASSUMPTION_V1
USR08288,28,20s,BALANCED,OVERLAP_RISK,MOCK,KIRI_2025_20|ASSUMPTION_V1
USR08289,31,30s,BALANCED,DC_NEGLECT,MOCK,KIRI_2025_20|ASSUMPTION_V1
USR08290,37,30s,CONSERVATIVE,DC_NEGLECT,MOCK,KIRI_2025_20|ASSUMPTION_V1
USR08291,52,50_plus,STABLE_GROWTH,TAX_BENEFIT_IDLE,MOCK,KIRI_2025_20|ASSUMPTION_V1
USR08292,49,40s,STABLE_GROWTH,DC_NEGLECT,MOCK,KIRI_2025_20|ASSUMPTION_V1
USR08293,43,40s,STABLE_GROWTH,TAX_BENEFIT_IDLE,MOCK,KIRI_2025_20|ASSUMPTION_V1
USR08294,38,30s,GROWTH,DC_NEGLECT,MOCK,KIRI_2025_20|ASSUMPTION_V1
USR08295,27,20s,STABLE_GROWTH,DC_NEGLECT,MOCK,KIRI_2025_20|ASSUMPTION_V1
USR08296,41,40s,BALANCED,OVERLAP_RISK,MOCK,KIRI_2025_20|ASSUMPTION_V1
USR08297,35,30s,BALANCED,DC_NEGLECT,MOCK,KIRI_2025_20|ASSUMPTION_V1
USR08298,41,40s,GROWTH,TAX_BENEFIT_IDLE,MOCK,KIRI_2025_20|ASSUMPTION_V1
USR08299,48,40s,BALANCED,TAX_BENEFIT_IDLE,MOCK,KIRI_2025_20|ASSUMPTION_V1
USR08300,47,40s,AGGRESSIVE,DC_NEGLECT,MOCK,KIRI_2025_20|ASSUMPTION_V1
USR08301,32,30s,STABLE_GROWTH,OVERLAP_RISK,MOCK,KIRI_2025_20|ASSUMPTION_V1
USR08302,43,40s,CONSERVATIVE,DC_NEGLECT,MOCK,KIRI_2025_20|ASSUMPTION_V1
USR08303,37,30s,BALANCED,OVERLAP_RISK,MOCK,KIRI_2025_20|ASSUMPTION_V1
USR08304,35,30s,CONSERVATIVE,DC_NEGLECT,MOCK,KIRI_2025_20|ASSUMPTION_V1
USR08305,43,40s,BALANCED,DC_NEGLECT,MOCK,KIRI_2025_20|ASSUMPTION_V1
USR08306,54,50_plus,STABLE_GROWTH,TAX_BENEFIT_IDLE,MOCK,KIRI_2025_20|ASSUMPTION_V1
USR08307,21,20s,AGGRESSIVE,OVERLAP_RISK,MOCK,KIRI_2025_20|ASSUMPTION_V1
USR08308,44,40s,GROWTH,DC_NEGLECT,MOCK,KIRI_2025_20|ASSUMPTION_V1
USR08309,62,50_plus,BALANCED,DC_NEGLECT,MOCK,KIRI_2025_20|ASSUMPTION_V1
USR08310,58,50_plus,STABLE_GROWTH,TAX_BENEFIT_IDLE,MOCK,KIRI_2025_20|ASSUMPTION_V1
USR08311,40,40s,GROWTH,DC_NEGLECT,MOCK,KIRI_2025_20|ASSUMPTION_V1
USR08312,60,50_plus,CONSERVATIVE,TAX_BENEFIT_IDLE,MOCK,KIRI_2025_20|ASSUMPTION_V1
USR08313,46,40s,CONSERVATIVE,DC_NEGLECT,MOCK,KIRI_2025_20|ASSUMPTION_V1
USR08314,43,40s,BALANCED,DC_NEGLECT,MOCK,KIRI_2025_20|ASSUMPTION_V1
USR08315,37,30s,GROWTH,OVERLAP_RISK,MOCK,KIRI_2025_20|ASSUMPTION_V1
USR08316,59,50_plus,AGGRESSIVE,TAX_BENEFIT_IDLE,MOCK,KIRI_2025_20|ASSUMPTION_V1
USR08317,47,40s,BALANCED,DC_NEGLECT,MOCK,KIRI_2025_20|ASSUMPTION_V1
USR08318,57,50_plus,CONSERVATIVE,OVERLAP_RISK,MOCK,KIRI_2025_20|ASSUMPTION_V1
USR08319,57,50_plus,BALANCED,TAX_BENEFIT_IDLE,MOCK,KIRI_2025_20|ASSUMPTION_V1
USR08320,41,40s,STABLE_GROWTH,TAX_BENEFIT_IDLE,MOCK,KIRI_2025_20|ASSUMPTION_V1
USR08321,31,30s,STABLE_GROWTH,OVERLAP_RISK,MOCK,KIRI_2025_20|ASSUMPTION_V1
USR08322,56,50_plus,CONSERVATIVE,OVERLAP_RISK,MOCK,KIRI_2025_20|ASSUMPTION_V1
USR08323,33,30s,STABLE_GROWTH,OVERLAP_RISK,MOCK,KIRI_2025_20|ASSUMPTION_V1
USR08324,53,50_plus,STABLE_GROWTH,DC_NEGLECT,MOCK,KIRI_2025_20|ASSUMPTION_V1
USR08325,29,20s,AGGRESSIVE,DC_NEGLECT,MOCK,KIRI_2025_20|ASSUMPTION_V1
USR08326,34,30s,STABLE_GROWTH,OVERLAP_RISK,MOCK,KIRI_2025_20|ASSUMPTION_V1
USR08327,45,40s,BALANCED,DC_NEGLECT,MOCK,KIRI_2025_20|ASSUMPTION_V1
USR08328,64,50_plus,STABLE_GROWTH,OVERLAP_RISK,MOCK,KIRI_2025_20|ASSUMPTION_V1
USR08329,38,30s,STABLE_GROWTH,TAX_BENEFIT_IDLE,MOCK,KIRI_2025_20|ASSUMPTION_V1
USR08330,60,50_plus,BALANCED,DC_NEGLECT,MOCK,KIRI_2025_20|ASSUMPTION_V1
USR08331,36,30s,GROWTH,OVERLAP_RISK,MOCK,KIRI_2025_20|ASSUMPTION_V1
USR08332,31,30s,GROWTH,TAX_BENEFIT_IDLE,MOCK,KIRI_2025_20|ASSUMPTION_V1
USR08333,22,20s,GROWTH,TAX_BENEFIT_IDLE,MOCK,KIRI_2025_20|ASSUMPTION_V1
USR08334,45,40s,CONSERVATIVE,OVERLAP_RISK,MOCK,KIRI_2025_20|ASSUMPTION_V1
USR08335,44,40s,GROWTH,TAX_BENEFIT_IDLE,MOCK,KIRI_2025_20|ASSUMPTION_V1
USR08336,20,20s,GROWTH,OVERLAP_RISK,MOCK,KIRI_2025_20|ASSUMPTION_V1
USR08337,31,30s,AGGRESSIVE,TAX_BENEFIT_IDLE,MOCK,KIRI_2025_20|ASSUMPTION_V1
USR08338,28,20s,GROWTH,TAX_BENEFIT_IDLE,MOCK,KIRI_2025_20|ASSUMPTION_V1
USR08339,30,30s,STABLE_GROWTH,DC_NEGLECT,MOCK,KIRI_2025_20|ASSUMPTION_V1
USR08340,35,30s,STABLE_GROWTH,TAX_BENEFIT_IDLE,MOCK,KIRI_2025_20|ASSUMPTION_V1
USR08341,55,50_plus,STABLE_GROWTH,OVERLAP_RISK,MOCK,KIRI_2025_20|ASSUMPTION_V1
USR08342,46,40s,STABLE_GROWTH,DC_NEGLECT,MOCK,KIRI_2025_20|ASSUMPTION_V1
USR08343,35,30s,BALANCED,DC_NEGLECT,MOCK,KIRI_2025_20|ASSUMPTION_V1
USR08344,61,50_plus,STABLE_GROWTH,OVERLAP_RISK,MOCK,KIRI_2025_20|ASSUMPTION_V1
USR08345,41,40s,BALANCED,OVERLAP_RISK,MOCK,KIRI_2025_20|ASSUMPTION_V1
USR08346,55,50_plus,GROWTH,OVERLAP_RISK,MOCK,KIRI_2025_20|ASSUMPTION_V1
USR08347,39,30s,BALANCED,DC_NEGLECT,MOCK,KIRI_2025_20|ASSUMPTION_V1
USR08348,61,50_plus,BALANCED,OVERLAP_RISK,MOCK,KIRI_2025_20|ASSUMPTION_V1
USR08349,39,30s,BALANCED,OVERLAP_RISK,MOCK,KIRI_2025_20|ASSUMPTION_V1
USR08350,34,30s,STABLE_GROWTH,DC_NEGLECT,MOCK,KIRI_2025_20|ASSUMPTION_V1
USR08351,43,40s,STABLE_GROWTH,TAX_BENEFIT_IDLE,MOCK,KIRI_2025_20|ASSUMPTION_V1
USR08352,21,20s,GROWTH,DC_NEGLECT,MOCK,KIRI_2025_20|ASSUMPTION_V1
USR08353,37,30s,STABLE_GROWTH,DC_NEGLECT,MOCK,KIRI_2025_20|ASSUMPTION_V1
USR08354,38,30s,BALANCED,OVERLAP_RISK,MOCK,KIRI_2025_20|ASSUMPTION_V1
USR08355,49,40s,CONSERVATIVE,TAX_BENEFIT_IDLE,MOCK,KIRI_2025_20|ASSUMPTION_V1
USR08356,43,40s,AGGRESSIVE,TAX_BENEFIT_IDLE,MOCK,KIRI_2025_20|ASSUMPTION_V1
USR08357,46,40s,BALANCED,OVERLAP_RISK,MOCK,KIRI_2025_20|ASSUMPTION_V1
USR08358,57,50_plus,STABLE_GROWTH,DC_NEGLECT,MOCK,KIRI_2025_20|ASSUMPTION_V1
USR08359,30,30s,STABLE_GROWTH,DC_NEGLECT,MOCK,KIRI_2025_20|ASSUMPTION_V1
USR08360,34,30s,GROWTH,OVERLAP_RISK,MOCK,KIRI_2025_20|ASSUMPTION_V1
USR08361,47,40s,BALANCED,TAX_BENEFIT_IDLE,MOCK,KIRI_2025_20|ASSUMPTION_V1
USR08362,62,50_plus,STABLE_GROWTH,TAX_BENEFIT_IDLE,MOCK,KIRI_2025_20|ASSUMPTION_V1
USR08363,39,30s,GROWTH,OVERLAP_RISK,MOCK,KIRI_2025_20|ASSUMPTION_V1
USR08364,47,40s,CONSERVATIVE,DC_NEGLECT,MOCK,KIRI_2025_20|ASSUMPTION_V1
USR08365,43,40s,GROWTH,OVERLAP_RISK,MOCK,KIRI_2025_20|ASSUMPTION_V1
USR08366,58,50_plus,STABLE_GROWTH,DC_NEGLECT,MOCK,KIRI_2025_20|ASSUMPTION_V1
USR08367,36,30s,GROWTH,TAX_BENEFIT_IDLE,MOCK,KIRI_2025_20|ASSUMPTION_V1
USR08368,56,50_plus,STABLE_GROWTH,OVERLAP_RISK,MOCK,KIRI_2025_20|ASSUMPTION_V1
USR08369,53,50_plus,STABLE_GROWTH,OVERLAP_RISK,MOCK,KIRI_2025_20|ASSUMPTION_V1
USR08370,61,50_plus,BALANCED,DC_NEGLECT,MOCK,KIRI_2025_20|ASSUMPTION_V1
USR08371,61,50_plus,BALANCED,OVERLAP_RISK,MOCK,KIRI_2025_20|ASSUMPTION_V1
USR08372,42,40s,STABLE_GROWTH,TAX_BENEFIT_IDLE,MOCK,KIRI_2025_20|ASSUMPTION_V1
USR08373,30,30s,BALANCED,DC_NEGLECT,MOCK,KIRI_2025_20|ASSUMPTION_V1
USR08374,49,40s,GROWTH,TAX_BENEFIT_IDLE,MOCK,KIRI_2025_20|ASSUMPTION_V1
USR08375,59,50_plus,STABLE_GROWTH,DC_NEGLECT,MOCK,KIRI_2025_20|ASSUMPTION_V1
USR08376,63,50_plus,BALANCED,DC_NEGLECT,MOCK,KIRI_2025_20|ASSUMPTION_V1
USR08377,50,50_plus,BALANCED,OVERLAP_RISK,MOCK,KIRI_2025_20|ASSUMPTION_V1
USR08378,34,30s,BALANCED,DC_NEGLECT,MOCK,KIRI_2025_20|ASSUMPTION_V1
USR08379,61,50_plus,STABLE_GROWTH,TAX_BENEFIT_IDLE,MOCK,KIRI_2025_20|ASSUMPTION_V1
USR08380,43,40s,BALANCED,OVERLAP_RISK,MOCK,KIRI_2025_20|ASSUMPTION_V1
USR08381,62,50_plus,CONSERVATIVE,OVERLAP_RISK,MOCK,KIRI_2025_20|ASSUMPTION_V1
USR08382,52,50_plus,GROWTH,OVERLAP_RISK,MOCK,KIRI_2025_20|ASSUMPTION_V1
USR08383,42,40s,GROWTH,TAX_BENEFIT_IDLE,MOCK,KIRI_2025_20|ASSUMPTION_V1
USR08384,39,30s,AGGRESSIVE,DC_NEGLECT,MOCK,KIRI_2025_20|ASSUMPTION_V1
USR08385,51,50_plus,STABLE_GROWTH,DC_NEGLECT,MOCK,KIRI_2025_20|ASSUMPTION_V1
USR08386,40,40s,CONSERVATIVE,OVERLAP_RISK,MOCK,KIRI_2025_20|ASSUMPTION_V1
USR08387,37,30s,CONSERVATIVE,TAX_BENEFIT_IDLE,MOCK,KIRI_2025_20|ASSUMPTION_V1
USR08388,45,40s,AGGRESSIVE,DC_NEGLECT,MOCK,KIRI_2025_20|ASSUMPTION_V1
USR08389,47,40s,STABLE_GROWTH,DC_NEGLECT,MOCK,KIRI_2025_20|ASSUMPTION_V1
USR08390,57,50_plus,CONSERVATIVE,DC_NEGLECT,MOCK,KIRI_2025_20|ASSUMPTION_V1
USR08391,38,30s,GROWTH,TAX_BENEFIT_IDLE,MOCK,KIRI_2025_20|ASSUMPTION_V1
USR08392,28,20s,BALANCED,TAX_BENEFIT_IDLE,MOCK,KIRI_2025_20|ASSUMPTION_V1
USR08393,43,40s,STABLE_GROWTH,OVERLAP_RISK,MOCK,KIRI_2025_20|ASSUMPTION_V1
USR08394,44,40s,CONSERVATIVE,TAX_BENEFIT_IDLE,MOCK,KIRI_2025_20|ASSUMPTION_V1
USR08395,30,30s,AGGRESSIVE,TAX_BENEFIT_IDLE,MOCK,KIRI_2025_20|ASSUMPTION_V1
USR08396,52,50_plus,CONSERVATIVE,DC_NEGLECT,MOCK,KIRI_2025_20|ASSUMPTION_V1
USR08397,58,50_plus,AGGRESSIVE,OVERLAP_RISK,MOCK,KIRI_2025_20|ASSUMPTION_V1
USR08398,46,40s,STABLE_GROWTH,OVERLAP_RISK,MOCK,KIRI_2025_20|ASSUMPTION_V1
USR08399,40,40s,BALANCED,TAX_BENEFIT_IDLE,MOCK,KIRI_2025_20|ASSUMPTION_V1
USR08400,22,20s,BALANCED,OVERLAP_RISK,MOCK,KIRI_2025_20|ASSUMPTION_V1
USR08401,38,30s,GROWTH,DC_NEGLECT,MOCK,KIRI_2025_20|ASSUMPTION_V1
USR08402,37,30s,GROWTH,OVERLAP_RISK,MOCK,KIRI_2025_20|ASSUMPTION_V1
USR08403,43,40s,GROWTH,TAX_BENEFIT_IDLE,MOCK,KIRI_2025_20|ASSUMPTION_V1
USR08404,60,50_plus,BALANCED,TAX_BENEFIT_IDLE,MOCK,KIRI_2025_20|ASSUMPTION_V1
USR08405,61,50_plus,STABLE_GROWTH,TAX_BENEFIT_IDLE,MOCK,KIRI_2025_20|ASSUMPTION_V1
USR08406,46,40s,CONSERVATIVE,DC_NEGLECT,MOCK,KIRI_2025_20|ASSUMPTION_V1
USR08407,59,50_plus,CONSERVATIVE,DC_NEGLECT,MOCK,KIRI_2025_20|ASSUMPTION_V1
USR08408,45,40s,BALANCED,TAX_BENEFIT_IDLE,MOCK,KIRI_2025_20|ASSUMPTION_V1
USR08409,64,50_plus,CONSERVATIVE,DC_NEGLECT,MOCK,KIRI_2025_20|ASSUMPTION_V1
USR08410,40,40s,STABLE_GROWTH,DC_NEGLECT,MOCK,KIRI_2025_20|ASSUMPTION_V1
USR08411,31,30s,BALANCED,TAX_BENEFIT_IDLE,MOCK,KIRI_2025_20|ASSUMPTION_V1
USR08412,34,30s,STABLE_GROWTH,TAX_BENEFIT_IDLE,MOCK,KIRI_2025_20|ASSUMPTION_V1
USR08413,46,40s,GROWTH,DC_NEGLECT,MOCK,KIRI_2025_20|ASSUMPTION_V1
USR08414,38,30s,BALANCED,DC_NEGLECT,MOCK,KIRI_2025_20|ASSUMPTION_V1
USR08415,37,30s,CONSERVATIVE,DC_NEGLECT,MOCK,KIRI_2025_20|ASSUMPTION_V1
USR08416,55,50_plus,STABLE_GROWTH,OVERLAP_RISK,MOCK,KIRI_2025_20|ASSUMPTION_V1
USR08417,33,30s,GROWTH,DC_NEGLECT,MOCK,KIRI_2025_20|ASSUMPTION_V1
USR08418,39,30s,AGGRESSIVE,DC_NEGLECT,MOCK,KIRI_2025_20|ASSUMPTION_V1
USR08419,49,40s,STABLE_GROWTH,OVERLAP_RISK,MOCK,KIRI_2025_20|ASSUMPTION_V1
USR08420,57,50_plus,STABLE_GROWTH,TAX_BENEFIT_IDLE,MOCK,KIRI_2025_20|ASSUMPTION_V1
USR08421,37,30s,STABLE_GROWTH,OVERLAP_RISK,MOCK,KIRI_2025_20|ASSUMPTION_V1
USR08422,30,30s,AGGRESSIVE,OVERLAP_RISK,MOCK,KIRI_2025_20|ASSUMPTION_V1
USR08423,54,50_plus,BALANCED,TAX_BENEFIT_IDLE,MOCK,KIRI_2025_20|ASSUMPTION_V1
USR08424,44,40s,BALANCED,TAX_BENEFIT_IDLE,MOCK,KIRI_2025_20|ASSUMPTION_V1
USR08425,35,30s,STABLE_GROWTH,OVERLAP_RISK,MOCK,KIRI_2025_20|ASSUMPTION_V1
USR08426,60,50_plus,STABLE_GROWTH,DC_NEGLECT,MOCK,KIRI_2025_20|ASSUMPTION_V1
USR08427,33,30s,STABLE_GROWTH,DC_NEGLECT,MOCK,KIRI_2025_20|ASSUMPTION_V1
USR08428,48,40s,BALANCED,DC_NEGLECT,MOCK,KIRI_2025_20|ASSUMPTION_V1
USR08429,56,50_plus,STABLE_GROWTH,DC_NEGLECT,MOCK,KIRI_2025_20|ASSUMPTION_V1
USR08430,35,30s,STABLE_GROWTH,DC_NEGLECT,MOCK,KIRI_2025_20|ASSUMPTION_V1
USR08431,53,50_plus,GROWTH,TAX_BENEFIT_IDLE,MOCK,KIRI_2025_20|ASSUMPTION_V1
USR08432,51,50_plus,BALANCED,TAX_BENEFIT_IDLE,MOCK,KIRI_2025_20|ASSUMPTION_V1
USR08433,38,30s,STABLE_GROWTH,TAX_BENEFIT_IDLE,MOCK,KIRI_2025_20|ASSUMPTION_V1
USR08434,48,40s,STABLE_GROWTH,DC_NEGLECT,MOCK,KIRI_2025_20|ASSUMPTION_V1
USR08435,25,20s,CONSERVATIVE,OVERLAP_RISK,MOCK,KIRI_2025_20|ASSUMPTION_V1
USR08436,55,50_plus,BALANCED,TAX_BENEFIT_IDLE,MOCK,KIRI_2025_20|ASSUMPTION_V1
USR08437,56,50_plus,BALANCED,OVERLAP_RISK,MOCK,KIRI_2025_20|ASSUMPTION_V1
USR08438,37,30s,GROWTH,DC_NEGLECT,MOCK,KIRI_2025_20|ASSUMPTION_V1
USR08439,32,30s,GROWTH,DC_NEGLECT,MOCK,KIRI_2025_20|ASSUMPTION_V1
USR08440,64,50_plus,STABLE_GROWTH,DC_NEGLECT,MOCK,KIRI_2025_20|ASSUMPTION_V1
USR08441,42,40s,STABLE_GROWTH,DC_NEGLECT,MOCK,KIRI_2025_20|ASSUMPTION_V1
USR08442,27,20s,GROWTH,DC_NEGLECT,MOCK,KIRI_2025_20|ASSUMPTION_V1
USR08443,63,50_plus,BALANCED,OVERLAP_RISK,MOCK,KIRI_2025_20|ASSUMPTION_V1
USR08444,25,20s,GROWTH,DC_NEGLECT,MOCK,KIRI_2025_20|ASSUMPTION_V1
USR08445,47,40s,STABLE_GROWTH,DC_NEGLECT,MOCK,KIRI_2025_20|ASSUMPTION_V1
USR08446,30,30s,GROWTH,DC_NEGLECT,MOCK,KIRI_2025_20|ASSUMPTION_V1
USR08447,43,40s,STABLE_GROWTH,TAX_BENEFIT_IDLE,MOCK,KIRI_2025_20|ASSUMPTION_V1
USR08448,32,30s,BALANCED,OVERLAP_RISK,MOCK,KIRI_2025_20|ASSUMPTION_V1
USR08449,49,40s,STABLE_GROWTH,TAX_BENEFIT_IDLE,MOCK,KIRI_2025_20|ASSUMPTION_V1
USR08450,49,40s,STABLE_GROWTH,OVERLAP_RISK,MOCK,KIRI_2025_20|ASSUMPTION_V1
USR08451,63,50_plus,CONSERVATIVE,DC_NEGLECT,MOCK,KIRI_2025_20|ASSUMPTION_V1
USR08452,56,50_plus,CONSERVATIVE,TAX_BENEFIT_IDLE,MOCK,KIRI_2025_20|ASSUMPTION_V1
USR08453,64,50_plus,STABLE_GROWTH,TAX_BENEFIT_IDLE,MOCK,KIRI_2025_20|ASSUMPTION_V1
USR08454,37,30s,BALANCED,TAX_BENEFIT_IDLE,MOCK,KIRI_2025_20|ASSUMPTION_V1
USR08455,52,50_plus,CONSERVATIVE,DC_NEGLECT,MOCK,KIRI_2025_20|ASSUMPTION_V1
USR08456,56,50_plus,CONSERVATIVE,OVERLAP_RISK,MOCK,KIRI_2025_20|ASSUMPTION_V1
USR08457,38,30s,GROWTH,DC_NEGLECT,MOCK,KIRI_2025_20|ASSUMPTION_V1
USR08458,62,50_plus,BALANCED,TAX_BENEFIT_IDLE,MOCK,KIRI_2025_20|ASSUMPTION_V1
USR08459,42,40s,CONSERVATIVE,DC_NEGLECT,MOCK,KIRI_2025_20|ASSUMPTION_V1
USR08460,62,50_plus,CONSERVATIVE,OVERLAP_RISK,MOCK,KIRI_2025_20|ASSUMPTION_V1
USR08461,42,40s,STABLE_GROWTH,DC_NEGLECT,MOCK,KIRI_2025_20|ASSUMPTION_V1
USR08462,46,40s,STABLE_GROWTH,OVERLAP_RISK,MOCK,KIRI_2025_20|ASSUMPTION_V1
USR08463,30,30s,BALANCED,TAX_BENEFIT_IDLE,MOCK,KIRI_2025_20|ASSUMPTION_V1
USR08464,59,50_plus,STABLE_GROWTH,TAX_BENEFIT_IDLE,MOCK,KIRI_2025_20|ASSUMPTION_V1
USR08465,48,40s,BALANCED,OVERLAP_RISK,MOCK,KIRI_2025_20|ASSUMPTION_V1
USR08466,53,50_plus,CONSERVATIVE,DC_NEGLECT,MOCK,KIRI_2025_20|ASSUMPTION_V1
USR08467,20,20s,GROWTH,TAX_BENEFIT_IDLE,MOCK,KIRI_2025_20|ASSUMPTION_V1
USR08468,35,30s,GROWTH,TAX_BENEFIT_IDLE,MOCK,KIRI_2025_20|ASSUMPTION_V1
USR08469,30,30s,BALANCED,OVERLAP_RISK,MOCK,KIRI_2025_20|ASSUMPTION_V1
USR08470,36,30s,STABLE_GROWTH,DC_NEGLECT,MOCK,KIRI_2025_20|ASSUMPTION_V1
USR08471,56,50_plus,BALANCED,DC_NEGLECT,MOCK,KIRI_2025_20|ASSUMPTION_V1
USR08472,60,50_plus,GROWTH,DC_NEGLECT,MOCK,KIRI_2025_20|ASSUMPTION_V1
USR08473,40,40s,BALANCED,DC_NEGLECT,MOCK,KIRI_2025_20|ASSUMPTION_V1
USR08474,49,40s,GROWTH,OVERLAP_RISK,MOCK,KIRI_2025_20|ASSUMPTION_V1
USR08475,27,20s,BALANCED,DC_NEGLECT,MOCK,KIRI_2025_20|ASSUMPTION_V1
USR08476,53,50_plus,STABLE_GROWTH,TAX_BENEFIT_IDLE,MOCK,KIRI_2025_20|ASSUMPTION_V1
USR08477,39,30s,STABLE_GROWTH,OVERLAP_RISK,MOCK,KIRI_2025_20|ASSUMPTION_V1
USR08478,43,40s,BALANCED,TAX_BENEFIT_IDLE,MOCK,KIRI_2025_20|ASSUMPTION_V1
USR08479,57,50_plus,CONSERVATIVE,TAX_BENEFIT_IDLE,MOCK,KIRI_2025_20|ASSUMPTION_V1
USR08480,48,40s,BALANCED,TAX_BENEFIT_IDLE,MOCK,KIRI_2025_20|ASSUMPTION_V1
USR08481,30,30s,BALANCED,TAX_BENEFIT_IDLE,MOCK,KIRI_2025_20|ASSUMPTION_V1
USR08482,45,40s,STABLE_GROWTH,OVERLAP_RISK,MOCK,KIRI_2025_20|ASSUMPTION_V1
USR08483,22,20s,BALANCED,DC_NEGLECT,MOCK,KIRI_2025_20|ASSUMPTION_V1
USR08484,32,30s,GROWTH,OVERLAP_RISK,MOCK,KIRI_2025_20|ASSUMPTION_V1
USR08485,27,20s,BALANCED,OVERLAP_RISK,MOCK,KIRI_2025_20|ASSUMPTION_V1
USR08486,44,40s,STABLE_GROWTH,OVERLAP_RISK,MOCK,KIRI_2025_20|ASSUMPTION_V1
USR08487,39,30s,BALANCED,DC_NEGLECT,MOCK,KIRI_2025_20|ASSUMPTION_V1
USR08488,35,30s,AGGRESSIVE,DC_NEGLECT,MOCK,KIRI_2025_20|ASSUMPTION_V1
USR08489,29,20s,STABLE_GROWTH,DC_NEGLECT,MOCK,KIRI_2025_20|ASSUMPTION_V1
USR08490,44,40s,BALANCED,OVERLAP_RISK,MOCK,KIRI_2025_20|ASSUMPTION_V1
USR08491,63,50_plus,CONSERVATIVE,OVERLAP_RISK,MOCK,KIRI_2025_20|ASSUMPTION_V1
USR08492,41,40s,CONSERVATIVE,TAX_BENEFIT_IDLE,MOCK,KIRI_2025_20|ASSUMPTION_V1
USR08493,47,40s,BALANCED,DC_NEGLECT,MOCK,KIRI_2025_20|ASSUMPTION_V1
USR08494,35,30s,BALANCED,TAX_BENEFIT_IDLE,MOCK,KIRI_2025_20|ASSUMPTION_V1
USR08495,37,30s,BALANCED,OVERLAP_RISK,MOCK,KIRI_2025_20|ASSUMPTION_V1
USR08496,27,20s,AGGRESSIVE,DC_NEGLECT,MOCK,KIRI_2025_20|ASSUMPTION_V1
USR08497,52,50_plus,CONSERVATIVE,TAX_BENEFIT_IDLE,MOCK,KIRI_2025_20|ASSUMPTION_V1
USR08498,63,50_plus,BALANCED,TAX_BENEFIT_IDLE,MOCK,KIRI_2025_20|ASSUMPTION_V1
USR08499,48,40s,BALANCED,DC_NEGLECT,MOCK,KIRI_2025_20|ASSUMPTION_V1
USR08500,48,40s,BALANCED,TAX_BENEFIT_IDLE,MOCK,KIRI_2025_20|ASSUMPTION_V1
USR08501,31,30s,GROWTH,OVERLAP_RISK,MOCK,KIRI_2025_20|ASSUMPTION_V1
USR08502,32,30s,GROWTH,TAX_BENEFIT_IDLE,MOCK,KIRI_2025_20|ASSUMPTION_V1
USR08503,42,40s,STABLE_GROWTH,DC_NEGLECT,MOCK,KIRI_2025_20|ASSUMPTION_V1
USR08504,28,20s,STABLE_GROWTH,OVERLAP_RISK,MOCK,KIRI_2025_20|ASSUMPTION_V1
USR08505,41,40s,GROWTH,DC_NEGLECT,MOCK,KIRI_2025_20|ASSUMPTION_V1
USR08506,21,20s,GROWTH,OVERLAP_RISK,MOCK,KIRI_2025_20|ASSUMPTION_V1
USR08507,42,40s,BALANCED,OVERLAP_RISK,MOCK,KIRI_2025_20|ASSUMPTION_V1
USR08508,62,50_plus,CONSERVATIVE,DC_NEGLECT,MOCK,KIRI_2025_20|ASSUMPTION_V1
USR08509,46,40s,BALANCED,TAX_BENEFIT_IDLE,MOCK,KIRI_2025_20|ASSUMPTION_V1
USR08510,33,30s,GROWTH,OVERLAP_RISK,MOCK,KIRI_2025_20|ASSUMPTION_V1
USR08511,39,30s,BALANCED,OVERLAP_RISK,MOCK,KIRI_2025_20|ASSUMPTION_V1
USR08512,41,40s,AGGRESSIVE,OVERLAP_RISK,MOCK,KIRI_2025_20|ASSUMPTION_V1
USR08513,49,40s,STABLE_GROWTH,DC_NEGLECT,MOCK,KIRI_2025_20|ASSUMPTION_V1
USR08514,45,40s,BALANCED,OVERLAP_RISK,MOCK,KIRI_2025_20|ASSUMPTION_V1
USR08515,35,30s,GROWTH,TAX_BENEFIT_IDLE,MOCK,KIRI_2025_20|ASSUMPTION_V1
USR08516,36,30s,AGGRESSIVE,DC_NEGLECT,MOCK,KIRI_2025_20|ASSUMPTION_V1
USR08517,31,30s,BALANCED,OVERLAP_RISK,MOCK,KIRI_2025_20|ASSUMPTION_V1
USR08518,47,40s,BALANCED,TAX_BENEFIT_IDLE,MOCK,KIRI_2025_20|ASSUMPTION_V1
USR08519,46,40s,BALANCED,TAX_BENEFIT_IDLE,MOCK,KIRI_2025_20|ASSUMPTION_V1
USR08520,61,50_plus,AGGRESSIVE,TAX_BENEFIT_IDLE,MOCK,KIRI_2025_20|ASSUMPTION_V1
USR08521,46,40s,STABLE_GROWTH,OVERLAP_RISK,MOCK,KIRI_2025_20|ASSUMPTION_V1
USR08522,40,40s,STABLE_GROWTH,DC_NEGLECT,MOCK,KIRI_2025_20|ASSUMPTION_V1
USR08523,62,50_plus,CONSERVATIVE,OVERLAP_RISK,MOCK,KIRI_2025_20|ASSUMPTION_V1
USR08524,58,50_plus,BALANCED,DC_NEGLECT,MOCK,KIRI_2025_20|ASSUMPTION_V1
USR08525,52,50_plus,CONSERVATIVE,OVERLAP_RISK,MOCK,KIRI_2025_20|ASSUMPTION_V1
USR08526,30,30s,CONSERVATIVE,TAX_BENEFIT_IDLE,MOCK,KIRI_2025_20|ASSUMPTION_V1
USR08527,36,30s,GROWTH,DC_NEGLECT,MOCK,KIRI_2025_20|ASSUMPTION_V1
USR08528,51,50_plus,STABLE_GROWTH,OVERLAP_RISK,MOCK,KIRI_2025_20|ASSUMPTION_V1
USR08529,52,50_plus,STABLE_GROWTH,TAX_BENEFIT_IDLE,MOCK,KIRI_2025_20|ASSUMPTION_V1
USR08530,36,30s,GROWTH,OVERLAP_RISK,MOCK,KIRI_2025_20|ASSUMPTION_V1
USR08531,37,30s,BALANCED,TAX_BENEFIT_IDLE,MOCK,KIRI_2025_20|ASSUMPTION_V1
USR08532,51,50_plus,STABLE_GROWTH,OVERLAP_RISK,MOCK,KIRI_2025_20|ASSUMPTION_V1
USR08533,24,20s,GROWTH,OVERLAP_RISK,MOCK,KIRI_2025_20|ASSUMPTION_V1
USR08534,44,40s,GROWTH,OVERLAP_RISK,MOCK,KIRI_2025_20|ASSUMPTION_V1
USR08535,33,30s,STABLE_GROWTH,DC_NEGLECT,MOCK,KIRI_2025_20|ASSUMPTION_V1
USR08536,55,50_plus,STABLE_GROWTH,OVERLAP_RISK,MOCK,KIRI_2025_20|ASSUMPTION_V1
USR08537,40,40s,BALANCED,OVERLAP_RISK,MOCK,KIRI_2025_20|ASSUMPTION_V1
USR08538,49,40s,BALANCED,OVERLAP_RISK,MOCK,KIRI_2025_20|ASSUMPTION_V1
USR08539,62,50_plus,CONSERVATIVE,DC_NEGLECT,MOCK,KIRI_2025_20|ASSUMPTION_V1
USR08540,33,30s,STABLE_GROWTH,TAX_BENEFIT_IDLE,MOCK,KIRI_2025_20|ASSUMPTION_V1
USR08541,63,50_plus,STABLE_GROWTH,OVERLAP_RISK,MOCK,KIRI_2025_20|ASSUMPTION_V1
USR08542,37,30s,GROWTH,DC_NEGLECT,MOCK,KIRI_2025_20|ASSUMPTION_V1
USR08543,39,30s,GROWTH,TAX_BENEFIT_IDLE,MOCK,KIRI_2025_20|ASSUMPTION_V1
USR08544,24,20s,BALANCED,DC_NEGLECT,MOCK,KIRI_2025_20|ASSUMPTION_V1
USR08545,32,30s,STABLE_GROWTH,DC_NEGLECT,MOCK,KIRI_2025_20|ASSUMPTION_V1
USR08546,60,50_plus,STABLE_GROWTH,DC_NEGLECT,MOCK,KIRI_2025_20|ASSUMPTION_V1
USR08547,35,30s,STABLE_GROWTH,OVERLAP_RISK,MOCK,KIRI_2025_20|ASSUMPTION_V1
USR08548,30,30s,GROWTH,DC_NEGLECT,MOCK,KIRI_2025_20|ASSUMPTION_V1
USR08549,29,20s,BALANCED,DC_NEGLECT,MOCK,KIRI_2025_20|ASSUMPTION_V1
USR08550,34,30s,BALANCED,TAX_BENEFIT_IDLE,MOCK,KIRI_2025_20|ASSUMPTION_V1
USR08551,22,20s,STABLE_GROWTH,TAX_BENEFIT_IDLE,MOCK,KIRI_2025_20|ASSUMPTION_V1
USR08552,30,30s,BALANCED,OVERLAP_RISK,MOCK,KIRI_2025_20|ASSUMPTION_V1
USR08553,44,40s,CONSERVATIVE,DC_NEGLECT,MOCK,KIRI_2025_20|ASSUMPTION_V1
USR08554,44,40s,STABLE_GROWTH,OVERLAP_RISK,MOCK,KIRI_2025_20|ASSUMPTION_V1
USR08555,61,50_plus,STABLE_GROWTH,TAX_BENEFIT_IDLE,MOCK,KIRI_2025_20|ASSUMPTION_V1
USR08556,59,50_plus,STABLE_GROWTH,OVERLAP_RISK,MOCK,KIRI_2025_20|ASSUMPTION_V1
USR08557,36,30s,STABLE_GROWTH,DC_NEGLECT,MOCK,KIRI_2025_20|ASSUMPTION_V1
USR08558,56,50_plus,GROWTH,TAX_BENEFIT_IDLE,MOCK,KIRI_2025_20|ASSUMPTION_V1
USR08559,31,30s,STABLE_GROWTH,DC_NEGLECT,MOCK,KIRI_2025_20|ASSUMPTION_V1
USR08560,53,50_plus,CONSERVATIVE,DC_NEGLECT,MOCK,KIRI_2025_20|ASSUMPTION_V1
USR08561,29,20s,GROWTH,TAX_BENEFIT_IDLE,MOCK,KIRI_2025_20|ASSUMPTION_V1
USR08562,40,40s,STABLE_GROWTH,DC_NEGLECT,MOCK,KIRI_2025_20|ASSUMPTION_V1
USR08563,39,30s,STABLE_GROWTH,TAX_BENEFIT_IDLE,MOCK,KIRI_2025_20|ASSUMPTION_V1
USR08564,37,30s,STABLE_GROWTH,DC_NEGLECT,MOCK,KIRI_2025_20|ASSUMPTION_V1
USR08565,63,50_plus,BALANCED,TAX_BENEFIT_IDLE,MOCK,KIRI_2025_20|ASSUMPTION_V1
USR08566,42,40s,STABLE_GROWTH,DC_NEGLECT,MOCK,KIRI_2025_20|ASSUMPTION_V1
USR08567,27,20s,BALANCED,DC_NEGLECT,MOCK,KIRI_2025_20|ASSUMPTION_V1
USR08568,51,50_plus,BALANCED,TAX_BENEFIT_IDLE,MOCK,KIRI_2025_20|ASSUMPTION_V1
USR08569,61,50_plus,CONSERVATIVE,DC_NEGLECT,MOCK,KIRI_2025_20|ASSUMPTION_V1
USR08570,59,50_plus,STABLE_GROWTH,DC_NEGLECT,MOCK,KIRI_2025_20|ASSUMPTION_V1
USR08571,25,20s,GROWTH,DC_NEGLECT,MOCK,KIRI_2025_20|ASSUMPTION_V1
USR08572,22,20s,AGGRESSIVE,OVERLAP_RISK,MOCK,KIRI_2025_20|ASSUMPTION_V1
USR08573,29,20s,BALANCED,OVERLAP_RISK,MOCK,KIRI_2025_20|ASSUMPTION_V1
USR08574,37,30s,STABLE_GROWTH,TAX_BENEFIT_IDLE,MOCK,KIRI_2025_20|ASSUMPTION_V1
USR08575,56,50_plus,STABLE_GROWTH,DC_NEGLECT,MOCK,KIRI_2025_20|ASSUMPTION_V1
USR08576,43,40s,STABLE_GROWTH,OVERLAP_RISK,MOCK,KIRI_2025_20|ASSUMPTION_V1
USR08577,42,40s,STABLE_GROWTH,DC_NEGLECT,MOCK,KIRI_2025_20|ASSUMPTION_V1
USR08578,57,50_plus,GROWTH,OVERLAP_RISK,MOCK,KIRI_2025_20|ASSUMPTION_V1
USR08579,34,30s,AGGRESSIVE,OVERLAP_RISK,MOCK,KIRI_2025_20|ASSUMPTION_V1
USR08580,41,40s,STABLE_GROWTH,TAX_BENEFIT_IDLE,MOCK,KIRI_2025_20|ASSUMPTION_V1
USR08581,38,30s,GROWTH,OVERLAP_RISK,MOCK,KIRI_2025_20|ASSUMPTION_V1
USR08582,56,50_plus,STABLE_GROWTH,DC_NEGLECT,MOCK,KIRI_2025_20|ASSUMPTION_V1
USR08583,40,40s,BALANCED,OVERLAP_RISK,MOCK,KIRI_2025_20|ASSUMPTION_V1
USR08584,42,40s,BALANCED,DC_NEGLECT,MOCK,KIRI_2025_20|ASSUMPTION_V1
USR08585,33,30s,AGGRESSIVE,OVERLAP_RISK,MOCK,KIRI_2025_20|ASSUMPTION_V1
USR08586,52,50_plus,CONSERVATIVE,TAX_BENEFIT_IDLE,MOCK,KIRI_2025_20|ASSUMPTION_V1
USR08587,35,30s,AGGRESSIVE,OVERLAP_RISK,MOCK,KIRI_2025_20|ASSUMPTION_V1
USR08588,46,40s,BALANCED,TAX_BENEFIT_IDLE,MOCK,KIRI_2025_20|ASSUMPTION_V1
USR08589,46,40s,STABLE_GROWTH,OVERLAP_RISK,MOCK,KIRI_2025_20|ASSUMPTION_V1
USR08590,62,50_plus,GROWTH,TAX_BENEFIT_IDLE,MOCK,KIRI_2025_20|ASSUMPTION_V1
USR08591,44,40s,GROWTH,TAX_BENEFIT_IDLE,MOCK,KIRI_2025_20|ASSUMPTION_V1
USR08592,53,50_plus,CONSERVATIVE,OVERLAP_RISK,MOCK,KIRI_2025_20|ASSUMPTION_V1
USR08593,39,30s,STABLE_GROWTH,OVERLAP_RISK,MOCK,KIRI_2025_20|ASSUMPTION_V1
USR08594,58,50_plus,STABLE_GROWTH,DC_NEGLECT,MOCK,KIRI_2025_20|ASSUMPTION_V1
USR08595,25,20s,BALANCED,DC_NEGLECT,MOCK,KIRI_2025_20|ASSUMPTION_V1
USR08596,54,50_plus,CONSERVATIVE,DC_NEGLECT,MOCK,KIRI_2025_20|ASSUMPTION_V1
USR08597,49,40s,GROWTH,DC_NEGLECT,MOCK,KIRI_2025_20|ASSUMPTION_V1
USR08598,45,40s,BALANCED,DC_NEGLECT,MOCK,KIRI_2025_20|ASSUMPTION_V1
USR08599,41,40s,AGGRESSIVE,DC_NEGLECT,MOCK,KIRI_2025_20|ASSUMPTION_V1
USR08600,47,40s,STABLE_GROWTH,OVERLAP_RISK,MOCK,KIRI_2025_20|ASSUMPTION_V1
USR08601,46,40s,STABLE_GROWTH,OVERLAP_RISK,MOCK,KIRI_2025_20|ASSUMPTION_V1
USR08602,59,50_plus,STABLE_GROWTH,DC_NEGLECT,MOCK,KIRI_2025_20|ASSUMPTION_V1
USR08603,37,30s,BALANCED,DC_NEGLECT,MOCK,KIRI_2025_20|ASSUMPTION_V1
USR08604,64,50_plus,GROWTH,OVERLAP_RISK,MOCK,KIRI_2025_20|ASSUMPTION_V1
USR08605,38,30s,STABLE_GROWTH,OVERLAP_RISK,MOCK,KIRI_2025_20|ASSUMPTION_V1
USR08606,49,40s,STABLE_GROWTH,DC_NEGLECT,MOCK,KIRI_2025_20|ASSUMPTION_V1
USR08607,61,50_plus,BALANCED,DC_NEGLECT,MOCK,KIRI_2025_20|ASSUMPTION_V1
USR08608,63,50_plus,BALANCED,DC_NEGLECT,MOCK,KIRI_2025_20|ASSUMPTION_V1
USR08609,55,50_plus,BALANCED,TAX_BENEFIT_IDLE,MOCK,KIRI_2025_20|ASSUMPTION_V1
USR08610,32,30s,BALANCED,TAX_BENEFIT_IDLE,MOCK,KIRI_2025_20|ASSUMPTION_V1
USR08611,59,50_plus,STABLE_GROWTH,DC_NEGLECT,MOCK,KIRI_2025_20|ASSUMPTION_V1
USR08612,32,30s,CONSERVATIVE,OVERLAP_RISK,MOCK,KIRI_2025_20|ASSUMPTION_V1
USR08613,50,50_plus,STABLE_GROWTH,DC_NEGLECT,MOCK,KIRI_2025_20|ASSUMPTION_V1
USR08614,43,40s,BALANCED,TAX_BENEFIT_IDLE,MOCK,KIRI_2025_20|ASSUMPTION_V1
USR08615,58,50_plus,AGGRESSIVE,DC_NEGLECT,MOCK,KIRI_2025_20|ASSUMPTION_V1
USR08616,35,30s,AGGRESSIVE,DC_NEGLECT,MOCK,KIRI_2025_20|ASSUMPTION_V1
USR08617,59,50_plus,GROWTH,TAX_BENEFIT_IDLE,MOCK,KIRI_2025_20|ASSUMPTION_V1
USR08618,57,50_plus,BALANCED,TAX_BENEFIT_IDLE,MOCK,KIRI_2025_20|ASSUMPTION_V1
USR08619,40,40s,CONSERVATIVE,OVERLAP_RISK,MOCK,KIRI_2025_20|ASSUMPTION_V1
USR08620,30,30s,STABLE_GROWTH,DC_NEGLECT,MOCK,KIRI_2025_20|ASSUMPTION_V1
USR08621,41,40s,AGGRESSIVE,DC_NEGLECT,MOCK,KIRI_2025_20|ASSUMPTION_V1
USR08622,33,30s,STABLE_GROWTH,TAX_BENEFIT_IDLE,MOCK,KIRI_2025_20|ASSUMPTION_V1
USR08623,35,30s,GROWTH,DC_NEGLECT,MOCK,KIRI_2025_20|ASSUMPTION_V1
USR08624,22,20s,STABLE_GROWTH,OVERLAP_RISK,MOCK,KIRI_2025_20|ASSUMPTION_V1
USR08625,56,50_plus,CONSERVATIVE,OVERLAP_RISK,MOCK,KIRI_2025_20|ASSUMPTION_V1
USR08626,41,40s,BALANCED,OVERLAP_RISK,MOCK,KIRI_2025_20|ASSUMPTION_V1
USR08627,32,30s,STABLE_GROWTH,OVERLAP_RISK,MOCK,KIRI_2025_20|ASSUMPTION_V1
USR08628,56,50_plus,CONSERVATIVE,DC_NEGLECT,MOCK,KIRI_2025_20|ASSUMPTION_V1
USR08629,30,30s,BALANCED,TAX_BENEFIT_IDLE,MOCK,KIRI_2025_20|ASSUMPTION_V1
USR08630,54,50_plus,BALANCED,TAX_BENEFIT_IDLE,MOCK,KIRI_2025_20|ASSUMPTION_V1
USR08631,21,20s,AGGRESSIVE,OVERLAP_RISK,MOCK,KIRI_2025_20|ASSUMPTION_V1
USR08632,22,20s,BALANCED,OVERLAP_RISK,MOCK,KIRI_2025_20|ASSUMPTION_V1
USR08633,29,20s,GROWTH,OVERLAP_RISK,MOCK,KIRI_2025_20|ASSUMPTION_V1
USR08634,35,30s,STABLE_GROWTH,OVERLAP_RISK,MOCK,KIRI_2025_20|ASSUMPTION_V1
USR08635,38,30s,CONSERVATIVE,TAX_BENEFIT_IDLE,MOCK,KIRI_2025_20|ASSUMPTION_V1
USR08636,46,40s,AGGRESSIVE,DC_NEGLECT,MOCK,KIRI_2025_20|ASSUMPTION_V1
USR08637,38,30s,AGGRESSIVE,TAX_BENEFIT_IDLE,MOCK,KIRI_2025_20|ASSUMPTION_V1
USR08638,27,20s,BALANCED,TAX_BENEFIT_IDLE,MOCK,KIRI_2025_20|ASSUMPTION_V1
USR08639,46,40s,GROWTH,OVERLAP_RISK,MOCK,KIRI_2025_20|ASSUMPTION_V1
USR08640,43,40s,STABLE_GROWTH,TAX_BENEFIT_IDLE,MOCK,KIRI_2025_20|ASSUMPTION_V1
USR08641,42,40s,STABLE_GROWTH,TAX_BENEFIT_IDLE,MOCK,KIRI_2025_20|ASSUMPTION_V1
USR08642,56,50_plus,STABLE_GROWTH,DC_NEGLECT,MOCK,KIRI_2025_20|ASSUMPTION_V1
USR08643,47,40s,CONSERVATIVE,DC_NEGLECT,MOCK,KIRI_2025_20|ASSUMPTION_V1
USR08644,35,30s,GROWTH,DC_NEGLECT,MOCK,KIRI_2025_20|ASSUMPTION_V1
USR08645,41,40s,CONSERVATIVE,DC_NEGLECT,MOCK,KIRI_2025_20|ASSUMPTION_V1
USR08646,64,50_plus,BALANCED,DC_NEGLECT,MOCK,KIRI_2025_20|ASSUMPTION_V1
USR08647,49,40s,STABLE_GROWTH,TAX_BENEFIT_IDLE,MOCK,KIRI_2025_20|ASSUMPTION_V1
USR08648,49,40s,BALANCED,OVERLAP_RISK,MOCK,KIRI_2025_20|ASSUMPTION_V1
USR08649,56,50_plus,CONSERVATIVE,OVERLAP_RISK,MOCK,KIRI_2025_20|ASSUMPTION_V1
USR08650,62,50_plus,GROWTH,DC_NEGLECT,MOCK,KIRI_2025_20|ASSUMPTION_V1
USR08651,48,40s,STABLE_GROWTH,TAX_BENEFIT_IDLE,MOCK,KIRI_2025_20|ASSUMPTION_V1
USR08652,52,50_plus,GROWTH,OVERLAP_RISK,MOCK,KIRI_2025_20|ASSUMPTION_V1
USR08653,40,40s,STABLE_GROWTH,TAX_BENEFIT_IDLE,MOCK,KIRI_2025_20|ASSUMPTION_V1
USR08654,53,50_plus,STABLE_GROWTH,DC_NEGLECT,MOCK,KIRI_2025_20|ASSUMPTION_V1
USR08655,32,30s,CONSERVATIVE,DC_NEGLECT,MOCK,KIRI_2025_20|ASSUMPTION_V1
USR08656,41,40s,CONSERVATIVE,OVERLAP_RISK,MOCK,KIRI_2025_20|ASSUMPTION_V1
USR08657,25,20s,CONSERVATIVE,DC_NEGLECT,MOCK,KIRI_2025_20|ASSUMPTION_V1
USR08658,45,40s,BALANCED,DC_NEGLECT,MOCK,KIRI_2025_20|ASSUMPTION_V1
USR08659,42,40s,AGGRESSIVE,TAX_BENEFIT_IDLE,MOCK,KIRI_2025_20|ASSUMPTION_V1
USR08660,49,40s,BALANCED,OVERLAP_RISK,MOCK,KIRI_2025_20|ASSUMPTION_V1
USR08661,48,40s,STABLE_GROWTH,DC_NEGLECT,MOCK,KIRI_2025_20|ASSUMPTION_V1
USR08662,30,30s,GROWTH,TAX_BENEFIT_IDLE,MOCK,KIRI_2025_20|ASSUMPTION_V1
USR08663,32,30s,BALANCED,TAX_BENEFIT_IDLE,MOCK,KIRI_2025_20|ASSUMPTION_V1
USR08664,43,40s,STABLE_GROWTH,OVERLAP_RISK,MOCK,KIRI_2025_20|ASSUMPTION_V1
USR08665,48,40s,AGGRESSIVE,OVERLAP_RISK,MOCK,KIRI_2025_20|ASSUMPTION_V1
USR08666,23,20s,CONSERVATIVE,DC_NEGLECT,MOCK,KIRI_2025_20|ASSUMPTION_V1
USR08667,38,30s,STABLE_GROWTH,DC_NEGLECT,MOCK,KIRI_2025_20|ASSUMPTION_V1
USR08668,35,30s,STABLE_GROWTH,TAX_BENEFIT_IDLE,MOCK,KIRI_2025_20|ASSUMPTION_V1
USR08669,64,50_plus,CONSERVATIVE,DC_NEGLECT,MOCK,KIRI_2025_20|ASSUMPTION_V1
USR08670,43,40s,AGGRESSIVE,DC_NEGLECT,MOCK,KIRI_2025_20|ASSUMPTION_V1
USR08671,56,50_plus,STABLE_GROWTH,DC_NEGLECT,MOCK,KIRI_2025_20|ASSUMPTION_V1
USR08672,55,50_plus,BALANCED,OVERLAP_RISK,MOCK,KIRI_2025_20|ASSUMPTION_V1
USR08673,23,20s,BALANCED,TAX_BENEFIT_IDLE,MOCK,KIRI_2025_20|ASSUMPTION_V1
USR08674,42,40s,BALANCED,DC_NEGLECT,MOCK,KIRI_2025_20|ASSUMPTION_V1
USR08675,39,30s,GROWTH,DC_NEGLECT,MOCK,KIRI_2025_20|ASSUMPTION_V1
USR08676,50,50_plus,GROWTH,DC_NEGLECT,MOCK,KIRI_2025_20|ASSUMPTION_V1
USR08677,39,30s,GROWTH,DC_NEGLECT,MOCK,KIRI_2025_20|ASSUMPTION_V1
USR08678,37,30s,BALANCED,DC_NEGLECT,MOCK,KIRI_2025_20|ASSUMPTION_V1
USR08679,21,20s,AGGRESSIVE,DC_NEGLECT,MOCK,KIRI_2025_20|ASSUMPTION_V1
USR08680,20,20s,AGGRESSIVE,DC_NEGLECT,MOCK,KIRI_2025_20|ASSUMPTION_V1
USR08681,41,40s,CONSERVATIVE,DC_NEGLECT,MOCK,KIRI_2025_20|ASSUMPTION_V1
USR08682,37,30s,GROWTH,OVERLAP_RISK,MOCK,KIRI_2025_20|ASSUMPTION_V1
USR08683,63,50_plus,GROWTH,OVERLAP_RISK,MOCK,KIRI_2025_20|ASSUMPTION_V1
USR08684,55,50_plus,CONSERVATIVE,OVERLAP_RISK,MOCK,KIRI_2025_20|ASSUMPTION_V1
USR08685,35,30s,GROWTH,OVERLAP_RISK,MOCK,KIRI_2025_20|ASSUMPTION_V1
USR08686,63,50_plus,STABLE_GROWTH,DC_NEGLECT,MOCK,KIRI_2025_20|ASSUMPTION_V1
USR08687,46,40s,BALANCED,DC_NEGLECT,MOCK,KIRI_2025_20|ASSUMPTION_V1
USR08688,31,30s,BALANCED,DC_NEGLECT,MOCK,KIRI_2025_20|ASSUMPTION_V1
USR08689,49,40s,CONSERVATIVE,DC_NEGLECT,MOCK,KIRI_2025_20|ASSUMPTION_V1
USR08690,41,40s,BALANCED,TAX_BENEFIT_IDLE,MOCK,KIRI_2025_20|ASSUMPTION_V1
USR08691,62,50_plus,CONSERVATIVE,DC_NEGLECT,MOCK,KIRI_2025_20|ASSUMPTION_V1
USR08692,48,40s,STABLE_GROWTH,TAX_BENEFIT_IDLE,MOCK,KIRI_2025_20|ASSUMPTION_V1
USR08693,46,40s,BALANCED,TAX_BENEFIT_IDLE,MOCK,KIRI_2025_20|ASSUMPTION_V1
USR08694,36,30s,STABLE_GROWTH,DC_NEGLECT,MOCK,KIRI_2025_20|ASSUMPTION_V1
USR08695,40,40s,STABLE_GROWTH,OVERLAP_RISK,MOCK,KIRI_2025_20|ASSUMPTION_V1
USR08696,39,30s,GROWTH,TAX_BENEFIT_IDLE,MOCK,KIRI_2025_20|ASSUMPTION_V1
USR08697,37,30s,CONSERVATIVE,OVERLAP_RISK,MOCK,KIRI_2025_20|ASSUMPTION_V1
USR08698,63,50_plus,CONSERVATIVE,DC_NEGLECT,MOCK,KIRI_2025_20|ASSUMPTION_V1
USR08699,31,30s,BALANCED,OVERLAP_RISK,MOCK,KIRI_2025_20|ASSUMPTION_V1
USR08700,22,20s,CONSERVATIVE,DC_NEGLECT,MOCK,KIRI_2025_20|ASSUMPTION_V1
USR08701,43,40s,GROWTH,DC_NEGLECT,MOCK,KIRI_2025_20|ASSUMPTION_V1
USR08702,37,30s,GROWTH,DC_NEGLECT,MOCK,KIRI_2025_20|ASSUMPTION_V1
USR08703,45,40s,GROWTH,DC_NEGLECT,MOCK,KIRI_2025_20|ASSUMPTION_V1
USR08704,35,30s,GROWTH,DC_NEGLECT,MOCK,KIRI_2025_20|ASSUMPTION_V1
USR08705,37,30s,BALANCED,OVERLAP_RISK,MOCK,KIRI_2025_20|ASSUMPTION_V1
USR08706,56,50_plus,CONSERVATIVE,DC_NEGLECT,MOCK,KIRI_2025_20|ASSUMPTION_V1
USR08707,57,50_plus,CONSERVATIVE,OVERLAP_RISK,MOCK,KIRI_2025_20|ASSUMPTION_V1
USR08708,60,50_plus,CONSERVATIVE,DC_NEGLECT,MOCK,KIRI_2025_20|ASSUMPTION_V1
USR08709,40,40s,STABLE_GROWTH,DC_NEGLECT,MOCK,KIRI_2025_20|ASSUMPTION_V1
USR08710,45,40s,GROWTH,DC_NEGLECT,MOCK,KIRI_2025_20|ASSUMPTION_V1
USR08711,32,30s,BALANCED,TAX_BENEFIT_IDLE,MOCK,KIRI_2025_20|ASSUMPTION_V1
USR08712,50,50_plus,STABLE_GROWTH,DC_NEGLECT,MOCK,KIRI_2025_20|ASSUMPTION_V1
USR08713,40,40s,STABLE_GROWTH,DC_NEGLECT,MOCK,KIRI_2025_20|ASSUMPTION_V1
USR08714,48,40s,BALANCED,DC_NEGLECT,MOCK,KIRI_2025_20|ASSUMPTION_V1
USR08715,47,40s,CONSERVATIVE,DC_NEGLECT,MOCK,KIRI_2025_20|ASSUMPTION_V1
USR08716,41,40s,GROWTH,TAX_BENEFIT_IDLE,MOCK,KIRI_2025_20|ASSUMPTION_V1
USR08717,50,50_plus,GROWTH,OVERLAP_RISK,MOCK,KIRI_2025_20|ASSUMPTION_V1
USR08718,32,30s,GROWTH,TAX_BENEFIT_IDLE,MOCK,KIRI_2025_20|ASSUMPTION_V1
USR08719,57,50_plus,BALANCED,DC_NEGLECT,MOCK,KIRI_2025_20|ASSUMPTION_V1
USR08720,44,40s,STABLE_GROWTH,TAX_BENEFIT_IDLE,MOCK,KIRI_2025_20|ASSUMPTION_V1
USR08721,59,50_plus,BALANCED,DC_NEGLECT,MOCK,KIRI_2025_20|ASSUMPTION_V1
USR08722,42,40s,GROWTH,OVERLAP_RISK,MOCK,KIRI_2025_20|ASSUMPTION_V1
USR08723,32,30s,BALANCED,DC_NEGLECT,MOCK,KIRI_2025_20|ASSUMPTION_V1
USR08724,32,30s,AGGRESSIVE,OVERLAP_RISK,MOCK,KIRI_2025_20|ASSUMPTION_V1
USR08725,63,50_plus,GROWTH,OVERLAP_RISK,MOCK,KIRI_2025_20|ASSUMPTION_V1
USR08726,30,30s,GROWTH,TAX_BENEFIT_IDLE,MOCK,KIRI_2025_20|ASSUMPTION_V1
USR08727,50,50_plus,BALANCED,OVERLAP_RISK,MOCK,KIRI_2025_20|ASSUMPTION_V1
USR08728,60,50_plus,GROWTH,TAX_BENEFIT_IDLE,MOCK,KIRI_2025_20|ASSUMPTION_V1
USR08729,52,50_plus,CONSERVATIVE,DC_NEGLECT,MOCK,KIRI_2025_20|ASSUMPTION_V1
USR08730,41,40s,STABLE_GROWTH,DC_NEGLECT,MOCK,KIRI_2025_20|ASSUMPTION_V1
USR08731,42,40s,GROWTH,OVERLAP_RISK,MOCK,KIRI_2025_20|ASSUMPTION_V1
USR08732,59,50_plus,BALANCED,TAX_BENEFIT_IDLE,MOCK,KIRI_2025_20|ASSUMPTION_V1
USR08733,42,40s,STABLE_GROWTH,OVERLAP_RISK,MOCK,KIRI_2025_20|ASSUMPTION_V1
USR08734,40,40s,STABLE_GROWTH,TAX_BENEFIT_IDLE,MOCK,KIRI_2025_20|ASSUMPTION_V1
USR08735,32,30s,GROWTH,DC_NEGLECT,MOCK,KIRI_2025_20|ASSUMPTION_V1
USR08736,37,30s,STABLE_GROWTH,DC_NEGLECT,MOCK,KIRI_2025_20|ASSUMPTION_V1
USR08737,33,30s,BALANCED,DC_NEGLECT,MOCK,KIRI_2025_20|ASSUMPTION_V1
USR08738,49,40s,BALANCED,OVERLAP_RISK,MOCK,KIRI_2025_20|ASSUMPTION_V1
USR08739,44,40s,STABLE_GROWTH,DC_NEGLECT,MOCK,KIRI_2025_20|ASSUMPTION_V1
USR08740,35,30s,BALANCED,TAX_BENEFIT_IDLE,MOCK,KIRI_2025_20|ASSUMPTION_V1
USR08741,61,50_plus,GROWTH,TAX_BENEFIT_IDLE,MOCK,KIRI_2025_20|ASSUMPTION_V1
USR08742,23,20s,GROWTH,OVERLAP_RISK,MOCK,KIRI_2025_20|ASSUMPTION_V1
USR08743,57,50_plus,CONSERVATIVE,OVERLAP_RISK,MOCK,KIRI_2025_20|ASSUMPTION_V1
USR08744,41,40s,STABLE_GROWTH,DC_NEGLECT,MOCK,KIRI_2025_20|ASSUMPTION_V1
USR08745,55,50_plus,BALANCED,OVERLAP_RISK,MOCK,KIRI_2025_20|ASSUMPTION_V1
USR08746,60,50_plus,CONSERVATIVE,TAX_BENEFIT_IDLE,MOCK,KIRI_2025_20|ASSUMPTION_V1
USR08747,44,40s,BALANCED,DC_NEGLECT,MOCK,KIRI_2025_20|ASSUMPTION_V1
USR08748,57,50_plus,STABLE_GROWTH,DC_NEGLECT,MOCK,KIRI_2025_20|ASSUMPTION_V1
USR08749,35,30s,GROWTH,TAX_BENEFIT_IDLE,MOCK,KIRI_2025_20|ASSUMPTION_V1
USR08750,34,30s,GROWTH,TAX_BENEFIT_IDLE,MOCK,KIRI_2025_20|ASSUMPTION_V1
USR08751,36,30s,BALANCED,TAX_BENEFIT_IDLE,MOCK,KIRI_2025_20|ASSUMPTION_V1
USR08752,35,30s,STABLE_GROWTH,TAX_BENEFIT_IDLE,MOCK,KIRI_2025_20|ASSUMPTION_V1
USR08753,42,40s,STABLE_GROWTH,DC_NEGLECT,MOCK,KIRI_2025_20|ASSUMPTION_V1
USR08754,41,40s,BALANCED,DC_NEGLECT,MOCK,KIRI_2025_20|ASSUMPTION_V1
USR08755,34,30s,GROWTH,OVERLAP_RISK,MOCK,KIRI_2025_20|ASSUMPTION_V1
USR08756,20,20s,STABLE_GROWTH,OVERLAP_RISK,MOCK,KIRI_2025_20|ASSUMPTION_V1
USR08757,36,30s,BALANCED,DC_NEGLECT,MOCK,KIRI_2025_20|ASSUMPTION_V1
USR08758,32,30s,STABLE_GROWTH,DC_NEGLECT,MOCK,KIRI_2025_20|ASSUMPTION_V1
USR08759,31,30s,STABLE_GROWTH,DC_NEGLECT,MOCK,KIRI_2025_20|ASSUMPTION_V1
USR08760,43,40s,BALANCED,TAX_BENEFIT_IDLE,MOCK,KIRI_2025_20|ASSUMPTION_V1
USR08761,23,20s,BALANCED,DC_NEGLECT,MOCK,KIRI_2025_20|ASSUMPTION_V1
USR08762,55,50_plus,STABLE_GROWTH,OVERLAP_RISK,MOCK,KIRI_2025_20|ASSUMPTION_V1
USR08763,51,50_plus,STABLE_GROWTH,OVERLAP_RISK,MOCK,KIRI_2025_20|ASSUMPTION_V1
USR08764,38,30s,GROWTH,DC_NEGLECT,MOCK,KIRI_2025_20|ASSUMPTION_V1
USR08765,44,40s,STABLE_GROWTH,DC_NEGLECT,MOCK,KIRI_2025_20|ASSUMPTION_V1
USR08766,25,20s,GROWTH,OVERLAP_RISK,MOCK,KIRI_2025_20|ASSUMPTION_V1
USR08767,37,30s,CONSERVATIVE,DC_NEGLECT,MOCK,KIRI_2025_20|ASSUMPTION_V1
USR08768,36,30s,STABLE_GROWTH,DC_NEGLECT,MOCK,KIRI_2025_20|ASSUMPTION_V1
USR08769,58,50_plus,CONSERVATIVE,TAX_BENEFIT_IDLE,MOCK,KIRI_2025_20|ASSUMPTION_V1
USR08770,45,40s,GROWTH,TAX_BENEFIT_IDLE,MOCK,KIRI_2025_20|ASSUMPTION_V1
USR08771,30,30s,BALANCED,TAX_BENEFIT_IDLE,MOCK,KIRI_2025_20|ASSUMPTION_V1
USR08772,39,30s,STABLE_GROWTH,OVERLAP_RISK,MOCK,KIRI_2025_20|ASSUMPTION_V1
USR08773,41,40s,BALANCED,TAX_BENEFIT_IDLE,MOCK,KIRI_2025_20|ASSUMPTION_V1
USR08774,48,40s,STABLE_GROWTH,OVERLAP_RISK,MOCK,KIRI_2025_20|ASSUMPTION_V1
USR08775,63,50_plus,GROWTH,TAX_BENEFIT_IDLE,MOCK,KIRI_2025_20|ASSUMPTION_V1
USR08776,20,20s,GROWTH,OVERLAP_RISK,MOCK,KIRI_2025_20|ASSUMPTION_V1
USR08777,36,30s,GROWTH,DC_NEGLECT,MOCK,KIRI_2025_20|ASSUMPTION_V1
USR08778,62,50_plus,CONSERVATIVE,OVERLAP_RISK,MOCK,KIRI_2025_20|ASSUMPTION_V1
USR08779,64,50_plus,CONSERVATIVE,DC_NEGLECT,MOCK,KIRI_2025_20|ASSUMPTION_V1
USR08780,36,30s,BALANCED,TAX_BENEFIT_IDLE,MOCK,KIRI_2025_20|ASSUMPTION_V1
USR08781,26,20s,AGGRESSIVE,TAX_BENEFIT_IDLE,MOCK,KIRI_2025_20|ASSUMPTION_V1
USR08782,55,50_plus,BALANCED,OVERLAP_RISK,MOCK,KIRI_2025_20|ASSUMPTION_V1
USR08783,51,50_plus,CONSERVATIVE,TAX_BENEFIT_IDLE,MOCK,KIRI_2025_20|ASSUMPTION_V1
USR08784,44,40s,STABLE_GROWTH,DC_NEGLECT,MOCK,KIRI_2025_20|ASSUMPTION_V1
USR08785,23,20s,GROWTH,TAX_BENEFIT_IDLE,MOCK,KIRI_2025_20|ASSUMPTION_V1
USR08786,44,40s,CONSERVATIVE,DC_NEGLECT,MOCK,KIRI_2025_20|ASSUMPTION_V1
USR08787,33,30s,STABLE_GROWTH,TAX_BENEFIT_IDLE,MOCK,KIRI_2025_20|ASSUMPTION_V1
USR08788,41,40s,BALANCED,DC_NEGLECT,MOCK,KIRI_2025_20|ASSUMPTION_V1
USR08789,46,40s,GROWTH,OVERLAP_RISK,MOCK,KIRI_2025_20|ASSUMPTION_V1
USR08790,48,40s,STABLE_GROWTH,DC_NEGLECT,MOCK,KIRI_2025_20|ASSUMPTION_V1
USR08791,59,50_plus,STABLE_GROWTH,OVERLAP_RISK,MOCK,KIRI_2025_20|ASSUMPTION_V1
USR08792,54,50_plus,CONSERVATIVE,TAX_BENEFIT_IDLE,MOCK,KIRI_2025_20|ASSUMPTION_V1
USR08793,28,20s,GROWTH,TAX_BENEFIT_IDLE,MOCK,KIRI_2025_20|ASSUMPTION_V1
USR08794,50,50_plus,STABLE_GROWTH,DC_NEGLECT,MOCK,KIRI_2025_20|ASSUMPTION_V1
USR08795,47,40s,STABLE_GROWTH,TAX_BENEFIT_IDLE,MOCK,KIRI_2025_20|ASSUMPTION_V1
USR08796,40,40s,STABLE_GROWTH,OVERLAP_RISK,MOCK,KIRI_2025_20|ASSUMPTION_V1
USR08797,46,40s,BALANCED,DC_NEGLECT,MOCK,KIRI_2025_20|ASSUMPTION_V1
USR08798,57,50_plus,CONSERVATIVE,TAX_BENEFIT_IDLE,MOCK,KIRI_2025_20|ASSUMPTION_V1
USR08799,36,30s,GROWTH,OVERLAP_RISK,MOCK,KIRI_2025_20|ASSUMPTION_V1
USR08800,57,50_plus,STABLE_GROWTH,OVERLAP_RISK,MOCK,KIRI_2025_20|ASSUMPTION_V1
USR08801,49,40s,STABLE_GROWTH,OVERLAP_RISK,MOCK,KIRI_2025_20|ASSUMPTION_V1
USR08802,20,20s,STABLE_GROWTH,TAX_BENEFIT_IDLE,MOCK,KIRI_2025_20|ASSUMPTION_V1
USR08803,35,30s,GROWTH,DC_NEGLECT,MOCK,KIRI_2025_20|ASSUMPTION_V1
USR08804,43,40s,BALANCED,DC_NEGLECT,MOCK,KIRI_2025_20|ASSUMPTION_V1
USR08805,43,40s,STABLE_GROWTH,OVERLAP_RISK,MOCK,KIRI_2025_20|ASSUMPTION_V1
USR08806,27,20s,AGGRESSIVE,TAX_BENEFIT_IDLE,MOCK,KIRI_2025_20|ASSUMPTION_V1
USR08807,46,40s,CONSERVATIVE,OVERLAP_RISK,MOCK,KIRI_2025_20|ASSUMPTION_V1
USR08808,58,50_plus,CONSERVATIVE,OVERLAP_RISK,MOCK,KIRI_2025_20|ASSUMPTION_V1
USR08809,52,50_plus,STABLE_GROWTH,OVERLAP_RISK,MOCK,KIRI_2025_20|ASSUMPTION_V1
USR08810,26,20s,STABLE_GROWTH,TAX_BENEFIT_IDLE,MOCK,KIRI_2025_20|ASSUMPTION_V1
USR08811,48,40s,CONSERVATIVE,DC_NEGLECT,MOCK,KIRI_2025_20|ASSUMPTION_V1
USR08812,30,30s,STABLE_GROWTH,DC_NEGLECT,MOCK,KIRI_2025_20|ASSUMPTION_V1
USR08813,29,20s,BALANCED,TAX_BENEFIT_IDLE,MOCK,KIRI_2025_20|ASSUMPTION_V1
USR08814,34,30s,BALANCED,TAX_BENEFIT_IDLE,MOCK,KIRI_2025_20|ASSUMPTION_V1
USR08815,38,30s,AGGRESSIVE,DC_NEGLECT,MOCK,KIRI_2025_20|ASSUMPTION_V1
USR08816,31,30s,BALANCED,DC_NEGLECT,MOCK,KIRI_2025_20|ASSUMPTION_V1
USR08817,45,40s,BALANCED,OVERLAP_RISK,MOCK,KIRI_2025_20|ASSUMPTION_V1
USR08818,25,20s,BALANCED,OVERLAP_RISK,MOCK,KIRI_2025_20|ASSUMPTION_V1
USR08819,29,20s,STABLE_GROWTH,DC_NEGLECT,MOCK,KIRI_2025_20|ASSUMPTION_V1
USR08820,34,30s,GROWTH,TAX_BENEFIT_IDLE,MOCK,KIRI_2025_20|ASSUMPTION_V1
USR08821,51,50_plus,BALANCED,DC_NEGLECT,MOCK,KIRI_2025_20|ASSUMPTION_V1
USR08822,43,40s,CONSERVATIVE,OVERLAP_RISK,MOCK,KIRI_2025_20|ASSUMPTION_V1
USR08823,47,40s,GROWTH,TAX_BENEFIT_IDLE,MOCK,KIRI_2025_20|ASSUMPTION_V1
USR08824,42,40s,STABLE_GROWTH,OVERLAP_RISK,MOCK,KIRI_2025_20|ASSUMPTION_V1
USR08825,48,40s,BALANCED,DC_NEGLECT,MOCK,KIRI_2025_20|ASSUMPTION_V1
USR08826,50,50_plus,BALANCED,DC_NEGLECT,MOCK,KIRI_2025_20|ASSUMPTION_V1
USR08827,51,50_plus,STABLE_GROWTH,OVERLAP_RISK,MOCK,KIRI_2025_20|ASSUMPTION_V1
USR08828,47,40s,STABLE_GROWTH,TAX_BENEFIT_IDLE,MOCK,KIRI_2025_20|ASSUMPTION_V1
USR08829,37,30s,AGGRESSIVE,TAX_BENEFIT_IDLE,MOCK,KIRI_2025_20|ASSUMPTION_V1
USR08830,44,40s,CONSERVATIVE,TAX_BENEFIT_IDLE,MOCK,KIRI_2025_20|ASSUMPTION_V1
USR08831,34,30s,CONSERVATIVE,DC_NEGLECT,MOCK,KIRI_2025_20|ASSUMPTION_V1
USR08832,43,40s,BALANCED,OVERLAP_RISK,MOCK,KIRI_2025_20|ASSUMPTION_V1
USR08833,55,50_plus,BALANCED,TAX_BENEFIT_IDLE,MOCK,KIRI_2025_20|ASSUMPTION_V1
USR08834,31,30s,STABLE_GROWTH,TAX_BENEFIT_IDLE,MOCK,KIRI_2025_20|ASSUMPTION_V1
USR08835,48,40s,AGGRESSIVE,DC_NEGLECT,MOCK,KIRI_2025_20|ASSUMPTION_V1
USR08836,32,30s,BALANCED,OVERLAP_RISK,MOCK,KIRI_2025_20|ASSUMPTION_V1
USR08837,22,20s,CONSERVATIVE,OVERLAP_RISK,MOCK,KIRI_2025_20|ASSUMPTION_V1
USR08838,48,40s,BALANCED,OVERLAP_RISK,MOCK,KIRI_2025_20|ASSUMPTION_V1
USR08839,39,30s,GROWTH,DC_NEGLECT,MOCK,KIRI_2025_20|ASSUMPTION_V1
USR08840,62,50_plus,CONSERVATIVE,DC_NEGLECT,MOCK,KIRI_2025_20|ASSUMPTION_V1
USR08841,61,50_plus,GROWTH,DC_NEGLECT,MOCK,KIRI_2025_20|ASSUMPTION_V1
USR08842,43,40s,BALANCED,OVERLAP_RISK,MOCK,KIRI_2025_20|ASSUMPTION_V1
USR08843,39,30s,BALANCED,TAX_BENEFIT_IDLE,MOCK,KIRI_2025_20|ASSUMPTION_V1
USR08844,29,20s,BALANCED,TAX_BENEFIT_IDLE,MOCK,KIRI_2025_20|ASSUMPTION_V1
USR08845,61,50_plus,BALANCED,DC_NEGLECT,MOCK,KIRI_2025_20|ASSUMPTION_V1
USR08846,23,20s,BALANCED,DC_NEGLECT,MOCK,KIRI_2025_20|ASSUMPTION_V1
USR08847,48,40s,BALANCED,TAX_BENEFIT_IDLE,MOCK,KIRI_2025_20|ASSUMPTION_V1
USR08848,21,20s,STABLE_GROWTH,OVERLAP_RISK,MOCK,KIRI_2025_20|ASSUMPTION_V1
USR08849,40,40s,BALANCED,TAX_BENEFIT_IDLE,MOCK,KIRI_2025_20|ASSUMPTION_V1
USR08850,54,50_plus,BALANCED,OVERLAP_RISK,MOCK,KIRI_2025_20|ASSUMPTION_V1
USR08851,42,40s,STABLE_GROWTH,OVERLAP_RISK,MOCK,KIRI_2025_20|ASSUMPTION_V1
USR08852,39,30s,BALANCED,DC_NEGLECT,MOCK,KIRI_2025_20|ASSUMPTION_V1
USR08853,42,40s,CONSERVATIVE,TAX_BENEFIT_IDLE,MOCK,KIRI_2025_20|ASSUMPTION_V1
USR08854,42,40s,GROWTH,OVERLAP_RISK,MOCK,KIRI_2025_20|ASSUMPTION_V1
USR08855,33,30s,STABLE_GROWTH,DC_NEGLECT,MOCK,KIRI_2025_20|ASSUMPTION_V1
USR08856,39,30s,CONSERVATIVE,DC_NEGLECT,MOCK,KIRI_2025_20|ASSUMPTION_V1
USR08857,47,40s,STABLE_GROWTH,TAX_BENEFIT_IDLE,MOCK,KIRI_2025_20|ASSUMPTION_V1
USR08858,62,50_plus,STABLE_GROWTH,TAX_BENEFIT_IDLE,MOCK,KIRI_2025_20|ASSUMPTION_V1
USR08859,41,40s,STABLE_GROWTH,DC_NEGLECT,MOCK,KIRI_2025_20|ASSUMPTION_V1
USR08860,29,20s,BALANCED,OVERLAP_RISK,MOCK,KIRI_2025_20|ASSUMPTION_V1
USR08861,36,30s,BALANCED,DC_NEGLECT,MOCK,KIRI_2025_20|ASSUMPTION_V1
USR08862,31,30s,CONSERVATIVE,DC_NEGLECT,MOCK,KIRI_2025_20|ASSUMPTION_V1
USR08863,30,30s,AGGRESSIVE,TAX_BENEFIT_IDLE,MOCK,KIRI_2025_20|ASSUMPTION_V1
USR08864,47,40s,BALANCED,OVERLAP_RISK,MOCK,KIRI_2025_20|ASSUMPTION_V1
USR08865,51,50_plus,GROWTH,TAX_BENEFIT_IDLE,MOCK,KIRI_2025_20|ASSUMPTION_V1
USR08866,29,20s,STABLE_GROWTH,DC_NEGLECT,MOCK,KIRI_2025_20|ASSUMPTION_V1
USR08867,30,30s,STABLE_GROWTH,DC_NEGLECT,MOCK,KIRI_2025_20|ASSUMPTION_V1
USR08868,39,30s,BALANCED,DC_NEGLECT,MOCK,KIRI_2025_20|ASSUMPTION_V1
USR08869,38,30s,AGGRESSIVE,DC_NEGLECT,MOCK,KIRI_2025_20|ASSUMPTION_V1
USR08870,47,40s,STABLE_GROWTH,DC_NEGLECT,MOCK,KIRI_2025_20|ASSUMPTION_V1
USR08871,34,30s,STABLE_GROWTH,TAX_BENEFIT_IDLE,MOCK,KIRI_2025_20|ASSUMPTION_V1
USR08872,62,50_plus,AGGRESSIVE,TAX_BENEFIT_IDLE,MOCK,KIRI_2025_20|ASSUMPTION_V1
USR08873,58,50_plus,CONSERVATIVE,DC_NEGLECT,MOCK,KIRI_2025_20|ASSUMPTION_V1
USR08874,57,50_plus,GROWTH,OVERLAP_RISK,MOCK,KIRI_2025_20|ASSUMPTION_V1
USR08875,32,30s,AGGRESSIVE,DC_NEGLECT,MOCK,KIRI_2025_20|ASSUMPTION_V1
USR08876,43,40s,GROWTH,OVERLAP_RISK,MOCK,KIRI_2025_20|ASSUMPTION_V1
USR08877,58,50_plus,CONSERVATIVE,OVERLAP_RISK,MOCK,KIRI_2025_20|ASSUMPTION_V1
USR08878,30,30s,STABLE_GROWTH,DC_NEGLECT,MOCK,KIRI_2025_20|ASSUMPTION_V1
USR08879,42,40s,STABLE_GROWTH,TAX_BENEFIT_IDLE,MOCK,KIRI_2025_20|ASSUMPTION_V1
USR08880,30,30s,STABLE_GROWTH,TAX_BENEFIT_IDLE,MOCK,KIRI_2025_20|ASSUMPTION_V1
USR08881,53,50_plus,GROWTH,DC_NEGLECT,MOCK,KIRI_2025_20|ASSUMPTION_V1
USR08882,30,30s,GROWTH,DC_NEGLECT,MOCK,KIRI_2025_20|ASSUMPTION_V1
USR08883,34,30s,BALANCED,TAX_BENEFIT_IDLE,MOCK,KIRI_2025_20|ASSUMPTION_V1
USR08884,59,50_plus,BALANCED,OVERLAP_RISK,MOCK,KIRI_2025_20|ASSUMPTION_V1
USR08885,56,50_plus,GROWTH,DC_NEGLECT,MOCK,KIRI_2025_20|ASSUMPTION_V1
USR08886,21,20s,GROWTH,TAX_BENEFIT_IDLE,MOCK,KIRI_2025_20|ASSUMPTION_V1
USR08887,62,50_plus,CONSERVATIVE,OVERLAP_RISK,MOCK,KIRI_2025_20|ASSUMPTION_V1
USR08888,30,30s,GROWTH,TAX_BENEFIT_IDLE,MOCK,KIRI_2025_20|ASSUMPTION_V1
USR08889,39,30s,GROWTH,OVERLAP_RISK,MOCK,KIRI_2025_20|ASSUMPTION_V1
USR08890,52,50_plus,BALANCED,DC_NEGLECT,MOCK,KIRI_2025_20|ASSUMPTION_V1
USR08891,36,30s,BALANCED,TAX_BENEFIT_IDLE,MOCK,KIRI_2025_20|ASSUMPTION_V1
USR08892,59,50_plus,STABLE_GROWTH,DC_NEGLECT,MOCK,KIRI_2025_20|ASSUMPTION_V1
USR08893,41,40s,AGGRESSIVE,TAX_BENEFIT_IDLE,MOCK,KIRI_2025_20|ASSUMPTION_V1
USR08894,49,40s,BALANCED,TAX_BENEFIT_IDLE,MOCK,KIRI_2025_20|ASSUMPTION_V1
USR08895,47,40s,BALANCED,OVERLAP_RISK,MOCK,KIRI_2025_20|ASSUMPTION_V1
USR08896,34,30s,AGGRESSIVE,DC_NEGLECT,MOCK,KIRI_2025_20|ASSUMPTION_V1
USR08897,23,20s,BALANCED,TAX_BENEFIT_IDLE,MOCK,KIRI_2025_20|ASSUMPTION_V1
USR08898,30,30s,STABLE_GROWTH,TAX_BENEFIT_IDLE,MOCK,KIRI_2025_20|ASSUMPTION_V1
USR08899,54,50_plus,STABLE_GROWTH,TAX_BENEFIT_IDLE,MOCK,KIRI_2025_20|ASSUMPTION_V1
USR08900,45,40s,BALANCED,OVERLAP_RISK,MOCK,KIRI_2025_20|ASSUMPTION_V1
USR08901,36,30s,CONSERVATIVE,OVERLAP_RISK,MOCK,KIRI_2025_20|ASSUMPTION_V1
USR08902,44,40s,BALANCED,TAX_BENEFIT_IDLE,MOCK,KIRI_2025_20|ASSUMPTION_V1
USR08903,63,50_plus,CONSERVATIVE,TAX_BENEFIT_IDLE,MOCK,KIRI_2025_20|ASSUMPTION_V1
USR08904,26,20s,CONSERVATIVE,TAX_BENEFIT_IDLE,MOCK,KIRI_2025_20|ASSUMPTION_V1
USR08905,50,50_plus,STABLE_GROWTH,DC_NEGLECT,MOCK,KIRI_2025_20|ASSUMPTION_V1
USR08906,54,50_plus,STABLE_GROWTH,DC_NEGLECT,MOCK,KIRI_2025_20|ASSUMPTION_V1
USR08907,51,50_plus,BALANCED,DC_NEGLECT,MOCK,KIRI_2025_20|ASSUMPTION_V1
USR08908,44,40s,STABLE_GROWTH,OVERLAP_RISK,MOCK,KIRI_2025_20|ASSUMPTION_V1
USR08909,43,40s,GROWTH,DC_NEGLECT,MOCK,KIRI_2025_20|ASSUMPTION_V1
USR08910,23,20s,AGGRESSIVE,OVERLAP_RISK,MOCK,KIRI_2025_20|ASSUMPTION_V1
USR08911,44,40s,AGGRESSIVE,OVERLAP_RISK,MOCK,KIRI_2025_20|ASSUMPTION_V1
USR08912,28,20s,STABLE_GROWTH,DC_NEGLECT,MOCK,KIRI_2025_20|ASSUMPTION_V1
USR08913,64,50_plus,STABLE_GROWTH,DC_NEGLECT,MOCK,KIRI_2025_20|ASSUMPTION_V1
USR08914,40,40s,GROWTH,TAX_BENEFIT_IDLE,MOCK,KIRI_2025_20|ASSUMPTION_V1
USR08915,42,40s,CONSERVATIVE,OVERLAP_RISK,MOCK,KIRI_2025_20|ASSUMPTION_V1
USR08916,37,30s,CONSERVATIVE,DC_NEGLECT,MOCK,KIRI_2025_20|ASSUMPTION_V1
USR08917,59,50_plus,STABLE_GROWTH,DC_NEGLECT,MOCK,KIRI_2025_20|ASSUMPTION_V1
USR08918,40,40s,BALANCED,DC_NEGLECT,MOCK,KIRI_2025_20|ASSUMPTION_V1
USR08919,61,50_plus,GROWTH,TAX_BENEFIT_IDLE,MOCK,KIRI_2025_20|ASSUMPTION_V1
USR08920,49,40s,BALANCED,TAX_BENEFIT_IDLE,MOCK,KIRI_2025_20|ASSUMPTION_V1
USR08921,57,50_plus,BALANCED,TAX_BENEFIT_IDLE,MOCK,KIRI_2025_20|ASSUMPTION_V1
USR08922,50,50_plus,CONSERVATIVE,DC_NEGLECT,MOCK,KIRI_2025_20|ASSUMPTION_V1
USR08923,21,20s,GROWTH,OVERLAP_RISK,MOCK,KIRI_2025_20|ASSUMPTION_V1
USR08924,62,50_plus,AGGRESSIVE,TAX_BENEFIT_IDLE,MOCK,KIRI_2025_20|ASSUMPTION_V1
USR08925,22,20s,BALANCED,OVERLAP_RISK,MOCK,KIRI_2025_20|ASSUMPTION_V1
USR08926,33,30s,BALANCED,DC_NEGLECT,MOCK,KIRI_2025_20|ASSUMPTION_V1
USR08927,38,30s,BALANCED,TAX_BENEFIT_IDLE,MOCK,KIRI_2025_20|ASSUMPTION_V1
USR08928,49,40s,STABLE_GROWTH,OVERLAP_RISK,MOCK,KIRI_2025_20|ASSUMPTION_V1
USR08929,63,50_plus,STABLE_GROWTH,OVERLAP_RISK,MOCK,KIRI_2025_20|ASSUMPTION_V1
USR08930,31,30s,GROWTH,OVERLAP_RISK,MOCK,KIRI_2025_20|ASSUMPTION_V1
USR08931,59,50_plus,CONSERVATIVE,OVERLAP_RISK,MOCK,KIRI_2025_20|ASSUMPTION_V1
USR08932,38,30s,BALANCED,TAX_BENEFIT_IDLE,MOCK,KIRI_2025_20|ASSUMPTION_V1
USR08933,45,40s,STABLE_GROWTH,DC_NEGLECT,MOCK,KIRI_2025_20|ASSUMPTION_V1
USR08934,32,30s,BALANCED,DC_NEGLECT,MOCK,KIRI_2025_20|ASSUMPTION_V1
USR08935,60,50_plus,STABLE_GROWTH,DC_NEGLECT,MOCK,KIRI_2025_20|ASSUMPTION_V1
USR08936,55,50_plus,CONSERVATIVE,TAX_BENEFIT_IDLE,MOCK,KIRI_2025_20|ASSUMPTION_V1
USR08937,35,30s,BALANCED,DC_NEGLECT,MOCK,KIRI_2025_20|ASSUMPTION_V1
USR08938,34,30s,GROWTH,TAX_BENEFIT_IDLE,MOCK,KIRI_2025_20|ASSUMPTION_V1
USR08939,43,40s,GROWTH,OVERLAP_RISK,MOCK,KIRI_2025_20|ASSUMPTION_V1
USR08940,37,30s,CONSERVATIVE,OVERLAP_RISK,MOCK,KIRI_2025_20|ASSUMPTION_V1
USR08941,44,40s,CONSERVATIVE,DC_NEGLECT,MOCK,KIRI_2025_20|ASSUMPTION_V1
USR08942,22,20s,BALANCED,OVERLAP_RISK,MOCK,KIRI_2025_20|ASSUMPTION_V1
USR08943,32,30s,BALANCED,DC_NEGLECT,MOCK,KIRI_2025_20|ASSUMPTION_V1
USR08944,48,40s,GROWTH,DC_NEGLECT,MOCK,KIRI_2025_20|ASSUMPTION_V1
USR08945,24,20s,GROWTH,TAX_BENEFIT_IDLE,MOCK,KIRI_2025_20|ASSUMPTION_V1
USR08946,63,50_plus,GROWTH,OVERLAP_RISK,MOCK,KIRI_2025_20|ASSUMPTION_V1
USR08947,29,20s,GROWTH,OVERLAP_RISK,MOCK,KIRI_2025_20|ASSUMPTION_V1
USR08948,44,40s,BALANCED,DC_NEGLECT,MOCK,KIRI_2025_20|ASSUMPTION_V1
USR08949,41,40s,STABLE_GROWTH,OVERLAP_RISK,MOCK,KIRI_2025_20|ASSUMPTION_V1
USR08950,40,40s,STABLE_GROWTH,DC_NEGLECT,MOCK,KIRI_2025_20|ASSUMPTION_V1
USR08951,59,50_plus,GROWTH,TAX_BENEFIT_IDLE,MOCK,KIRI_2025_20|ASSUMPTION_V1
USR08952,45,40s,BALANCED,TAX_BENEFIT_IDLE,MOCK,KIRI_2025_20|ASSUMPTION_V1
USR08953,45,40s,BALANCED,OVERLAP_RISK,MOCK,KIRI_2025_20|ASSUMPTION_V1
USR08954,54,50_plus,STABLE_GROWTH,OVERLAP_RISK,MOCK,KIRI_2025_20|ASSUMPTION_V1
USR08955,42,40s,BALANCED,OVERLAP_RISK,MOCK,KIRI_2025_20|ASSUMPTION_V1
USR08956,42,40s,BALANCED,TAX_BENEFIT_IDLE,MOCK,KIRI_2025_20|ASSUMPTION_V1
USR08957,60,50_plus,STABLE_GROWTH,OVERLAP_RISK,MOCK,KIRI_2025_20|ASSUMPTION_V1
USR08958,52,50_plus,STABLE_GROWTH,DC_NEGLECT,MOCK,KIRI_2025_20|ASSUMPTION_V1
USR08959,58,50_plus,BALANCED,TAX_BENEFIT_IDLE,MOCK,KIRI_2025_20|ASSUMPTION_V1
USR08960,59,50_plus,BALANCED,DC_NEGLECT,MOCK,KIRI_2025_20|ASSUMPTION_V1
USR08961,31,30s,GROWTH,DC_NEGLECT,MOCK,KIRI_2025_20|ASSUMPTION_V1
USR08962,47,40s,STABLE_GROWTH,TAX_BENEFIT_IDLE,MOCK,KIRI_2025_20|ASSUMPTION_V1
USR08963,27,20s,BALANCED,DC_NEGLECT,MOCK,KIRI_2025_20|ASSUMPTION_V1
USR08964,22,20s,BALANCED,TAX_BENEFIT_IDLE,MOCK,KIRI_2025_20|ASSUMPTION_V1
USR08965,33,30s,STABLE_GROWTH,OVERLAP_RISK,MOCK,KIRI_2025_20|ASSUMPTION_V1
USR08966,53,50_plus,CONSERVATIVE,DC_NEGLECT,MOCK,KIRI_2025_20|ASSUMPTION_V1
USR08967,24,20s,BALANCED,TAX_BENEFIT_IDLE,MOCK,KIRI_2025_20|ASSUMPTION_V1
USR08968,32,30s,GROWTH,TAX_BENEFIT_IDLE,MOCK,KIRI_2025_20|ASSUMPTION_V1
USR08969,36,30s,BALANCED,OVERLAP_RISK,MOCK,KIRI_2025_20|ASSUMPTION_V1
USR08970,46,40s,STABLE_GROWTH,OVERLAP_RISK,MOCK,KIRI_2025_20|ASSUMPTION_V1
USR08971,32,30s,STABLE_GROWTH,DC_NEGLECT,MOCK,KIRI_2025_20|ASSUMPTION_V1
USR08972,54,50_plus,AGGRESSIVE,OVERLAP_RISK,MOCK,KIRI_2025_20|ASSUMPTION_V1
USR08973,44,40s,CONSERVATIVE,TAX_BENEFIT_IDLE,MOCK,KIRI_2025_20|ASSUMPTION_V1
USR08974,49,40s,STABLE_GROWTH,DC_NEGLECT,MOCK,KIRI_2025_20|ASSUMPTION_V1
USR08975,49,40s,BALANCED,DC_NEGLECT,MOCK,KIRI_2025_20|ASSUMPTION_V1
USR08976,32,30s,BALANCED,TAX_BENEFIT_IDLE,MOCK,KIRI_2025_20|ASSUMPTION_V1
USR08977,52,50_plus,GROWTH,TAX_BENEFIT_IDLE,MOCK,KIRI_2025_20|ASSUMPTION_V1
USR08978,38,30s,CONSERVATIVE,OVERLAP_RISK,MOCK,KIRI_2025_20|ASSUMPTION_V1
USR08979,46,40s,BALANCED,DC_NEGLECT,MOCK,KIRI_2025_20|ASSUMPTION_V1
USR08980,45,40s,CONSERVATIVE,DC_NEGLECT,MOCK,KIRI_2025_20|ASSUMPTION_V1
USR08981,59,50_plus,CONSERVATIVE,OVERLAP_RISK,MOCK,KIRI_2025_20|ASSUMPTION_V1
USR08982,30,30s,BALANCED,OVERLAP_RISK,MOCK,KIRI_2025_20|ASSUMPTION_V1
USR08983,38,30s,BALANCED,DC_NEGLECT,MOCK,KIRI_2025_20|ASSUMPTION_V1
USR08984,47,40s,BALANCED,DC_NEGLECT,MOCK,KIRI_2025_20|ASSUMPTION_V1
USR08985,20,20s,STABLE_GROWTH,OVERLAP_RISK,MOCK,KIRI_2025_20|ASSUMPTION_V1
USR08986,45,40s,GROWTH,TAX_BENEFIT_IDLE,MOCK,KIRI_2025_20|ASSUMPTION_V1
USR08987,54,50_plus,CONSERVATIVE,TAX_BENEFIT_IDLE,MOCK,KIRI_2025_20|ASSUMPTION_V1
USR08988,37,30s,AGGRESSIVE,TAX_BENEFIT_IDLE,MOCK,KIRI_2025_20|ASSUMPTION_V1
USR08989,51,50_plus,STABLE_GROWTH,TAX_BENEFIT_IDLE,MOCK,KIRI_2025_20|ASSUMPTION_V1
USR08990,40,40s,STABLE_GROWTH,TAX_BENEFIT_IDLE,MOCK,KIRI_2025_20|ASSUMPTION_V1
USR08991,38,30s,GROWTH,OVERLAP_RISK,MOCK,KIRI_2025_20|ASSUMPTION_V1
USR08992,38,30s,BALANCED,OVERLAP_RISK,MOCK,KIRI_2025_20|ASSUMPTION_V1
USR08993,51,50_plus,STABLE_GROWTH,DC_NEGLECT,MOCK,KIRI_2025_20|ASSUMPTION_V1
USR08994,33,30s,BALANCED,TAX_BENEFIT_IDLE,MOCK,KIRI_2025_20|ASSUMPTION_V1
USR08995,32,30s,GROWTH,DC_NEGLECT,MOCK,KIRI_2025_20|ASSUMPTION_V1
USR08996,44,40s,BALANCED,DC_NEGLECT,MOCK,KIRI_2025_20|ASSUMPTION_V1
USR08997,62,50_plus,CONSERVATIVE,TAX_BENEFIT_IDLE,MOCK,KIRI_2025_20|ASSUMPTION_V1
USR08998,63,50_plus,STABLE_GROWTH,TAX_BENEFIT_IDLE,MOCK,KIRI_2025_20|ASSUMPTION_V1
USR08999,61,50_plus,STABLE_GROWTH,DC_NEGLECT,MOCK,KIRI_2025_20|ASSUMPTION_V1
USR09000,34,30s,STABLE_GROWTH,DC_NEGLECT,MOCK,KIRI_2025_20|ASSUMPTION_V1
USR09001,60,50_plus,BALANCED,DC_NEGLECT,MOCK,KIRI_2025_20|ASSUMPTION_V1
USR09002,46,40s,STABLE_GROWTH,DC_NEGLECT,MOCK,KIRI_2025_20|ASSUMPTION_V1
USR09003,60,50_plus,CONSERVATIVE,DC_NEGLECT,MOCK,KIRI_2025_20|ASSUMPTION_V1
USR09004,44,40s,BALANCED,DC_NEGLECT,MOCK,KIRI_2025_20|ASSUMPTION_V1
USR09005,58,50_plus,CONSERVATIVE,TAX_BENEFIT_IDLE,MOCK,KIRI_2025_20|ASSUMPTION_V1
USR09006,49,40s,STABLE_GROWTH,OVERLAP_RISK,MOCK,KIRI_2025_20|ASSUMPTION_V1
USR09007,44,40s,STABLE_GROWTH,OVERLAP_RISK,MOCK,KIRI_2025_20|ASSUMPTION_V1
USR09008,31,30s,STABLE_GROWTH,OVERLAP_RISK,MOCK,KIRI_2025_20|ASSUMPTION_V1
USR09009,24,20s,STABLE_GROWTH,DC_NEGLECT,MOCK,KIRI_2025_20|ASSUMPTION_V1
USR09010,24,20s,STABLE_GROWTH,DC_NEGLECT,MOCK,KIRI_2025_20|ASSUMPTION_V1
USR09011,38,30s,AGGRESSIVE,DC_NEGLECT,MOCK,KIRI_2025_20|ASSUMPTION_V1
USR09012,44,40s,STABLE_GROWTH,OVERLAP_RISK,MOCK,KIRI_2025_20|ASSUMPTION_V1
USR09013,41,40s,GROWTH,DC_NEGLECT,MOCK,KIRI_2025_20|ASSUMPTION_V1
USR09014,42,40s,BALANCED,OVERLAP_RISK,MOCK,KIRI_2025_20|ASSUMPTION_V1
USR09015,54,50_plus,BALANCED,TAX_BENEFIT_IDLE,MOCK,KIRI_2025_20|ASSUMPTION_V1
USR09016,36,30s,BALANCED,DC_NEGLECT,MOCK,KIRI_2025_20|ASSUMPTION_V1
USR09017,28,20s,GROWTH,TAX_BENEFIT_IDLE,MOCK,KIRI_2025_20|ASSUMPTION_V1
USR09018,44,40s,CONSERVATIVE,OVERLAP_RISK,MOCK,KIRI_2025_20|ASSUMPTION_V1
USR09019,35,30s,CONSERVATIVE,TAX_BENEFIT_IDLE,MOCK,KIRI_2025_20|ASSUMPTION_V1
USR09020,25,20s,CONSERVATIVE,OVERLAP_RISK,MOCK,KIRI_2025_20|ASSUMPTION_V1
USR09021,24,20s,STABLE_GROWTH,OVERLAP_RISK,MOCK,KIRI_2025_20|ASSUMPTION_V1
USR09022,34,30s,GROWTH,DC_NEGLECT,MOCK,KIRI_2025_20|ASSUMPTION_V1
USR09023,42,40s,GROWTH,TAX_BENEFIT_IDLE,MOCK,KIRI_2025_20|ASSUMPTION_V1
USR09024,45,40s,BALANCED,OVERLAP_RISK,MOCK,KIRI_2025_20|ASSUMPTION_V1
USR09025,45,40s,STABLE_GROWTH,OVERLAP_RISK,MOCK,KIRI_2025_20|ASSUMPTION_V1
USR09026,51,50_plus,STABLE_GROWTH,OVERLAP_RISK,MOCK,KIRI_2025_20|ASSUMPTION_V1
USR09027,29,20s,STABLE_GROWTH,DC_NEGLECT,MOCK,KIRI_2025_20|ASSUMPTION_V1
USR09028,40,40s,BALANCED,DC_NEGLECT,MOCK,KIRI_2025_20|ASSUMPTION_V1
USR09029,21,20s,BALANCED,TAX_BENEFIT_IDLE,MOCK,KIRI_2025_20|ASSUMPTION_V1
USR09030,45,40s,AGGRESSIVE,OVERLAP_RISK,MOCK,KIRI_2025_20|ASSUMPTION_V1
USR09031,60,50_plus,BALANCED,DC_NEGLECT,MOCK,KIRI_2025_20|ASSUMPTION_V1
USR09032,48,40s,BALANCED,TAX_BENEFIT_IDLE,MOCK,KIRI_2025_20|ASSUMPTION_V1
USR09033,41,40s,STABLE_GROWTH,DC_NEGLECT,MOCK,KIRI_2025_20|ASSUMPTION_V1
USR09034,51,50_plus,BALANCED,TAX_BENEFIT_IDLE,MOCK,KIRI_2025_20|ASSUMPTION_V1
USR09035,41,40s,STABLE_GROWTH,DC_NEGLECT,MOCK,KIRI_2025_20|ASSUMPTION_V1
USR09036,52,50_plus,STABLE_GROWTH,DC_NEGLECT,MOCK,KIRI_2025_20|ASSUMPTION_V1
USR09037,48,40s,BALANCED,OVERLAP_RISK,MOCK,KIRI_2025_20|ASSUMPTION_V1
USR09038,31,30s,BALANCED,OVERLAP_RISK,MOCK,KIRI_2025_20|ASSUMPTION_V1
USR09039,58,50_plus,BALANCED,TAX_BENEFIT_IDLE,MOCK,KIRI_2025_20|ASSUMPTION_V1
USR09040,24,20s,GROWTH,DC_NEGLECT,MOCK,KIRI_2025_20|ASSUMPTION_V1
USR09041,43,40s,GROWTH,OVERLAP_RISK,MOCK,KIRI_2025_20|ASSUMPTION_V1
USR09042,20,20s,AGGRESSIVE,TAX_BENEFIT_IDLE,MOCK,KIRI_2025_20|ASSUMPTION_V1
USR09043,20,20s,GROWTH,TAX_BENEFIT_IDLE,MOCK,KIRI_2025_20|ASSUMPTION_V1
USR09044,58,50_plus,GROWTH,DC_NEGLECT,MOCK,KIRI_2025_20|ASSUMPTION_V1
USR09045,48,40s,GROWTH,OVERLAP_RISK,MOCK,KIRI_2025_20|ASSUMPTION_V1
USR09046,43,40s,AGGRESSIVE,DC_NEGLECT,MOCK,KIRI_2025_20|ASSUMPTION_V1
USR09047,55,50_plus,CONSERVATIVE,DC_NEGLECT,MOCK,KIRI_2025_20|ASSUMPTION_V1
USR09048,51,50_plus,BALANCED,OVERLAP_RISK,MOCK,KIRI_2025_20|ASSUMPTION_V1
USR09049,33,30s,STABLE_GROWTH,TAX_BENEFIT_IDLE,MOCK,KIRI_2025_20|ASSUMPTION_V1
USR09050,23,20s,STABLE_GROWTH,DC_NEGLECT,MOCK,KIRI_2025_20|ASSUMPTION_V1
USR09051,33,30s,BALANCED,TAX_BENEFIT_IDLE,MOCK,KIRI_2025_20|ASSUMPTION_V1
USR09052,35,30s,GROWTH,DC_NEGLECT,MOCK,KIRI_2025_20|ASSUMPTION_V1
USR09053,36,30s,GROWTH,TAX_BENEFIT_IDLE,MOCK,KIRI_2025_20|ASSUMPTION_V1
USR09054,36,30s,GROWTH,TAX_BENEFIT_IDLE,MOCK,KIRI_2025_20|ASSUMPTION_V1
USR09055,44,40s,STABLE_GROWTH,DC_NEGLECT,MOCK,KIRI_2025_20|ASSUMPTION_V1
USR09056,47,40s,BALANCED,DC_NEGLECT,MOCK,KIRI_2025_20|ASSUMPTION_V1
USR09057,36,30s,GROWTH,OVERLAP_RISK,MOCK,KIRI_2025_20|ASSUMPTION_V1
USR09058,63,50_plus,BALANCED,TAX_BENEFIT_IDLE,MOCK,KIRI_2025_20|ASSUMPTION_V1
USR09059,52,50_plus,GROWTH,TAX_BENEFIT_IDLE,MOCK,KIRI_2025_20|ASSUMPTION_V1
USR09060,56,50_plus,STABLE_GROWTH,DC_NEGLECT,MOCK,KIRI_2025_20|ASSUMPTION_V1
USR09061,55,50_plus,CONSERVATIVE,DC_NEGLECT,MOCK,KIRI_2025_20|ASSUMPTION_V1
USR09062,44,40s,CONSERVATIVE,DC_NEGLECT,MOCK,KIRI_2025_20|ASSUMPTION_V1
USR09063,30,30s,AGGRESSIVE,TAX_BENEFIT_IDLE,MOCK,KIRI_2025_20|ASSUMPTION_V1
USR09064,52,50_plus,BALANCED,OVERLAP_RISK,MOCK,KIRI_2025_20|ASSUMPTION_V1
USR09065,41,40s,BALANCED,OVERLAP_RISK,MOCK,KIRI_2025_20|ASSUMPTION_V1
USR09066,58,50_plus,STABLE_GROWTH,TAX_BENEFIT_IDLE,MOCK,KIRI_2025_20|ASSUMPTION_V1
USR09067,52,50_plus,STABLE_GROWTH,DC_NEGLECT,MOCK,KIRI_2025_20|ASSUMPTION_V1
USR09068,51,50_plus,BALANCED,OVERLAP_RISK,MOCK,KIRI_2025_20|ASSUMPTION_V1
USR09069,41,40s,STABLE_GROWTH,DC_NEGLECT,MOCK,KIRI_2025_20|ASSUMPTION_V1
USR09070,30,30s,STABLE_GROWTH,OVERLAP_RISK,MOCK,KIRI_2025_20|ASSUMPTION_V1
USR09071,40,40s,BALANCED,TAX_BENEFIT_IDLE,MOCK,KIRI_2025_20|ASSUMPTION_V1
USR09072,31,30s,BALANCED,DC_NEGLECT,MOCK,KIRI_2025_20|ASSUMPTION_V1
USR09073,23,20s,BALANCED,OVERLAP_RISK,MOCK,KIRI_2025_20|ASSUMPTION_V1
USR09074,42,40s,BALANCED,OVERLAP_RISK,MOCK,KIRI_2025_20|ASSUMPTION_V1
USR09075,44,40s,CONSERVATIVE,TAX_BENEFIT_IDLE,MOCK,KIRI_2025_20|ASSUMPTION_V1
USR09076,48,40s,GROWTH,OVERLAP_RISK,MOCK,KIRI_2025_20|ASSUMPTION_V1
USR09077,40,40s,BALANCED,DC_NEGLECT,MOCK,KIRI_2025_20|ASSUMPTION_V1
USR09078,58,50_plus,STABLE_GROWTH,OVERLAP_RISK,MOCK,KIRI_2025_20|ASSUMPTION_V1
USR09079,37,30s,GROWTH,TAX_BENEFIT_IDLE,MOCK,KIRI_2025_20|ASSUMPTION_V1
USR09080,54,50_plus,STABLE_GROWTH,OVERLAP_RISK,MOCK,KIRI_2025_20|ASSUMPTION_V1
USR09081,60,50_plus,CONSERVATIVE,DC_NEGLECT,MOCK,KIRI_2025_20|ASSUMPTION_V1
USR09082,36,30s,BALANCED,OVERLAP_RISK,MOCK,KIRI_2025_20|ASSUMPTION_V1
USR09083,47,40s,AGGRESSIVE,TAX_BENEFIT_IDLE,MOCK,KIRI_2025_20|ASSUMPTION_V1
USR09084,28,20s,AGGRESSIVE,OVERLAP_RISK,MOCK,KIRI_2025_20|ASSUMPTION_V1
USR09085,59,50_plus,BALANCED,TAX_BENEFIT_IDLE,MOCK,KIRI_2025_20|ASSUMPTION_V1
USR09086,58,50_plus,CONSERVATIVE,TAX_BENEFIT_IDLE,MOCK,KIRI_2025_20|ASSUMPTION_V1
USR09087,62,50_plus,BALANCED,TAX_BENEFIT_IDLE,MOCK,KIRI_2025_20|ASSUMPTION_V1
USR09088,29,20s,AGGRESSIVE,DC_NEGLECT,MOCK,KIRI_2025_20|ASSUMPTION_V1
USR09089,47,40s,BALANCED,OVERLAP_RISK,MOCK,KIRI_2025_20|ASSUMPTION_V1
USR09090,44,40s,CONSERVATIVE,TAX_BENEFIT_IDLE,MOCK,KIRI_2025_20|ASSUMPTION_V1
USR09091,39,30s,STABLE_GROWTH,OVERLAP_RISK,MOCK,KIRI_2025_20|ASSUMPTION_V1
USR09092,43,40s,BALANCED,DC_NEGLECT,MOCK,KIRI_2025_20|ASSUMPTION_V1
USR09093,59,50_plus,CONSERVATIVE,OVERLAP_RISK,MOCK,KIRI_2025_20|ASSUMPTION_V1
USR09094,31,30s,BALANCED,DC_NEGLECT,MOCK,KIRI_2025_20|ASSUMPTION_V1
USR09095,57,50_plus,BALANCED,TAX_BENEFIT_IDLE,MOCK,KIRI_2025_20|ASSUMPTION_V1
USR09096,33,30s,AGGRESSIVE,TAX_BENEFIT_IDLE,MOCK,KIRI_2025_20|ASSUMPTION_V1
USR09097,57,50_plus,CONSERVATIVE,OVERLAP_RISK,MOCK,KIRI_2025_20|ASSUMPTION_V1
USR09098,60,50_plus,CONSERVATIVE,OVERLAP_RISK,MOCK,KIRI_2025_20|ASSUMPTION_V1
USR09099,31,30s,CONSERVATIVE,DC_NEGLECT,MOCK,KIRI_2025_20|ASSUMPTION_V1
USR09100,43,40s,BALANCED,OVERLAP_RISK,MOCK,KIRI_2025_20|ASSUMPTION_V1
USR09101,28,20s,STABLE_GROWTH,TAX_BENEFIT_IDLE,MOCK,KIRI_2025_20|ASSUMPTION_V1
USR09102,43,40s,STABLE_GROWTH,TAX_BENEFIT_IDLE,MOCK,KIRI_2025_20|ASSUMPTION_V1
USR09103,30,30s,CONSERVATIVE,OVERLAP_RISK,MOCK,KIRI_2025_20|ASSUMPTION_V1
USR09104,53,50_plus,STABLE_GROWTH,DC_NEGLECT,MOCK,KIRI_2025_20|ASSUMPTION_V1
USR09105,46,40s,BALANCED,DC_NEGLECT,MOCK,KIRI_2025_20|ASSUMPTION_V1
USR09106,32,30s,CONSERVATIVE,DC_NEGLECT,MOCK,KIRI_2025_20|ASSUMPTION_V1
USR09107,43,40s,BALANCED,TAX_BENEFIT_IDLE,MOCK,KIRI_2025_20|ASSUMPTION_V1
USR09108,42,40s,CONSERVATIVE,TAX_BENEFIT_IDLE,MOCK,KIRI_2025_20|ASSUMPTION_V1
USR09109,30,30s,AGGRESSIVE,OVERLAP_RISK,MOCK,KIRI_2025_20|ASSUMPTION_V1
USR09110,55,50_plus,STABLE_GROWTH,DC_NEGLECT,MOCK,KIRI_2025_20|ASSUMPTION_V1
USR09111,23,20s,GROWTH,OVERLAP_RISK,MOCK,KIRI_2025_20|ASSUMPTION_V1
USR09112,61,50_plus,STABLE_GROWTH,TAX_BENEFIT_IDLE,MOCK,KIRI_2025_20|ASSUMPTION_V1
USR09113,35,30s,AGGRESSIVE,OVERLAP_RISK,MOCK,KIRI_2025_20|ASSUMPTION_V1
USR09114,41,40s,STABLE_GROWTH,OVERLAP_RISK,MOCK,KIRI_2025_20|ASSUMPTION_V1
USR09115,54,50_plus,GROWTH,DC_NEGLECT,MOCK,KIRI_2025_20|ASSUMPTION_V1
USR09116,40,40s,AGGRESSIVE,TAX_BENEFIT_IDLE,MOCK,KIRI_2025_20|ASSUMPTION_V1
USR09117,37,30s,GROWTH,DC_NEGLECT,MOCK,KIRI_2025_20|ASSUMPTION_V1
USR09118,34,30s,STABLE_GROWTH,DC_NEGLECT,MOCK,KIRI_2025_20|ASSUMPTION_V1
USR09119,31,30s,GROWTH,OVERLAP_RISK,MOCK,KIRI_2025_20|ASSUMPTION_V1
USR09120,45,40s,GROWTH,DC_NEGLECT,MOCK,KIRI_2025_20|ASSUMPTION_V1
USR09121,49,40s,STABLE_GROWTH,DC_NEGLECT,MOCK,KIRI_2025_20|ASSUMPTION_V1
USR09122,57,50_plus,BALANCED,TAX_BENEFIT_IDLE,MOCK,KIRI_2025_20|ASSUMPTION_V1
USR09123,48,40s,STABLE_GROWTH,DC_NEGLECT,MOCK,KIRI_2025_20|ASSUMPTION_V1
USR09124,25,20s,STABLE_GROWTH,TAX_BENEFIT_IDLE,MOCK,KIRI_2025_20|ASSUMPTION_V1
USR09125,43,40s,STABLE_GROWTH,TAX_BENEFIT_IDLE,MOCK,KIRI_2025_20|ASSUMPTION_V1
USR09126,53,50_plus,STABLE_GROWTH,DC_NEGLECT,MOCK,KIRI_2025_20|ASSUMPTION_V1
USR09127,47,40s,BALANCED,DC_NEGLECT,MOCK,KIRI_2025_20|ASSUMPTION_V1
USR09128,56,50_plus,CONSERVATIVE,DC_NEGLECT,MOCK,KIRI_2025_20|ASSUMPTION_V1
USR09129,44,40s,BALANCED,TAX_BENEFIT_IDLE,MOCK,KIRI_2025_20|ASSUMPTION_V1
USR09130,56,50_plus,BALANCED,DC_NEGLECT,MOCK,KIRI_2025_20|ASSUMPTION_V1
USR09131,61,50_plus,STABLE_GROWTH,DC_NEGLECT,MOCK,KIRI_2025_20|ASSUMPTION_V1
USR09132,26,20s,GROWTH,TAX_BENEFIT_IDLE,MOCK,KIRI_2025_20|ASSUMPTION_V1
USR09133,38,30s,GROWTH,OVERLAP_RISK,MOCK,KIRI_2025_20|ASSUMPTION_V1
USR09134,37,30s,STABLE_GROWTH,TAX_BENEFIT_IDLE,MOCK,KIRI_2025_20|ASSUMPTION_V1
USR09135,56,50_plus,STABLE_GROWTH,TAX_BENEFIT_IDLE,MOCK,KIRI_2025_20|ASSUMPTION_V1
USR09136,30,30s,STABLE_GROWTH,DC_NEGLECT,MOCK,KIRI_2025_20|ASSUMPTION_V1
USR09137,28,20s,GROWTH,DC_NEGLECT,MOCK,KIRI_2025_20|ASSUMPTION_V1
USR09138,25,20s,GROWTH,TAX_BENEFIT_IDLE,MOCK,KIRI_2025_20|ASSUMPTION_V1
USR09139,29,20s,GROWTH,TAX_BENEFIT_IDLE,MOCK,KIRI_2025_20|ASSUMPTION_V1
USR09140,24,20s,AGGRESSIVE,TAX_BENEFIT_IDLE,MOCK,KIRI_2025_20|ASSUMPTION_V1
USR09141,27,20s,AGGRESSIVE,DC_NEGLECT,MOCK,KIRI_2025_20|ASSUMPTION_V1
USR09142,43,40s,STABLE_GROWTH,DC_NEGLECT,MOCK,KIRI_2025_20|ASSUMPTION_V1
USR09143,27,20s,BALANCED,DC_NEGLECT,MOCK,KIRI_2025_20|ASSUMPTION_V1
USR09144,62,50_plus,BALANCED,OVERLAP_RISK,MOCK,KIRI_2025_20|ASSUMPTION_V1
USR09145,32,30s,BALANCED,OVERLAP_RISK,MOCK,KIRI_2025_20|ASSUMPTION_V1
USR09146,40,40s,STABLE_GROWTH,DC_NEGLECT,MOCK,KIRI_2025_20|ASSUMPTION_V1
USR09147,30,30s,STABLE_GROWTH,OVERLAP_RISK,MOCK,KIRI_2025_20|ASSUMPTION_V1
USR09148,42,40s,GROWTH,OVERLAP_RISK,MOCK,KIRI_2025_20|ASSUMPTION_V1
USR09149,30,30s,AGGRESSIVE,OVERLAP_RISK,MOCK,KIRI_2025_20|ASSUMPTION_V1
USR09150,55,50_plus,CONSERVATIVE,TAX_BENEFIT_IDLE,MOCK,KIRI_2025_20|ASSUMPTION_V1
USR09151,57,50_plus,BALANCED,OVERLAP_RISK,MOCK,KIRI_2025_20|ASSUMPTION_V1
USR09152,30,30s,GROWTH,TAX_BENEFIT_IDLE,MOCK,KIRI_2025_20|ASSUMPTION_V1
USR09153,48,40s,STABLE_GROWTH,TAX_BENEFIT_IDLE,MOCK,KIRI_2025_20|ASSUMPTION_V1
USR09154,56,50_plus,STABLE_GROWTH,DC_NEGLECT,MOCK,KIRI_2025_20|ASSUMPTION_V1
USR09155,47,40s,BALANCED,TAX_BENEFIT_IDLE,MOCK,KIRI_2025_20|ASSUMPTION_V1
USR09156,21,20s,GROWTH,TAX_BENEFIT_IDLE,MOCK,KIRI_2025_20|ASSUMPTION_V1
USR09157,35,30s,STABLE_GROWTH,DC_NEGLECT,MOCK,KIRI_2025_20|ASSUMPTION_V1
USR09158,45,40s,BALANCED,DC_NEGLECT,MOCK,KIRI_2025_20|ASSUMPTION_V1
USR09159,32,30s,GROWTH,DC_NEGLECT,MOCK,KIRI_2025_20|ASSUMPTION_V1
USR09160,37,30s,STABLE_GROWTH,TAX_BENEFIT_IDLE,MOCK,KIRI_2025_20|ASSUMPTION_V1
USR09161,49,40s,AGGRESSIVE,TAX_BENEFIT_IDLE,MOCK,KIRI_2025_20|ASSUMPTION_V1
USR09162,38,30s,GROWTH,DC_NEGLECT,MOCK,KIRI_2025_20|ASSUMPTION_V1
USR09163,59,50_plus,CONSERVATIVE,DC_NEGLECT,MOCK,KIRI_2025_20|ASSUMPTION_V1
USR09164,37,30s,BALANCED,OVERLAP_RISK,MOCK,KIRI_2025_20|ASSUMPTION_V1
USR09165,51,50_plus,STABLE_GROWTH,DC_NEGLECT,MOCK,KIRI_2025_20|ASSUMPTION_V1
USR09166,34,30s,AGGRESSIVE,OVERLAP_RISK,MOCK,KIRI_2025_20|ASSUMPTION_V1
USR09167,21,20s,CONSERVATIVE,OVERLAP_RISK,MOCK,KIRI_2025_20|ASSUMPTION_V1
USR09168,26,20s,GROWTH,TAX_BENEFIT_IDLE,MOCK,KIRI_2025_20|ASSUMPTION_V1
USR09169,49,40s,STABLE_GROWTH,TAX_BENEFIT_IDLE,MOCK,KIRI_2025_20|ASSUMPTION_V1
USR09170,53,50_plus,STABLE_GROWTH,DC_NEGLECT,MOCK,KIRI_2025_20|ASSUMPTION_V1
USR09171,58,50_plus,GROWTH,OVERLAP_RISK,MOCK,KIRI_2025_20|ASSUMPTION_V1
USR09172,64,50_plus,CONSERVATIVE,OVERLAP_RISK,MOCK,KIRI_2025_20|ASSUMPTION_V1
USR09173,39,30s,AGGRESSIVE,DC_NEGLECT,MOCK,KIRI_2025_20|ASSUMPTION_V1
USR09174,38,30s,CONSERVATIVE,TAX_BENEFIT_IDLE,MOCK,KIRI_2025_20|ASSUMPTION_V1
USR09175,61,50_plus,GROWTH,DC_NEGLECT,MOCK,KIRI_2025_20|ASSUMPTION_V1
USR09176,44,40s,BALANCED,TAX_BENEFIT_IDLE,MOCK,KIRI_2025_20|ASSUMPTION_V1
USR09177,44,40s,GROWTH,OVERLAP_RISK,MOCK,KIRI_2025_20|ASSUMPTION_V1
USR09178,63,50_plus,CONSERVATIVE,TAX_BENEFIT_IDLE,MOCK,KIRI_2025_20|ASSUMPTION_V1
USR09179,34,30s,BALANCED,TAX_BENEFIT_IDLE,MOCK,KIRI_2025_20|ASSUMPTION_V1
USR09180,58,50_plus,BALANCED,DC_NEGLECT,MOCK,KIRI_2025_20|ASSUMPTION_V1
USR09181,49,40s,STABLE_GROWTH,DC_NEGLECT,MOCK,KIRI_2025_20|ASSUMPTION_V1
USR09182,53,50_plus,STABLE_GROWTH,OVERLAP_RISK,MOCK,KIRI_2025_20|ASSUMPTION_V1
USR09183,61,50_plus,CONSERVATIVE,TAX_BENEFIT_IDLE,MOCK,KIRI_2025_20|ASSUMPTION_V1
USR09184,53,50_plus,CONSERVATIVE,OVERLAP_RISK,MOCK,KIRI_2025_20|ASSUMPTION_V1
USR09185,61,50_plus,CONSERVATIVE,DC_NEGLECT,MOCK,KIRI_2025_20|ASSUMPTION_V1
USR09186,40,40s,GROWTH,OVERLAP_RISK,MOCK,KIRI_2025_20|ASSUMPTION_V1
USR09187,45,40s,BALANCED,DC_NEGLECT,MOCK,KIRI_2025_20|ASSUMPTION_V1
USR09188,39,30s,CONSERVATIVE,TAX_BENEFIT_IDLE,MOCK,KIRI_2025_20|ASSUMPTION_V1
USR09189,43,40s,STABLE_GROWTH,OVERLAP_RISK,MOCK,KIRI_2025_20|ASSUMPTION_V1
USR09190,36,30s,AGGRESSIVE,TAX_BENEFIT_IDLE,MOCK,KIRI_2025_20|ASSUMPTION_V1
USR09191,31,30s,STABLE_GROWTH,OVERLAP_RISK,MOCK,KIRI_2025_20|ASSUMPTION_V1
USR09192,30,30s,BALANCED,OVERLAP_RISK,MOCK,KIRI_2025_20|ASSUMPTION_V1
USR09193,64,50_plus,CONSERVATIVE,DC_NEGLECT,MOCK,KIRI_2025_20|ASSUMPTION_V1
USR09194,23,20s,STABLE_GROWTH,OVERLAP_RISK,MOCK,KIRI_2025_20|ASSUMPTION_V1
USR09195,60,50_plus,CONSERVATIVE,TAX_BENEFIT_IDLE,MOCK,KIRI_2025_20|ASSUMPTION_V1
USR09196,49,40s,STABLE_GROWTH,TAX_BENEFIT_IDLE,MOCK,KIRI_2025_20|ASSUMPTION_V1
USR09197,20,20s,BALANCED,OVERLAP_RISK,MOCK,KIRI_2025_20|ASSUMPTION_V1
USR09198,46,40s,STABLE_GROWTH,OVERLAP_RISK,MOCK,KIRI_2025_20|ASSUMPTION_V1
USR09199,37,30s,GROWTH,OVERLAP_RISK,MOCK,KIRI_2025_20|ASSUMPTION_V1
USR09200,24,20s,GROWTH,TAX_BENEFIT_IDLE,MOCK,KIRI_2025_20|ASSUMPTION_V1
USR09201,34,30s,STABLE_GROWTH,TAX_BENEFIT_IDLE,MOCK,KIRI_2025_20|ASSUMPTION_V1
USR09202,33,30s,STABLE_GROWTH,OVERLAP_RISK,MOCK,KIRI_2025_20|ASSUMPTION_V1
USR09203,28,20s,GROWTH,TAX_BENEFIT_IDLE,MOCK,KIRI_2025_20|ASSUMPTION_V1
USR09204,22,20s,STABLE_GROWTH,TAX_BENEFIT_IDLE,MOCK,KIRI_2025_20|ASSUMPTION_V1
USR09205,42,40s,BALANCED,OVERLAP_RISK,MOCK,KIRI_2025_20|ASSUMPTION_V1
USR09206,64,50_plus,CONSERVATIVE,DC_NEGLECT,MOCK,KIRI_2025_20|ASSUMPTION_V1
USR09207,32,30s,BALANCED,TAX_BENEFIT_IDLE,MOCK,KIRI_2025_20|ASSUMPTION_V1
USR09208,61,50_plus,GROWTH,TAX_BENEFIT_IDLE,MOCK,KIRI_2025_20|ASSUMPTION_V1
USR09209,51,50_plus,STABLE_GROWTH,DC_NEGLECT,MOCK,KIRI_2025_20|ASSUMPTION_V1
USR09210,35,30s,STABLE_GROWTH,OVERLAP_RISK,MOCK,KIRI_2025_20|ASSUMPTION_V1
USR09211,42,40s,CONSERVATIVE,OVERLAP_RISK,MOCK,KIRI_2025_20|ASSUMPTION_V1
USR09212,20,20s,GROWTH,TAX_BENEFIT_IDLE,MOCK,KIRI_2025_20|ASSUMPTION_V1
USR09213,57,50_plus,BALANCED,DC_NEGLECT,MOCK,KIRI_2025_20|ASSUMPTION_V1
USR09214,62,50_plus,BALANCED,OVERLAP_RISK,MOCK,KIRI_2025_20|ASSUMPTION_V1
USR09215,55,50_plus,BALANCED,DC_NEGLECT,MOCK,KIRI_2025_20|ASSUMPTION_V1
USR09216,23,20s,BALANCED,TAX_BENEFIT_IDLE,MOCK,KIRI_2025_20|ASSUMPTION_V1
USR09217,47,40s,STABLE_GROWTH,TAX_BENEFIT_IDLE,MOCK,KIRI_2025_20|ASSUMPTION_V1
USR09218,24,20s,GROWTH,OVERLAP_RISK,MOCK,KIRI_2025_20|ASSUMPTION_V1
USR09219,52,50_plus,CONSERVATIVE,DC_NEGLECT,MOCK,KIRI_2025_20|ASSUMPTION_V1
USR09220,27,20s,BALANCED,TAX_BENEFIT_IDLE,MOCK,KIRI_2025_20|ASSUMPTION_V1
USR09221,50,50_plus,BALANCED,DC_NEGLECT,MOCK,KIRI_2025_20|ASSUMPTION_V1
USR09222,42,40s,BALANCED,DC_NEGLECT,MOCK,KIRI_2025_20|ASSUMPTION_V1
USR09223,26,20s,BALANCED,TAX_BENEFIT_IDLE,MOCK,KIRI_2025_20|ASSUMPTION_V1
USR09224,44,40s,STABLE_GROWTH,DC_NEGLECT,MOCK,KIRI_2025_20|ASSUMPTION_V1
USR09225,23,20s,BALANCED,TAX_BENEFIT_IDLE,MOCK,KIRI_2025_20|ASSUMPTION_V1
USR09226,21,20s,BALANCED,OVERLAP_RISK,MOCK,KIRI_2025_20|ASSUMPTION_V1
USR09227,53,50_plus,BALANCED,TAX_BENEFIT_IDLE,MOCK,KIRI_2025_20|ASSUMPTION_V1
USR09228,61,50_plus,BALANCED,OVERLAP_RISK,MOCK,KIRI_2025_20|ASSUMPTION_V1
USR09229,49,40s,GROWTH,DC_NEGLECT,MOCK,KIRI_2025_20|ASSUMPTION_V1
USR09230,30,30s,GROWTH,OVERLAP_RISK,MOCK,KIRI_2025_20|ASSUMPTION_V1
USR09231,36,30s,STABLE_GROWTH,OVERLAP_RISK,MOCK,KIRI_2025_20|ASSUMPTION_V1
USR09232,37,30s,BALANCED,DC_NEGLECT,MOCK,KIRI_2025_20|ASSUMPTION_V1
USR09233,33,30s,STABLE_GROWTH,DC_NEGLECT,MOCK,KIRI_2025_20|ASSUMPTION_V1
USR09234,26,20s,AGGRESSIVE,DC_NEGLECT,MOCK,KIRI_2025_20|ASSUMPTION_V1
USR09235,59,50_plus,STABLE_GROWTH,OVERLAP_RISK,MOCK,KIRI_2025_20|ASSUMPTION_V1
USR09236,48,40s,GROWTH,DC_NEGLECT,MOCK,KIRI_2025_20|ASSUMPTION_V1
USR09237,38,30s,BALANCED,DC_NEGLECT,MOCK,KIRI_2025_20|ASSUMPTION_V1
USR09238,20,20s,AGGRESSIVE,OVERLAP_RISK,MOCK,KIRI_2025_20|ASSUMPTION_V1
USR09239,52,50_plus,CONSERVATIVE,DC_NEGLECT,MOCK,KIRI_2025_20|ASSUMPTION_V1
USR09240,64,50_plus,STABLE_GROWTH,DC_NEGLECT,MOCK,KIRI_2025_20|ASSUMPTION_V1
USR09241,46,40s,STABLE_GROWTH,DC_NEGLECT,MOCK,KIRI_2025_20|ASSUMPTION_V1
USR09242,50,50_plus,CONSERVATIVE,OVERLAP_RISK,MOCK,KIRI_2025_20|ASSUMPTION_V1
USR09243,40,40s,STABLE_GROWTH,DC_NEGLECT,MOCK,KIRI_2025_20|ASSUMPTION_V1
USR09244,49,40s,BALANCED,OVERLAP_RISK,MOCK,KIRI_2025_20|ASSUMPTION_V1
USR09245,40,40s,GROWTH,TAX_BENEFIT_IDLE,MOCK,KIRI_2025_20|ASSUMPTION_V1
USR09246,58,50_plus,CONSERVATIVE,DC_NEGLECT,MOCK,KIRI_2025_20|ASSUMPTION_V1
USR09247,58,50_plus,STABLE_GROWTH,DC_NEGLECT,MOCK,KIRI_2025_20|ASSUMPTION_V1
USR09248,51,50_plus,BALANCED,DC_NEGLECT,MOCK,KIRI_2025_20|ASSUMPTION_V1
USR09249,28,20s,AGGRESSIVE,DC_NEGLECT,MOCK,KIRI_2025_20|ASSUMPTION_V1
USR09250,37,30s,AGGRESSIVE,DC_NEGLECT,MOCK,KIRI_2025_20|ASSUMPTION_V1
USR09251,39,30s,BALANCED,OVERLAP_RISK,MOCK,KIRI_2025_20|ASSUMPTION_V1
USR09252,60,50_plus,STABLE_GROWTH,TAX_BENEFIT_IDLE,MOCK,KIRI_2025_20|ASSUMPTION_V1
USR09253,53,50_plus,STABLE_GROWTH,DC_NEGLECT,MOCK,KIRI_2025_20|ASSUMPTION_V1
USR09254,52,50_plus,CONSERVATIVE,DC_NEGLECT,MOCK,KIRI_2025_20|ASSUMPTION_V1
USR09255,49,40s,GROWTH,DC_NEGLECT,MOCK,KIRI_2025_20|ASSUMPTION_V1
USR09256,37,30s,STABLE_GROWTH,DC_NEGLECT,MOCK,KIRI_2025_20|ASSUMPTION_V1
USR09257,45,40s,BALANCED,OVERLAP_RISK,MOCK,KIRI_2025_20|ASSUMPTION_V1
USR09258,34,30s,STABLE_GROWTH,OVERLAP_RISK,MOCK,KIRI_2025_20|ASSUMPTION_V1
USR09259,55,50_plus,BALANCED,OVERLAP_RISK,MOCK,KIRI_2025_20|ASSUMPTION_V1
USR09260,62,50_plus,BALANCED,DC_NEGLECT,MOCK,KIRI_2025_20|ASSUMPTION_V1
USR09261,35,30s,STABLE_GROWTH,TAX_BENEFIT_IDLE,MOCK,KIRI_2025_20|ASSUMPTION_V1
USR09262,33,30s,GROWTH,OVERLAP_RISK,MOCK,KIRI_2025_20|ASSUMPTION_V1
USR09263,20,20s,BALANCED,OVERLAP_RISK,MOCK,KIRI_2025_20|ASSUMPTION_V1
USR09264,47,40s,STABLE_GROWTH,DC_NEGLECT,MOCK,KIRI_2025_20|ASSUMPTION_V1
USR09265,46,40s,STABLE_GROWTH,DC_NEGLECT,MOCK,KIRI_2025_20|ASSUMPTION_V1
USR09266,58,50_plus,CONSERVATIVE,TAX_BENEFIT_IDLE,MOCK,KIRI_2025_20|ASSUMPTION_V1
USR09267,47,40s,STABLE_GROWTH,TAX_BENEFIT_IDLE,MOCK,KIRI_2025_20|ASSUMPTION_V1
USR09268,24,20s,GROWTH,TAX_BENEFIT_IDLE,MOCK,KIRI_2025_20|ASSUMPTION_V1
USR09269,57,50_plus,STABLE_GROWTH,OVERLAP_RISK,MOCK,KIRI_2025_20|ASSUMPTION_V1
USR09270,37,30s,BALANCED,DC_NEGLECT,MOCK,KIRI_2025_20|ASSUMPTION_V1
USR09271,58,50_plus,STABLE_GROWTH,OVERLAP_RISK,MOCK,KIRI_2025_20|ASSUMPTION_V1
USR09272,38,30s,CONSERVATIVE,DC_NEGLECT,MOCK,KIRI_2025_20|ASSUMPTION_V1
USR09273,48,40s,BALANCED,DC_NEGLECT,MOCK,KIRI_2025_20|ASSUMPTION_V1
USR09274,39,30s,AGGRESSIVE,DC_NEGLECT,MOCK,KIRI_2025_20|ASSUMPTION_V1
USR09275,22,20s,BALANCED,OVERLAP_RISK,MOCK,KIRI_2025_20|ASSUMPTION_V1
USR09276,41,40s,STABLE_GROWTH,TAX_BENEFIT_IDLE,MOCK,KIRI_2025_20|ASSUMPTION_V1
USR09277,35,30s,GROWTH,TAX_BENEFIT_IDLE,MOCK,KIRI_2025_20|ASSUMPTION_V1
USR09278,37,30s,CONSERVATIVE,TAX_BENEFIT_IDLE,MOCK,KIRI_2025_20|ASSUMPTION_V1
USR09279,50,50_plus,AGGRESSIVE,DC_NEGLECT,MOCK,KIRI_2025_20|ASSUMPTION_V1
USR09280,43,40s,BALANCED,DC_NEGLECT,MOCK,KIRI_2025_20|ASSUMPTION_V1
USR09281,42,40s,BALANCED,TAX_BENEFIT_IDLE,MOCK,KIRI_2025_20|ASSUMPTION_V1
USR09282,41,40s,STABLE_GROWTH,DC_NEGLECT,MOCK,KIRI_2025_20|ASSUMPTION_V1
USR09283,31,30s,BALANCED,OVERLAP_RISK,MOCK,KIRI_2025_20|ASSUMPTION_V1
USR09284,47,40s,BALANCED,OVERLAP_RISK,MOCK,KIRI_2025_20|ASSUMPTION_V1
USR09285,42,40s,STABLE_GROWTH,TAX_BENEFIT_IDLE,MOCK,KIRI_2025_20|ASSUMPTION_V1
USR09286,46,40s,CONSERVATIVE,OVERLAP_RISK,MOCK,KIRI_2025_20|ASSUMPTION_V1
USR09287,38,30s,STABLE_GROWTH,DC_NEGLECT,MOCK,KIRI_2025_20|ASSUMPTION_V1
USR09288,62,50_plus,AGGRESSIVE,TAX_BENEFIT_IDLE,MOCK,KIRI_2025_20|ASSUMPTION_V1
USR09289,64,50_plus,BALANCED,DC_NEGLECT,MOCK,KIRI_2025_20|ASSUMPTION_V1
USR09290,33,30s,BALANCED,TAX_BENEFIT_IDLE,MOCK,KIRI_2025_20|ASSUMPTION_V1
USR09291,21,20s,AGGRESSIVE,TAX_BENEFIT_IDLE,MOCK,KIRI_2025_20|ASSUMPTION_V1
USR09292,43,40s,CONSERVATIVE,DC_NEGLECT,MOCK,KIRI_2025_20|ASSUMPTION_V1
USR09293,50,50_plus,STABLE_GROWTH,OVERLAP_RISK,MOCK,KIRI_2025_20|ASSUMPTION_V1
USR09294,40,40s,STABLE_GROWTH,DC_NEGLECT,MOCK,KIRI_2025_20|ASSUMPTION_V1
USR09295,62,50_plus,CONSERVATIVE,OVERLAP_RISK,MOCK,KIRI_2025_20|ASSUMPTION_V1
USR09296,43,40s,CONSERVATIVE,OVERLAP_RISK,MOCK,KIRI_2025_20|ASSUMPTION_V1
USR09297,44,40s,BALANCED,OVERLAP_RISK,MOCK,KIRI_2025_20|ASSUMPTION_V1
USR09298,40,40s,CONSERVATIVE,DC_NEGLECT,MOCK,KIRI_2025_20|ASSUMPTION_V1
USR09299,23,20s,STABLE_GROWTH,OVERLAP_RISK,MOCK,KIRI_2025_20|ASSUMPTION_V1
USR09300,49,40s,STABLE_GROWTH,OVERLAP_RISK,MOCK,KIRI_2025_20|ASSUMPTION_V1
USR09301,24,20s,AGGRESSIVE,DC_NEGLECT,MOCK,KIRI_2025_20|ASSUMPTION_V1
USR09302,46,40s,STABLE_GROWTH,OVERLAP_RISK,MOCK,KIRI_2025_20|ASSUMPTION_V1
USR09303,49,40s,AGGRESSIVE,OVERLAP_RISK,MOCK,KIRI_2025_20|ASSUMPTION_V1
USR09304,55,50_plus,BALANCED,TAX_BENEFIT_IDLE,MOCK,KIRI_2025_20|ASSUMPTION_V1
USR09305,37,30s,CONSERVATIVE,DC_NEGLECT,MOCK,KIRI_2025_20|ASSUMPTION_V1
USR09306,44,40s,BALANCED,DC_NEGLECT,MOCK,KIRI_2025_20|ASSUMPTION_V1
USR09307,61,50_plus,CONSERVATIVE,DC_NEGLECT,MOCK,KIRI_2025_20|ASSUMPTION_V1
USR09308,37,30s,GROWTH,TAX_BENEFIT_IDLE,MOCK,KIRI_2025_20|ASSUMPTION_V1
USR09309,43,40s,AGGRESSIVE,OVERLAP_RISK,MOCK,KIRI_2025_20|ASSUMPTION_V1
USR09310,33,30s,STABLE_GROWTH,DC_NEGLECT,MOCK,KIRI_2025_20|ASSUMPTION_V1
USR09311,40,40s,GROWTH,TAX_BENEFIT_IDLE,MOCK,KIRI_2025_20|ASSUMPTION_V1
USR09312,46,40s,CONSERVATIVE,DC_NEGLECT,MOCK,KIRI_2025_20|ASSUMPTION_V1
USR09313,44,40s,CONSERVATIVE,DC_NEGLECT,MOCK,KIRI_2025_20|ASSUMPTION_V1
USR09314,26,20s,BALANCED,OVERLAP_RISK,MOCK,KIRI_2025_20|ASSUMPTION_V1
USR09315,37,30s,AGGRESSIVE,OVERLAP_RISK,MOCK,KIRI_2025_20|ASSUMPTION_V1
USR09316,38,30s,STABLE_GROWTH,TAX_BENEFIT_IDLE,MOCK,KIRI_2025_20|ASSUMPTION_V1
USR09317,62,50_plus,STABLE_GROWTH,DC_NEGLECT,MOCK,KIRI_2025_20|ASSUMPTION_V1
USR09318,34,30s,GROWTH,OVERLAP_RISK,MOCK,KIRI_2025_20|ASSUMPTION_V1
USR09319,53,50_plus,CONSERVATIVE,OVERLAP_RISK,MOCK,KIRI_2025_20|ASSUMPTION_V1
USR09320,42,40s,BALANCED,OVERLAP_RISK,MOCK,KIRI_2025_20|ASSUMPTION_V1
USR09321,30,30s,STABLE_GROWTH,OVERLAP_RISK,MOCK,KIRI_2025_20|ASSUMPTION_V1
USR09322,39,30s,GROWTH,DC_NEGLECT,MOCK,KIRI_2025_20|ASSUMPTION_V1
USR09323,38,30s,STABLE_GROWTH,DC_NEGLECT,MOCK,KIRI_2025_20|ASSUMPTION_V1
USR09324,41,40s,STABLE_GROWTH,TAX_BENEFIT_IDLE,MOCK,KIRI_2025_20|ASSUMPTION_V1
USR09325,62,50_plus,CONSERVATIVE,TAX_BENEFIT_IDLE,MOCK,KIRI_2025_20|ASSUMPTION_V1
USR09326,49,40s,BALANCED,TAX_BENEFIT_IDLE,MOCK,KIRI_2025_20|ASSUMPTION_V1
USR09327,41,40s,GROWTH,OVERLAP_RISK,MOCK,KIRI_2025_20|ASSUMPTION_V1
USR09328,41,40s,BALANCED,DC_NEGLECT,MOCK,KIRI_2025_20|ASSUMPTION_V1
USR09329,33,30s,STABLE_GROWTH,DC_NEGLECT,MOCK,KIRI_2025_20|ASSUMPTION_V1
USR09330,30,30s,BALANCED,DC_NEGLECT,MOCK,KIRI_2025_20|ASSUMPTION_V1
USR09331,39,30s,GROWTH,DC_NEGLECT,MOCK,KIRI_2025_20|ASSUMPTION_V1
USR09332,50,50_plus,STABLE_GROWTH,OVERLAP_RISK,MOCK,KIRI_2025_20|ASSUMPTION_V1
USR09333,32,30s,AGGRESSIVE,TAX_BENEFIT_IDLE,MOCK,KIRI_2025_20|ASSUMPTION_V1
USR09334,45,40s,BALANCED,DC_NEGLECT,MOCK,KIRI_2025_20|ASSUMPTION_V1
USR09335,35,30s,AGGRESSIVE,OVERLAP_RISK,MOCK,KIRI_2025_20|ASSUMPTION_V1
USR09336,45,40s,GROWTH,DC_NEGLECT,MOCK,KIRI_2025_20|ASSUMPTION_V1
USR09337,41,40s,BALANCED,TAX_BENEFIT_IDLE,MOCK,KIRI_2025_20|ASSUMPTION_V1
USR09338,43,40s,BALANCED,OVERLAP_RISK,MOCK,KIRI_2025_20|ASSUMPTION_V1
USR09339,53,50_plus,STABLE_GROWTH,TAX_BENEFIT_IDLE,MOCK,KIRI_2025_20|ASSUMPTION_V1
USR09340,29,20s,BALANCED,OVERLAP_RISK,MOCK,KIRI_2025_20|ASSUMPTION_V1
USR09341,64,50_plus,STABLE_GROWTH,OVERLAP_RISK,MOCK,KIRI_2025_20|ASSUMPTION_V1
USR09342,59,50_plus,CONSERVATIVE,DC_NEGLECT,MOCK,KIRI_2025_20|ASSUMPTION_V1
USR09343,35,30s,BALANCED,OVERLAP_RISK,MOCK,KIRI_2025_20|ASSUMPTION_V1
USR09344,49,40s,BALANCED,OVERLAP_RISK,MOCK,KIRI_2025_20|ASSUMPTION_V1
USR09345,64,50_plus,GROWTH,OVERLAP_RISK,MOCK,KIRI_2025_20|ASSUMPTION_V1
USR09346,41,40s,STABLE_GROWTH,DC_NEGLECT,MOCK,KIRI_2025_20|ASSUMPTION_V1
USR09347,48,40s,GROWTH,TAX_BENEFIT_IDLE,MOCK,KIRI_2025_20|ASSUMPTION_V1
USR09348,22,20s,CONSERVATIVE,OVERLAP_RISK,MOCK,KIRI_2025_20|ASSUMPTION_V1
USR09349,48,40s,BALANCED,DC_NEGLECT,MOCK,KIRI_2025_20|ASSUMPTION_V1
USR09350,37,30s,BALANCED,TAX_BENEFIT_IDLE,MOCK,KIRI_2025_20|ASSUMPTION_V1
USR09351,37,30s,BALANCED,DC_NEGLECT,MOCK,KIRI_2025_20|ASSUMPTION_V1
USR09352,47,40s,BALANCED,DC_NEGLECT,MOCK,KIRI_2025_20|ASSUMPTION_V1
USR09353,45,40s,CONSERVATIVE,TAX_BENEFIT_IDLE,MOCK,KIRI_2025_20|ASSUMPTION_V1
USR09354,58,50_plus,CONSERVATIVE,OVERLAP_RISK,MOCK,KIRI_2025_20|ASSUMPTION_V1
USR09355,51,50_plus,STABLE_GROWTH,DC_NEGLECT,MOCK,KIRI_2025_20|ASSUMPTION_V1
USR09356,37,30s,CONSERVATIVE,OVERLAP_RISK,MOCK,KIRI_2025_20|ASSUMPTION_V1
USR09357,42,40s,BALANCED,DC_NEGLECT,MOCK,KIRI_2025_20|ASSUMPTION_V1
USR09358,33,30s,GROWTH,DC_NEGLECT,MOCK,KIRI_2025_20|ASSUMPTION_V1
USR09359,33,30s,BALANCED,OVERLAP_RISK,MOCK,KIRI_2025_20|ASSUMPTION_V1
USR09360,27,20s,CONSERVATIVE,TAX_BENEFIT_IDLE,MOCK,KIRI_2025_20|ASSUMPTION_V1
USR09361,59,50_plus,STABLE_GROWTH,TAX_BENEFIT_IDLE,MOCK,KIRI_2025_20|ASSUMPTION_V1
USR09362,54,50_plus,GROWTH,DC_NEGLECT,MOCK,KIRI_2025_20|ASSUMPTION_V1
USR09363,48,40s,STABLE_GROWTH,DC_NEGLECT,MOCK,KIRI_2025_20|ASSUMPTION_V1
USR09364,32,30s,CONSERVATIVE,OVERLAP_RISK,MOCK,KIRI_2025_20|ASSUMPTION_V1
USR09365,33,30s,AGGRESSIVE,TAX_BENEFIT_IDLE,MOCK,KIRI_2025_20|ASSUMPTION_V1
USR09366,20,20s,GROWTH,TAX_BENEFIT_IDLE,MOCK,KIRI_2025_20|ASSUMPTION_V1
USR09367,39,30s,BALANCED,OVERLAP_RISK,MOCK,KIRI_2025_20|ASSUMPTION_V1
USR09368,46,40s,GROWTH,DC_NEGLECT,MOCK,KIRI_2025_20|ASSUMPTION_V1
USR09369,45,40s,STABLE_GROWTH,DC_NEGLECT,MOCK,KIRI_2025_20|ASSUMPTION_V1
USR09370,58,50_plus,CONSERVATIVE,DC_NEGLECT,MOCK,KIRI_2025_20|ASSUMPTION_V1
USR09371,64,50_plus,STABLE_GROWTH,TAX_BENEFIT_IDLE,MOCK,KIRI_2025_20|ASSUMPTION_V1
USR09372,40,40s,CONSERVATIVE,OVERLAP_RISK,MOCK,KIRI_2025_20|ASSUMPTION_V1
USR09373,42,40s,STABLE_GROWTH,OVERLAP_RISK,MOCK,KIRI_2025_20|ASSUMPTION_V1
USR09374,52,50_plus,STABLE_GROWTH,DC_NEGLECT,MOCK,KIRI_2025_20|ASSUMPTION_V1
USR09375,45,40s,BALANCED,TAX_BENEFIT_IDLE,MOCK,KIRI_2025_20|ASSUMPTION_V1
USR09376,33,30s,GROWTH,OVERLAP_RISK,MOCK,KIRI_2025_20|ASSUMPTION_V1
USR09377,32,30s,GROWTH,OVERLAP_RISK,MOCK,KIRI_2025_20|ASSUMPTION_V1
USR09378,53,50_plus,CONSERVATIVE,OVERLAP_RISK,MOCK,KIRI_2025_20|ASSUMPTION_V1
USR09379,61,50_plus,BALANCED,DC_NEGLECT,MOCK,KIRI_2025_20|ASSUMPTION_V1
USR09380,47,40s,AGGRESSIVE,DC_NEGLECT,MOCK,KIRI_2025_20|ASSUMPTION_V1
USR09381,39,30s,BALANCED,TAX_BENEFIT_IDLE,MOCK,KIRI_2025_20|ASSUMPTION_V1
USR09382,33,30s,STABLE_GROWTH,DC_NEGLECT,MOCK,KIRI_2025_20|ASSUMPTION_V1
USR09383,29,20s,STABLE_GROWTH,OVERLAP_RISK,MOCK,KIRI_2025_20|ASSUMPTION_V1
USR09384,35,30s,BALANCED,TAX_BENEFIT_IDLE,MOCK,KIRI_2025_20|ASSUMPTION_V1
USR09385,46,40s,GROWTH,TAX_BENEFIT_IDLE,MOCK,KIRI_2025_20|ASSUMPTION_V1
USR09386,32,30s,STABLE_GROWTH,OVERLAP_RISK,MOCK,KIRI_2025_20|ASSUMPTION_V1
USR09387,57,50_plus,STABLE_GROWTH,OVERLAP_RISK,MOCK,KIRI_2025_20|ASSUMPTION_V1
USR09388,37,30s,GROWTH,TAX_BENEFIT_IDLE,MOCK,KIRI_2025_20|ASSUMPTION_V1
USR09389,41,40s,BALANCED,TAX_BENEFIT_IDLE,MOCK,KIRI_2025_20|ASSUMPTION_V1
USR09390,31,30s,BALANCED,DC_NEGLECT,MOCK,KIRI_2025_20|ASSUMPTION_V1
USR09391,21,20s,BALANCED,TAX_BENEFIT_IDLE,MOCK,KIRI_2025_20|ASSUMPTION_V1
USR09392,45,40s,AGGRESSIVE,OVERLAP_RISK,MOCK,KIRI_2025_20|ASSUMPTION_V1
USR09393,21,20s,GROWTH,TAX_BENEFIT_IDLE,MOCK,KIRI_2025_20|ASSUMPTION_V1
USR09394,63,50_plus,BALANCED,TAX_BENEFIT_IDLE,MOCK,KIRI_2025_20|ASSUMPTION_V1
USR09395,47,40s,CONSERVATIVE,DC_NEGLECT,MOCK,KIRI_2025_20|ASSUMPTION_V1
USR09396,39,30s,STABLE_GROWTH,DC_NEGLECT,MOCK,KIRI_2025_20|ASSUMPTION_V1
USR09397,38,30s,GROWTH,TAX_BENEFIT_IDLE,MOCK,KIRI_2025_20|ASSUMPTION_V1
USR09398,34,30s,GROWTH,OVERLAP_RISK,MOCK,KIRI_2025_20|ASSUMPTION_V1
USR09399,37,30s,CONSERVATIVE,OVERLAP_RISK,MOCK,KIRI_2025_20|ASSUMPTION_V1
USR09400,53,50_plus,CONSERVATIVE,DC_NEGLECT,MOCK,KIRI_2025_20|ASSUMPTION_V1
USR09401,27,20s,BALANCED,OVERLAP_RISK,MOCK,KIRI_2025_20|ASSUMPTION_V1
USR09402,39,30s,STABLE_GROWTH,OVERLAP_RISK,MOCK,KIRI_2025_20|ASSUMPTION_V1
USR09403,44,40s,STABLE_GROWTH,OVERLAP_RISK,MOCK,KIRI_2025_20|ASSUMPTION_V1
USR09404,46,40s,CONSERVATIVE,TAX_BENEFIT_IDLE,MOCK,KIRI_2025_20|ASSUMPTION_V1
USR09405,59,50_plus,CONSERVATIVE,OVERLAP_RISK,MOCK,KIRI_2025_20|ASSUMPTION_V1
USR09406,64,50_plus,BALANCED,DC_NEGLECT,MOCK,KIRI_2025_20|ASSUMPTION_V1
USR09407,40,40s,STABLE_GROWTH,OVERLAP_RISK,MOCK,KIRI_2025_20|ASSUMPTION_V1
USR09408,59,50_plus,BALANCED,OVERLAP_RISK,MOCK,KIRI_2025_20|ASSUMPTION_V1
USR09409,57,50_plus,STABLE_GROWTH,TAX_BENEFIT_IDLE,MOCK,KIRI_2025_20|ASSUMPTION_V1
USR09410,58,50_plus,BALANCED,TAX_BENEFIT_IDLE,MOCK,KIRI_2025_20|ASSUMPTION_V1
USR09411,35,30s,GROWTH,DC_NEGLECT,MOCK,KIRI_2025_20|ASSUMPTION_V1
USR09412,49,40s,CONSERVATIVE,TAX_BENEFIT_IDLE,MOCK,KIRI_2025_20|ASSUMPTION_V1
USR09413,35,30s,STABLE_GROWTH,TAX_BENEFIT_IDLE,MOCK,KIRI_2025_20|ASSUMPTION_V1
USR09414,37,30s,GROWTH,DC_NEGLECT,MOCK,KIRI_2025_20|ASSUMPTION_V1
USR09415,53,50_plus,STABLE_GROWTH,OVERLAP_RISK,MOCK,KIRI_2025_20|ASSUMPTION_V1
USR09416,40,40s,BALANCED,DC_NEGLECT,MOCK,KIRI_2025_20|ASSUMPTION_V1
USR09417,36,30s,GROWTH,OVERLAP_RISK,MOCK,KIRI_2025_20|ASSUMPTION_V1
USR09418,47,40s,STABLE_GROWTH,OVERLAP_RISK,MOCK,KIRI_2025_20|ASSUMPTION_V1
USR09419,50,50_plus,BALANCED,DC_NEGLECT,MOCK,KIRI_2025_20|ASSUMPTION_V1
USR09420,64,50_plus,BALANCED,OVERLAP_RISK,MOCK,KIRI_2025_20|ASSUMPTION_V1
USR09421,27,20s,AGGRESSIVE,DC_NEGLECT,MOCK,KIRI_2025_20|ASSUMPTION_V1
USR09422,47,40s,CONSERVATIVE,TAX_BENEFIT_IDLE,MOCK,KIRI_2025_20|ASSUMPTION_V1
USR09423,58,50_plus,CONSERVATIVE,DC_NEGLECT,MOCK,KIRI_2025_20|ASSUMPTION_V1
USR09424,64,50_plus,STABLE_GROWTH,DC_NEGLECT,MOCK,KIRI_2025_20|ASSUMPTION_V1
USR09425,64,50_plus,STABLE_GROWTH,DC_NEGLECT,MOCK,KIRI_2025_20|ASSUMPTION_V1
USR09426,37,30s,AGGRESSIVE,DC_NEGLECT,MOCK,KIRI_2025_20|ASSUMPTION_V1
USR09427,34,30s,AGGRESSIVE,OVERLAP_RISK,MOCK,KIRI_2025_20|ASSUMPTION_V1
USR09428,37,30s,BALANCED,OVERLAP_RISK,MOCK,KIRI_2025_20|ASSUMPTION_V1
USR09429,49,40s,STABLE_GROWTH,DC_NEGLECT,MOCK,KIRI_2025_20|ASSUMPTION_V1
USR09430,48,40s,STABLE_GROWTH,OVERLAP_RISK,MOCK,KIRI_2025_20|ASSUMPTION_V1
USR09431,36,30s,BALANCED,TAX_BENEFIT_IDLE,MOCK,KIRI_2025_20|ASSUMPTION_V1
USR09432,50,50_plus,GROWTH,DC_NEGLECT,MOCK,KIRI_2025_20|ASSUMPTION_V1
USR09433,61,50_plus,CONSERVATIVE,DC_NEGLECT,MOCK,KIRI_2025_20|ASSUMPTION_V1
USR09434,43,40s,GROWTH,OVERLAP_RISK,MOCK,KIRI_2025_20|ASSUMPTION_V1
USR09435,39,30s,BALANCED,OVERLAP_RISK,MOCK,KIRI_2025_20|ASSUMPTION_V1
USR09436,50,50_plus,AGGRESSIVE,OVERLAP_RISK,MOCK,KIRI_2025_20|ASSUMPTION_V1
USR09437,37,30s,CONSERVATIVE,TAX_BENEFIT_IDLE,MOCK,KIRI_2025_20|ASSUMPTION_V1
USR09438,23,20s,AGGRESSIVE,OVERLAP_RISK,MOCK,KIRI_2025_20|ASSUMPTION_V1
USR09439,34,30s,AGGRESSIVE,DC_NEGLECT,MOCK,KIRI_2025_20|ASSUMPTION_V1
USR09440,30,30s,AGGRESSIVE,DC_NEGLECT,MOCK,KIRI_2025_20|ASSUMPTION_V1
USR09441,20,20s,BALANCED,OVERLAP_RISK,MOCK,KIRI_2025_20|ASSUMPTION_V1
USR09442,39,30s,GROWTH,DC_NEGLECT,MOCK,KIRI_2025_20|ASSUMPTION_V1
USR09443,42,40s,BALANCED,OVERLAP_RISK,MOCK,KIRI_2025_20|ASSUMPTION_V1
USR09444,30,30s,STABLE_GROWTH,DC_NEGLECT,MOCK,KIRI_2025_20|ASSUMPTION_V1
USR09445,47,40s,GROWTH,DC_NEGLECT,MOCK,KIRI_2025_20|ASSUMPTION_V1
USR09446,41,40s,BALANCED,TAX_BENEFIT_IDLE,MOCK,KIRI_2025_20|ASSUMPTION_V1
USR09447,35,30s,GROWTH,TAX_BENEFIT_IDLE,MOCK,KIRI_2025_20|ASSUMPTION_V1
USR09448,35,30s,STABLE_GROWTH,TAX_BENEFIT_IDLE,MOCK,KIRI_2025_20|ASSUMPTION_V1
USR09449,39,30s,AGGRESSIVE,OVERLAP_RISK,MOCK,KIRI_2025_20|ASSUMPTION_V1
USR09450,61,50_plus,CONSERVATIVE,OVERLAP_RISK,MOCK,KIRI_2025_20|ASSUMPTION_V1
USR09451,45,40s,STABLE_GROWTH,DC_NEGLECT,MOCK,KIRI_2025_20|ASSUMPTION_V1
USR09452,63,50_plus,STABLE_GROWTH,OVERLAP_RISK,MOCK,KIRI_2025_20|ASSUMPTION_V1
USR09453,43,40s,STABLE_GROWTH,TAX_BENEFIT_IDLE,MOCK,KIRI_2025_20|ASSUMPTION_V1
USR09454,24,20s,GROWTH,TAX_BENEFIT_IDLE,MOCK,KIRI_2025_20|ASSUMPTION_V1
USR09455,40,40s,AGGRESSIVE,TAX_BENEFIT_IDLE,MOCK,KIRI_2025_20|ASSUMPTION_V1
USR09456,38,30s,CONSERVATIVE,TAX_BENEFIT_IDLE,MOCK,KIRI_2025_20|ASSUMPTION_V1
USR09457,54,50_plus,BALANCED,OVERLAP_RISK,MOCK,KIRI_2025_20|ASSUMPTION_V1
USR09458,23,20s,STABLE_GROWTH,DC_NEGLECT,MOCK,KIRI_2025_20|ASSUMPTION_V1
USR09459,33,30s,AGGRESSIVE,DC_NEGLECT,MOCK,KIRI_2025_20|ASSUMPTION_V1
USR09460,24,20s,CONSERVATIVE,DC_NEGLECT,MOCK,KIRI_2025_20|ASSUMPTION_V1
USR09461,63,50_plus,CONSERVATIVE,DC_NEGLECT,MOCK,KIRI_2025_20|ASSUMPTION_V1
USR09462,54,50_plus,CONSERVATIVE,TAX_BENEFIT_IDLE,MOCK,KIRI_2025_20|ASSUMPTION_V1
USR09463,40,40s,STABLE_GROWTH,DC_NEGLECT,MOCK,KIRI_2025_20|ASSUMPTION_V1
USR09464,63,50_plus,STABLE_GROWTH,TAX_BENEFIT_IDLE,MOCK,KIRI_2025_20|ASSUMPTION_V1
USR09465,33,30s,GROWTH,DC_NEGLECT,MOCK,KIRI_2025_20|ASSUMPTION_V1
USR09466,45,40s,STABLE_GROWTH,DC_NEGLECT,MOCK,KIRI_2025_20|ASSUMPTION_V1
USR09467,55,50_plus,BALANCED,DC_NEGLECT,MOCK,KIRI_2025_20|ASSUMPTION_V1
USR09468,52,50_plus,CONSERVATIVE,DC_NEGLECT,MOCK,KIRI_2025_20|ASSUMPTION_V1
USR09469,62,50_plus,STABLE_GROWTH,DC_NEGLECT,MOCK,KIRI_2025_20|ASSUMPTION_V1
USR09470,34,30s,BALANCED,OVERLAP_RISK,MOCK,KIRI_2025_20|ASSUMPTION_V1
USR09471,60,50_plus,CONSERVATIVE,OVERLAP_RISK,MOCK,KIRI_2025_20|ASSUMPTION_V1
USR09472,41,40s,STABLE_GROWTH,TAX_BENEFIT_IDLE,MOCK,KIRI_2025_20|ASSUMPTION_V1
USR09473,24,20s,STABLE_GROWTH,DC_NEGLECT,MOCK,KIRI_2025_20|ASSUMPTION_V1
USR09474,35,30s,GROWTH,OVERLAP_RISK,MOCK,KIRI_2025_20|ASSUMPTION_V1
USR09475,36,30s,CONSERVATIVE,DC_NEGLECT,MOCK,KIRI_2025_20|ASSUMPTION_V1
USR09476,53,50_plus,STABLE_GROWTH,DC_NEGLECT,MOCK,KIRI_2025_20|ASSUMPTION_V1
USR09477,61,50_plus,STABLE_GROWTH,OVERLAP_RISK,MOCK,KIRI_2025_20|ASSUMPTION_V1
USR09478,42,40s,AGGRESSIVE,DC_NEGLECT,MOCK,KIRI_2025_20|ASSUMPTION_V1
USR09479,45,40s,BALANCED,DC_NEGLECT,MOCK,KIRI_2025_20|ASSUMPTION_V1
USR09480,29,20s,BALANCED,OVERLAP_RISK,MOCK,KIRI_2025_20|ASSUMPTION_V1
USR09481,50,50_plus,STABLE_GROWTH,OVERLAP_RISK,MOCK,KIRI_2025_20|ASSUMPTION_V1
USR09482,35,30s,STABLE_GROWTH,OVERLAP_RISK,MOCK,KIRI_2025_20|ASSUMPTION_V1
USR09483,34,30s,BALANCED,DC_NEGLECT,MOCK,KIRI_2025_20|ASSUMPTION_V1
USR09484,59,50_plus,CONSERVATIVE,OVERLAP_RISK,MOCK,KIRI_2025_20|ASSUMPTION_V1
USR09485,31,30s,GROWTH,DC_NEGLECT,MOCK,KIRI_2025_20|ASSUMPTION_V1
USR09486,57,50_plus,BALANCED,TAX_BENEFIT_IDLE,MOCK,KIRI_2025_20|ASSUMPTION_V1
USR09487,40,40s,STABLE_GROWTH,OVERLAP_RISK,MOCK,KIRI_2025_20|ASSUMPTION_V1
USR09488,50,50_plus,STABLE_GROWTH,OVERLAP_RISK,MOCK,KIRI_2025_20|ASSUMPTION_V1
USR09489,28,20s,GROWTH,TAX_BENEFIT_IDLE,MOCK,KIRI_2025_20|ASSUMPTION_V1
USR09490,49,40s,BALANCED,DC_NEGLECT,MOCK,KIRI_2025_20|ASSUMPTION_V1
USR09491,35,30s,BALANCED,OVERLAP_RISK,MOCK,KIRI_2025_20|ASSUMPTION_V1
USR09492,45,40s,GROWTH,TAX_BENEFIT_IDLE,MOCK,KIRI_2025_20|ASSUMPTION_V1
USR09493,31,30s,STABLE_GROWTH,DC_NEGLECT,MOCK,KIRI_2025_20|ASSUMPTION_V1
USR09494,37,30s,STABLE_GROWTH,TAX_BENEFIT_IDLE,MOCK,KIRI_2025_20|ASSUMPTION_V1
USR09495,36,30s,BALANCED,OVERLAP_RISK,MOCK,KIRI_2025_20|ASSUMPTION_V1
USR09496,37,30s,AGGRESSIVE,TAX_BENEFIT_IDLE,MOCK,KIRI_2025_20|ASSUMPTION_V1
USR09497,58,50_plus,STABLE_GROWTH,OVERLAP_RISK,MOCK,KIRI_2025_20|ASSUMPTION_V1
USR09498,44,40s,GROWTH,DC_NEGLECT,MOCK,KIRI_2025_20|ASSUMPTION_V1
USR09499,30,30s,AGGRESSIVE,DC_NEGLECT,MOCK,KIRI_2025_20|ASSUMPTION_V1
USR09500,34,30s,STABLE_GROWTH,TAX_BENEFIT_IDLE,MOCK,KIRI_2025_20|ASSUMPTION_V1
USR09501,60,50_plus,STABLE_GROWTH,TAX_BENEFIT_IDLE,MOCK,KIRI_2025_20|ASSUMPTION_V1
USR09502,22,20s,AGGRESSIVE,DC_NEGLECT,MOCK,KIRI_2025_20|ASSUMPTION_V1
USR09503,20,20s,GROWTH,DC_NEGLECT,MOCK,KIRI_2025_20|ASSUMPTION_V1
USR09504,45,40s,STABLE_GROWTH,DC_NEGLECT,MOCK,KIRI_2025_20|ASSUMPTION_V1
USR09505,41,40s,BALANCED,TAX_BENEFIT_IDLE,MOCK,KIRI_2025_20|ASSUMPTION_V1
USR09506,38,30s,GROWTH,DC_NEGLECT,MOCK,KIRI_2025_20|ASSUMPTION_V1
USR09507,43,40s,GROWTH,TAX_BENEFIT_IDLE,MOCK,KIRI_2025_20|ASSUMPTION_V1
USR09508,47,40s,CONSERVATIVE,OVERLAP_RISK,MOCK,KIRI_2025_20|ASSUMPTION_V1
USR09509,47,40s,AGGRESSIVE,TAX_BENEFIT_IDLE,MOCK,KIRI_2025_20|ASSUMPTION_V1
USR09510,25,20s,AGGRESSIVE,OVERLAP_RISK,MOCK,KIRI_2025_20|ASSUMPTION_V1
USR09511,26,20s,BALANCED,DC_NEGLECT,MOCK,KIRI_2025_20|ASSUMPTION_V1
USR09512,35,30s,BALANCED,DC_NEGLECT,MOCK,KIRI_2025_20|ASSUMPTION_V1
USR09513,20,20s,GROWTH,DC_NEGLECT,MOCK,KIRI_2025_20|ASSUMPTION_V1
USR09514,61,50_plus,STABLE_GROWTH,DC_NEGLECT,MOCK,KIRI_2025_20|ASSUMPTION_V1
USR09515,54,50_plus,CONSERVATIVE,TAX_BENEFIT_IDLE,MOCK,KIRI_2025_20|ASSUMPTION_V1
USR09516,56,50_plus,GROWTH,TAX_BENEFIT_IDLE,MOCK,KIRI_2025_20|ASSUMPTION_V1
USR09517,29,20s,BALANCED,TAX_BENEFIT_IDLE,MOCK,KIRI_2025_20|ASSUMPTION_V1
USR09518,53,50_plus,GROWTH,OVERLAP_RISK,MOCK,KIRI_2025_20|ASSUMPTION_V1
USR09519,41,40s,STABLE_GROWTH,DC_NEGLECT,MOCK,KIRI_2025_20|ASSUMPTION_V1
USR09520,40,40s,BALANCED,OVERLAP_RISK,MOCK,KIRI_2025_20|ASSUMPTION_V1
USR09521,63,50_plus,CONSERVATIVE,TAX_BENEFIT_IDLE,MOCK,KIRI_2025_20|ASSUMPTION_V1
USR09522,52,50_plus,STABLE_GROWTH,TAX_BENEFIT_IDLE,MOCK,KIRI_2025_20|ASSUMPTION_V1
USR09523,35,30s,GROWTH,DC_NEGLECT,MOCK,KIRI_2025_20|ASSUMPTION_V1
USR09524,51,50_plus,STABLE_GROWTH,OVERLAP_RISK,MOCK,KIRI_2025_20|ASSUMPTION_V1
USR09525,35,30s,BALANCED,OVERLAP_RISK,MOCK,KIRI_2025_20|ASSUMPTION_V1
USR09526,62,50_plus,STABLE_GROWTH,DC_NEGLECT,MOCK,KIRI_2025_20|ASSUMPTION_V1
USR09527,24,20s,STABLE_GROWTH,OVERLAP_RISK,MOCK,KIRI_2025_20|ASSUMPTION_V1
USR09528,56,50_plus,CONSERVATIVE,DC_NEGLECT,MOCK,KIRI_2025_20|ASSUMPTION_V1
USR09529,25,20s,CONSERVATIVE,OVERLAP_RISK,MOCK,KIRI_2025_20|ASSUMPTION_V1
USR09530,45,40s,STABLE_GROWTH,DC_NEGLECT,MOCK,KIRI_2025_20|ASSUMPTION_V1
USR09531,63,50_plus,BALANCED,TAX_BENEFIT_IDLE,MOCK,KIRI_2025_20|ASSUMPTION_V1
USR09532,28,20s,GROWTH,TAX_BENEFIT_IDLE,MOCK,KIRI_2025_20|ASSUMPTION_V1
USR09533,33,30s,AGGRESSIVE,OVERLAP_RISK,MOCK,KIRI_2025_20|ASSUMPTION_V1
USR09534,42,40s,CONSERVATIVE,DC_NEGLECT,MOCK,KIRI_2025_20|ASSUMPTION_V1
USR09535,64,50_plus,STABLE_GROWTH,OVERLAP_RISK,MOCK,KIRI_2025_20|ASSUMPTION_V1
USR09536,58,50_plus,STABLE_GROWTH,DC_NEGLECT,MOCK,KIRI_2025_20|ASSUMPTION_V1
USR09537,33,30s,BALANCED,OVERLAP_RISK,MOCK,KIRI_2025_20|ASSUMPTION_V1
USR09538,20,20s,CONSERVATIVE,DC_NEGLECT,MOCK,KIRI_2025_20|ASSUMPTION_V1
USR09539,39,30s,BALANCED,OVERLAP_RISK,MOCK,KIRI_2025_20|ASSUMPTION_V1
USR09540,41,40s,STABLE_GROWTH,DC_NEGLECT,MOCK,KIRI_2025_20|ASSUMPTION_V1
USR09541,20,20s,AGGRESSIVE,OVERLAP_RISK,MOCK,KIRI_2025_20|ASSUMPTION_V1
USR09542,46,40s,STABLE_GROWTH,TAX_BENEFIT_IDLE,MOCK,KIRI_2025_20|ASSUMPTION_V1
USR09543,54,50_plus,CONSERVATIVE,TAX_BENEFIT_IDLE,MOCK,KIRI_2025_20|ASSUMPTION_V1
USR09544,44,40s,STABLE_GROWTH,OVERLAP_RISK,MOCK,KIRI_2025_20|ASSUMPTION_V1
USR09545,45,40s,GROWTH,TAX_BENEFIT_IDLE,MOCK,KIRI_2025_20|ASSUMPTION_V1
USR09546,26,20s,GROWTH,OVERLAP_RISK,MOCK,KIRI_2025_20|ASSUMPTION_V1
USR09547,49,40s,BALANCED,DC_NEGLECT,MOCK,KIRI_2025_20|ASSUMPTION_V1
USR09548,33,30s,STABLE_GROWTH,OVERLAP_RISK,MOCK,KIRI_2025_20|ASSUMPTION_V1
USR09549,41,40s,GROWTH,DC_NEGLECT,MOCK,KIRI_2025_20|ASSUMPTION_V1
USR09550,46,40s,BALANCED,TAX_BENEFIT_IDLE,MOCK,KIRI_2025_20|ASSUMPTION_V1
USR09551,23,20s,GROWTH,DC_NEGLECT,MOCK,KIRI_2025_20|ASSUMPTION_V1
USR09552,62,50_plus,CONSERVATIVE,OVERLAP_RISK,MOCK,KIRI_2025_20|ASSUMPTION_V1
USR09553,35,30s,STABLE_GROWTH,DC_NEGLECT,MOCK,KIRI_2025_20|ASSUMPTION_V1
USR09554,40,40s,STABLE_GROWTH,OVERLAP_RISK,MOCK,KIRI_2025_20|ASSUMPTION_V1
USR09555,54,50_plus,STABLE_GROWTH,TAX_BENEFIT_IDLE,MOCK,KIRI_2025_20|ASSUMPTION_V1
USR09556,40,40s,CONSERVATIVE,DC_NEGLECT,MOCK,KIRI_2025_20|ASSUMPTION_V1
USR09557,35,30s,STABLE_GROWTH,DC_NEGLECT,MOCK,KIRI_2025_20|ASSUMPTION_V1
USR09558,41,40s,BALANCED,TAX_BENEFIT_IDLE,MOCK,KIRI_2025_20|ASSUMPTION_V1
USR09559,44,40s,STABLE_GROWTH,OVERLAP_RISK,MOCK,KIRI_2025_20|ASSUMPTION_V1
USR09560,51,50_plus,STABLE_GROWTH,DC_NEGLECT,MOCK,KIRI_2025_20|ASSUMPTION_V1
USR09561,52,50_plus,BALANCED,OVERLAP_RISK,MOCK,KIRI_2025_20|ASSUMPTION_V1
USR09562,29,20s,AGGRESSIVE,OVERLAP_RISK,MOCK,KIRI_2025_20|ASSUMPTION_V1
USR09563,36,30s,STABLE_GROWTH,TAX_BENEFIT_IDLE,MOCK,KIRI_2025_20|ASSUMPTION_V1
USR09564,48,40s,BALANCED,TAX_BENEFIT_IDLE,MOCK,KIRI_2025_20|ASSUMPTION_V1
USR09565,50,50_plus,CONSERVATIVE,DC_NEGLECT,MOCK,KIRI_2025_20|ASSUMPTION_V1
USR09566,43,40s,GROWTH,DC_NEGLECT,MOCK,KIRI_2025_20|ASSUMPTION_V1
USR09567,43,40s,STABLE_GROWTH,TAX_BENEFIT_IDLE,MOCK,KIRI_2025_20|ASSUMPTION_V1
USR09568,40,40s,STABLE_GROWTH,TAX_BENEFIT_IDLE,MOCK,KIRI_2025_20|ASSUMPTION_V1
USR09569,23,20s,BALANCED,DC_NEGLECT,MOCK,KIRI_2025_20|ASSUMPTION_V1
USR09570,36,30s,GROWTH,OVERLAP_RISK,MOCK,KIRI_2025_20|ASSUMPTION_V1
USR09571,37,30s,GROWTH,OVERLAP_RISK,MOCK,KIRI_2025_20|ASSUMPTION_V1
USR09572,25,20s,STABLE_GROWTH,TAX_BENEFIT_IDLE,MOCK,KIRI_2025_20|ASSUMPTION_V1
USR09573,41,40s,BALANCED,DC_NEGLECT,MOCK,KIRI_2025_20|ASSUMPTION_V1
USR09574,49,40s,CONSERVATIVE,DC_NEGLECT,MOCK,KIRI_2025_20|ASSUMPTION_V1
USR09575,36,30s,BALANCED,DC_NEGLECT,MOCK,KIRI_2025_20|ASSUMPTION_V1
USR09576,55,50_plus,CONSERVATIVE,TAX_BENEFIT_IDLE,MOCK,KIRI_2025_20|ASSUMPTION_V1
USR09577,28,20s,BALANCED,DC_NEGLECT,MOCK,KIRI_2025_20|ASSUMPTION_V1
USR09578,26,20s,GROWTH,OVERLAP_RISK,MOCK,KIRI_2025_20|ASSUMPTION_V1
USR09579,38,30s,CONSERVATIVE,DC_NEGLECT,MOCK,KIRI_2025_20|ASSUMPTION_V1
USR09580,40,40s,AGGRESSIVE,TAX_BENEFIT_IDLE,MOCK,KIRI_2025_20|ASSUMPTION_V1
USR09581,22,20s,BALANCED,TAX_BENEFIT_IDLE,MOCK,KIRI_2025_20|ASSUMPTION_V1
USR09582,40,40s,BALANCED,TAX_BENEFIT_IDLE,MOCK,KIRI_2025_20|ASSUMPTION_V1
USR09583,37,30s,STABLE_GROWTH,DC_NEGLECT,MOCK,KIRI_2025_20|ASSUMPTION_V1
USR09584,37,30s,AGGRESSIVE,DC_NEGLECT,MOCK,KIRI_2025_20|ASSUMPTION_V1
USR09585,52,50_plus,STABLE_GROWTH,DC_NEGLECT,MOCK,KIRI_2025_20|ASSUMPTION_V1
USR09586,42,40s,GROWTH,TAX_BENEFIT_IDLE,MOCK,KIRI_2025_20|ASSUMPTION_V1
USR09587,36,30s,STABLE_GROWTH,DC_NEGLECT,MOCK,KIRI_2025_20|ASSUMPTION_V1
USR09588,30,30s,STABLE_GROWTH,DC_NEGLECT,MOCK,KIRI_2025_20|ASSUMPTION_V1
USR09589,49,40s,STABLE_GROWTH,DC_NEGLECT,MOCK,KIRI_2025_20|ASSUMPTION_V1
USR09590,57,50_plus,STABLE_GROWTH,DC_NEGLECT,MOCK,KIRI_2025_20|ASSUMPTION_V1
USR09591,30,30s,BALANCED,OVERLAP_RISK,MOCK,KIRI_2025_20|ASSUMPTION_V1
USR09592,30,30s,BALANCED,TAX_BENEFIT_IDLE,MOCK,KIRI_2025_20|ASSUMPTION_V1
USR09593,30,30s,GROWTH,DC_NEGLECT,MOCK,KIRI_2025_20|ASSUMPTION_V1
USR09594,47,40s,STABLE_GROWTH,TAX_BENEFIT_IDLE,MOCK,KIRI_2025_20|ASSUMPTION_V1
USR09595,46,40s,BALANCED,OVERLAP_RISK,MOCK,KIRI_2025_20|ASSUMPTION_V1
USR09596,58,50_plus,STABLE_GROWTH,DC_NEGLECT,MOCK,KIRI_2025_20|ASSUMPTION_V1
USR09597,34,30s,AGGRESSIVE,OVERLAP_RISK,MOCK,KIRI_2025_20|ASSUMPTION_V1
USR09598,54,50_plus,STABLE_GROWTH,DC_NEGLECT,MOCK,KIRI_2025_20|ASSUMPTION_V1
USR09599,33,30s,STABLE_GROWTH,DC_NEGLECT,MOCK,KIRI_2025_20|ASSUMPTION_V1
USR09600,52,50_plus,STABLE_GROWTH,TAX_BENEFIT_IDLE,MOCK,KIRI_2025_20|ASSUMPTION_V1
USR09601,47,40s,STABLE_GROWTH,DC_NEGLECT,MOCK,KIRI_2025_20|ASSUMPTION_V1
USR09602,47,40s,BALANCED,TAX_BENEFIT_IDLE,MOCK,KIRI_2025_20|ASSUMPTION_V1
USR09603,62,50_plus,STABLE_GROWTH,OVERLAP_RISK,MOCK,KIRI_2025_20|ASSUMPTION_V1
USR09604,42,40s,CONSERVATIVE,DC_NEGLECT,MOCK,KIRI_2025_20|ASSUMPTION_V1
USR09605,36,30s,BALANCED,OVERLAP_RISK,MOCK,KIRI_2025_20|ASSUMPTION_V1
USR09606,53,50_plus,BALANCED,TAX_BENEFIT_IDLE,MOCK,KIRI_2025_20|ASSUMPTION_V1
USR09607,43,40s,STABLE_GROWTH,DC_NEGLECT,MOCK,KIRI_2025_20|ASSUMPTION_V1
USR09608,59,50_plus,CONSERVATIVE,TAX_BENEFIT_IDLE,MOCK,KIRI_2025_20|ASSUMPTION_V1
USR09609,64,50_plus,BALANCED,TAX_BENEFIT_IDLE,MOCK,KIRI_2025_20|ASSUMPTION_V1
USR09610,42,40s,BALANCED,OVERLAP_RISK,MOCK,KIRI_2025_20|ASSUMPTION_V1
USR09611,37,30s,AGGRESSIVE,DC_NEGLECT,MOCK,KIRI_2025_20|ASSUMPTION_V1
USR09612,43,40s,STABLE_GROWTH,DC_NEGLECT,MOCK,KIRI_2025_20|ASSUMPTION_V1
USR09613,63,50_plus,STABLE_GROWTH,DC_NEGLECT,MOCK,KIRI_2025_20|ASSUMPTION_V1
USR09614,34,30s,STABLE_GROWTH,TAX_BENEFIT_IDLE,MOCK,KIRI_2025_20|ASSUMPTION_V1
USR09615,46,40s,AGGRESSIVE,DC_NEGLECT,MOCK,KIRI_2025_20|ASSUMPTION_V1
USR09616,59,50_plus,BALANCED,DC_NEGLECT,MOCK,KIRI_2025_20|ASSUMPTION_V1
USR09617,47,40s,GROWTH,OVERLAP_RISK,MOCK,KIRI_2025_20|ASSUMPTION_V1
USR09618,61,50_plus,CONSERVATIVE,TAX_BENEFIT_IDLE,MOCK,KIRI_2025_20|ASSUMPTION_V1
USR09619,22,20s,BALANCED,DC_NEGLECT,MOCK,KIRI_2025_20|ASSUMPTION_V1
USR09620,52,50_plus,CONSERVATIVE,DC_NEGLECT,MOCK,KIRI_2025_20|ASSUMPTION_V1
USR09621,44,40s,BALANCED,TAX_BENEFIT_IDLE,MOCK,KIRI_2025_20|ASSUMPTION_V1
USR09622,48,40s,BALANCED,DC_NEGLECT,MOCK,KIRI_2025_20|ASSUMPTION_V1
USR09623,36,30s,AGGRESSIVE,TAX_BENEFIT_IDLE,MOCK,KIRI_2025_20|ASSUMPTION_V1
USR09624,61,50_plus,BALANCED,TAX_BENEFIT_IDLE,MOCK,KIRI_2025_20|ASSUMPTION_V1
USR09625,38,30s,CONSERVATIVE,OVERLAP_RISK,MOCK,KIRI_2025_20|ASSUMPTION_V1
USR09626,37,30s,BALANCED,TAX_BENEFIT_IDLE,MOCK,KIRI_2025_20|ASSUMPTION_V1
USR09627,41,40s,GROWTH,TAX_BENEFIT_IDLE,MOCK,KIRI_2025_20|ASSUMPTION_V1
USR09628,43,40s,AGGRESSIVE,OVERLAP_RISK,MOCK,KIRI_2025_20|ASSUMPTION_V1
USR09629,37,30s,STABLE_GROWTH,DC_NEGLECT,MOCK,KIRI_2025_20|ASSUMPTION_V1
USR09630,41,40s,BALANCED,OVERLAP_RISK,MOCK,KIRI_2025_20|ASSUMPTION_V1
USR09631,35,30s,GROWTH,OVERLAP_RISK,MOCK,KIRI_2025_20|ASSUMPTION_V1
USR09632,47,40s,STABLE_GROWTH,OVERLAP_RISK,MOCK,KIRI_2025_20|ASSUMPTION_V1
USR09633,40,40s,GROWTH,TAX_BENEFIT_IDLE,MOCK,KIRI_2025_20|ASSUMPTION_V1
USR09634,20,20s,STABLE_GROWTH,DC_NEGLECT,MOCK,KIRI_2025_20|ASSUMPTION_V1
USR09635,32,30s,STABLE_GROWTH,OVERLAP_RISK,MOCK,KIRI_2025_20|ASSUMPTION_V1
USR09636,45,40s,STABLE_GROWTH,OVERLAP_RISK,MOCK,KIRI_2025_20|ASSUMPTION_V1
USR09637,30,30s,BALANCED,TAX_BENEFIT_IDLE,MOCK,KIRI_2025_20|ASSUMPTION_V1
USR09638,64,50_plus,BALANCED,OVERLAP_RISK,MOCK,KIRI_2025_20|ASSUMPTION_V1
USR09639,36,30s,BALANCED,TAX_BENEFIT_IDLE,MOCK,KIRI_2025_20|ASSUMPTION_V1
USR09640,47,40s,STABLE_GROWTH,DC_NEGLECT,MOCK,KIRI_2025_20|ASSUMPTION_V1
USR09641,21,20s,BALANCED,DC_NEGLECT,MOCK,KIRI_2025_20|ASSUMPTION_V1
USR09642,47,40s,BALANCED,DC_NEGLECT,MOCK,KIRI_2025_20|ASSUMPTION_V1
USR09643,20,20s,CONSERVATIVE,OVERLAP_RISK,MOCK,KIRI_2025_20|ASSUMPTION_V1
USR09644,48,40s,GROWTH,DC_NEGLECT,MOCK,KIRI_2025_20|ASSUMPTION_V1
USR09645,26,20s,BALANCED,TAX_BENEFIT_IDLE,MOCK,KIRI_2025_20|ASSUMPTION_V1
USR09646,41,40s,BALANCED,TAX_BENEFIT_IDLE,MOCK,KIRI_2025_20|ASSUMPTION_V1
USR09647,38,30s,GROWTH,TAX_BENEFIT_IDLE,MOCK,KIRI_2025_20|ASSUMPTION_V1
USR09648,50,50_plus,BALANCED,TAX_BENEFIT_IDLE,MOCK,KIRI_2025_20|ASSUMPTION_V1
USR09649,43,40s,STABLE_GROWTH,DC_NEGLECT,MOCK,KIRI_2025_20|ASSUMPTION_V1
USR09650,36,30s,CONSERVATIVE,OVERLAP_RISK,MOCK,KIRI_2025_20|ASSUMPTION_V1
USR09651,35,30s,GROWTH,TAX_BENEFIT_IDLE,MOCK,KIRI_2025_20|ASSUMPTION_V1
USR09652,57,50_plus,BALANCED,DC_NEGLECT,MOCK,KIRI_2025_20|ASSUMPTION_V1
USR09653,46,40s,GROWTH,DC_NEGLECT,MOCK,KIRI_2025_20|ASSUMPTION_V1
USR09654,29,20s,STABLE_GROWTH,DC_NEGLECT,MOCK,KIRI_2025_20|ASSUMPTION_V1
USR09655,59,50_plus,BALANCED,OVERLAP_RISK,MOCK,KIRI_2025_20|ASSUMPTION_V1
USR09656,64,50_plus,BALANCED,TAX_BENEFIT_IDLE,MOCK,KIRI_2025_20|ASSUMPTION_V1
USR09657,34,30s,BALANCED,DC_NEGLECT,MOCK,KIRI_2025_20|ASSUMPTION_V1
USR09658,60,50_plus,CONSERVATIVE,OVERLAP_RISK,MOCK,KIRI_2025_20|ASSUMPTION_V1
USR09659,50,50_plus,BALANCED,TAX_BENEFIT_IDLE,MOCK,KIRI_2025_20|ASSUMPTION_V1
USR09660,33,30s,STABLE_GROWTH,DC_NEGLECT,MOCK,KIRI_2025_20|ASSUMPTION_V1
USR09661,38,30s,CONSERVATIVE,DC_NEGLECT,MOCK,KIRI_2025_20|ASSUMPTION_V1
USR09662,42,40s,BALANCED,TAX_BENEFIT_IDLE,MOCK,KIRI_2025_20|ASSUMPTION_V1
USR09663,38,30s,STABLE_GROWTH,OVERLAP_RISK,MOCK,KIRI_2025_20|ASSUMPTION_V1
USR09664,37,30s,GROWTH,OVERLAP_RISK,MOCK,KIRI_2025_20|ASSUMPTION_V1
USR09665,39,30s,BALANCED,DC_NEGLECT,MOCK,KIRI_2025_20|ASSUMPTION_V1
USR09666,36,30s,GROWTH,OVERLAP_RISK,MOCK,KIRI_2025_20|ASSUMPTION_V1
USR09667,32,30s,STABLE_GROWTH,OVERLAP_RISK,MOCK,KIRI_2025_20|ASSUMPTION_V1
USR09668,55,50_plus,STABLE_GROWTH,OVERLAP_RISK,MOCK,KIRI_2025_20|ASSUMPTION_V1
USR09669,48,40s,CONSERVATIVE,DC_NEGLECT,MOCK,KIRI_2025_20|ASSUMPTION_V1
USR09670,38,30s,AGGRESSIVE,DC_NEGLECT,MOCK,KIRI_2025_20|ASSUMPTION_V1
USR09671,40,40s,STABLE_GROWTH,TAX_BENEFIT_IDLE,MOCK,KIRI_2025_20|ASSUMPTION_V1
USR09672,23,20s,GROWTH,OVERLAP_RISK,MOCK,KIRI_2025_20|ASSUMPTION_V1
USR09673,40,40s,GROWTH,OVERLAP_RISK,MOCK,KIRI_2025_20|ASSUMPTION_V1
USR09674,53,50_plus,CONSERVATIVE,TAX_BENEFIT_IDLE,MOCK,KIRI_2025_20|ASSUMPTION_V1
USR09675,33,30s,GROWTH,OVERLAP_RISK,MOCK,KIRI_2025_20|ASSUMPTION_V1
USR09676,41,40s,CONSERVATIVE,OVERLAP_RISK,MOCK,KIRI_2025_20|ASSUMPTION_V1
USR09677,28,20s,CONSERVATIVE,OVERLAP_RISK,MOCK,KIRI_2025_20|ASSUMPTION_V1
USR09678,40,40s,CONSERVATIVE,DC_NEGLECT,MOCK,KIRI_2025_20|ASSUMPTION_V1
USR09679,44,40s,BALANCED,DC_NEGLECT,MOCK,KIRI_2025_20|ASSUMPTION_V1
USR09680,26,20s,CONSERVATIVE,DC_NEGLECT,MOCK,KIRI_2025_20|ASSUMPTION_V1
USR09681,48,40s,GROWTH,DC_NEGLECT,MOCK,KIRI_2025_20|ASSUMPTION_V1
USR09682,50,50_plus,GROWTH,DC_NEGLECT,MOCK,KIRI_2025_20|ASSUMPTION_V1
USR09683,22,20s,BALANCED,TAX_BENEFIT_IDLE,MOCK,KIRI_2025_20|ASSUMPTION_V1
USR09684,42,40s,CONSERVATIVE,OVERLAP_RISK,MOCK,KIRI_2025_20|ASSUMPTION_V1
USR09685,51,50_plus,STABLE_GROWTH,OVERLAP_RISK,MOCK,KIRI_2025_20|ASSUMPTION_V1
USR09686,53,50_plus,CONSERVATIVE,DC_NEGLECT,MOCK,KIRI_2025_20|ASSUMPTION_V1
USR09687,54,50_plus,STABLE_GROWTH,OVERLAP_RISK,MOCK,KIRI_2025_20|ASSUMPTION_V1
USR09688,60,50_plus,STABLE_GROWTH,OVERLAP_RISK,MOCK,KIRI_2025_20|ASSUMPTION_V1
USR09689,47,40s,STABLE_GROWTH,OVERLAP_RISK,MOCK,KIRI_2025_20|ASSUMPTION_V1
USR09690,40,40s,CONSERVATIVE,TAX_BENEFIT_IDLE,MOCK,KIRI_2025_20|ASSUMPTION_V1
USR09691,21,20s,BALANCED,OVERLAP_RISK,MOCK,KIRI_2025_20|ASSUMPTION_V1
USR09692,62,50_plus,BALANCED,DC_NEGLECT,MOCK,KIRI_2025_20|ASSUMPTION_V1
USR09693,40,40s,GROWTH,DC_NEGLECT,MOCK,KIRI_2025_20|ASSUMPTION_V1
USR09694,42,40s,BALANCED,DC_NEGLECT,MOCK,KIRI_2025_20|ASSUMPTION_V1
USR09695,37,30s,CONSERVATIVE,TAX_BENEFIT_IDLE,MOCK,KIRI_2025_20|ASSUMPTION_V1
USR09696,30,30s,AGGRESSIVE,OVERLAP_RISK,MOCK,KIRI_2025_20|ASSUMPTION_V1
USR09697,31,30s,BALANCED,DC_NEGLECT,MOCK,KIRI_2025_20|ASSUMPTION_V1
USR09698,34,30s,AGGRESSIVE,DC_NEGLECT,MOCK,KIRI_2025_20|ASSUMPTION_V1
USR09699,44,40s,STABLE_GROWTH,DC_NEGLECT,MOCK,KIRI_2025_20|ASSUMPTION_V1
USR09700,43,40s,BALANCED,DC_NEGLECT,MOCK,KIRI_2025_20|ASSUMPTION_V1
USR09701,52,50_plus,BALANCED,DC_NEGLECT,MOCK,KIRI_2025_20|ASSUMPTION_V1
USR09702,41,40s,BALANCED,OVERLAP_RISK,MOCK,KIRI_2025_20|ASSUMPTION_V1
USR09703,22,20s,CONSERVATIVE,OVERLAP_RISK,MOCK,KIRI_2025_20|ASSUMPTION_V1
USR09704,43,40s,GROWTH,OVERLAP_RISK,MOCK,KIRI_2025_20|ASSUMPTION_V1
USR09705,56,50_plus,STABLE_GROWTH,DC_NEGLECT,MOCK,KIRI_2025_20|ASSUMPTION_V1
USR09706,56,50_plus,CONSERVATIVE,OVERLAP_RISK,MOCK,KIRI_2025_20|ASSUMPTION_V1
USR09707,32,30s,GROWTH,OVERLAP_RISK,MOCK,KIRI_2025_20|ASSUMPTION_V1
USR09708,43,40s,STABLE_GROWTH,OVERLAP_RISK,MOCK,KIRI_2025_20|ASSUMPTION_V1
USR09709,42,40s,AGGRESSIVE,DC_NEGLECT,MOCK,KIRI_2025_20|ASSUMPTION_V1
USR09710,48,40s,BALANCED,OVERLAP_RISK,MOCK,KIRI_2025_20|ASSUMPTION_V1
USR09711,42,40s,BALANCED,DC_NEGLECT,MOCK,KIRI_2025_20|ASSUMPTION_V1
USR09712,25,20s,BALANCED,TAX_BENEFIT_IDLE,MOCK,KIRI_2025_20|ASSUMPTION_V1
USR09713,25,20s,BALANCED,OVERLAP_RISK,MOCK,KIRI_2025_20|ASSUMPTION_V1
USR09714,39,30s,STABLE_GROWTH,DC_NEGLECT,MOCK,KIRI_2025_20|ASSUMPTION_V1
USR09715,64,50_plus,CONSERVATIVE,OVERLAP_RISK,MOCK,KIRI_2025_20|ASSUMPTION_V1
USR09716,52,50_plus,CONSERVATIVE,DC_NEGLECT,MOCK,KIRI_2025_20|ASSUMPTION_V1
USR09717,27,20s,GROWTH,DC_NEGLECT,MOCK,KIRI_2025_20|ASSUMPTION_V1
USR09718,49,40s,STABLE_GROWTH,DC_NEGLECT,MOCK,KIRI_2025_20|ASSUMPTION_V1
USR09719,32,30s,STABLE_GROWTH,OVERLAP_RISK,MOCK,KIRI_2025_20|ASSUMPTION_V1
USR09720,58,50_plus,STABLE_GROWTH,DC_NEGLECT,MOCK,KIRI_2025_20|ASSUMPTION_V1
USR09721,53,50_plus,CONSERVATIVE,DC_NEGLECT,MOCK,KIRI_2025_20|ASSUMPTION_V1
USR09722,35,30s,BALANCED,DC_NEGLECT,MOCK,KIRI_2025_20|ASSUMPTION_V1
USR09723,62,50_plus,BALANCED,TAX_BENEFIT_IDLE,MOCK,KIRI_2025_20|ASSUMPTION_V1
USR09724,32,30s,BALANCED,DC_NEGLECT,MOCK,KIRI_2025_20|ASSUMPTION_V1
USR09725,43,40s,BALANCED,OVERLAP_RISK,MOCK,KIRI_2025_20|ASSUMPTION_V1
USR09726,36,30s,BALANCED,TAX_BENEFIT_IDLE,MOCK,KIRI_2025_20|ASSUMPTION_V1
USR09727,49,40s,STABLE_GROWTH,TAX_BENEFIT_IDLE,MOCK,KIRI_2025_20|ASSUMPTION_V1
USR09728,49,40s,BALANCED,DC_NEGLECT,MOCK,KIRI_2025_20|ASSUMPTION_V1
USR09729,47,40s,GROWTH,DC_NEGLECT,MOCK,KIRI_2025_20|ASSUMPTION_V1
USR09730,34,30s,BALANCED,TAX_BENEFIT_IDLE,MOCK,KIRI_2025_20|ASSUMPTION_V1
USR09731,49,40s,STABLE_GROWTH,OVERLAP_RISK,MOCK,KIRI_2025_20|ASSUMPTION_V1
USR09732,34,30s,CONSERVATIVE,DC_NEGLECT,MOCK,KIRI_2025_20|ASSUMPTION_V1
USR09733,37,30s,CONSERVATIVE,OVERLAP_RISK,MOCK,KIRI_2025_20|ASSUMPTION_V1
USR09734,30,30s,BALANCED,DC_NEGLECT,MOCK,KIRI_2025_20|ASSUMPTION_V1
USR09735,55,50_plus,STABLE_GROWTH,DC_NEGLECT,MOCK,KIRI_2025_20|ASSUMPTION_V1
USR09736,40,40s,CONSERVATIVE,TAX_BENEFIT_IDLE,MOCK,KIRI_2025_20|ASSUMPTION_V1
USR09737,44,40s,BALANCED,OVERLAP_RISK,MOCK,KIRI_2025_20|ASSUMPTION_V1
USR09738,31,30s,CONSERVATIVE,TAX_BENEFIT_IDLE,MOCK,KIRI_2025_20|ASSUMPTION_V1
USR09739,48,40s,STABLE_GROWTH,TAX_BENEFIT_IDLE,MOCK,KIRI_2025_20|ASSUMPTION_V1
USR09740,60,50_plus,STABLE_GROWTH,TAX_BENEFIT_IDLE,MOCK,KIRI_2025_20|ASSUMPTION_V1
USR09741,40,40s,GROWTH,DC_NEGLECT,MOCK,KIRI_2025_20|ASSUMPTION_V1
USR09742,48,40s,GROWTH,DC_NEGLECT,MOCK,KIRI_2025_20|ASSUMPTION_V1
USR09743,55,50_plus,CONSERVATIVE,OVERLAP_RISK,MOCK,KIRI_2025_20|ASSUMPTION_V1
USR09744,31,30s,BALANCED,DC_NEGLECT,MOCK,KIRI_2025_20|ASSUMPTION_V1
USR09745,47,40s,BALANCED,DC_NEGLECT,MOCK,KIRI_2025_20|ASSUMPTION_V1
USR09746,40,40s,STABLE_GROWTH,DC_NEGLECT,MOCK,KIRI_2025_20|ASSUMPTION_V1
USR09747,33,30s,STABLE_GROWTH,OVERLAP_RISK,MOCK,KIRI_2025_20|ASSUMPTION_V1
USR09748,63,50_plus,CONSERVATIVE,OVERLAP_RISK,MOCK,KIRI_2025_20|ASSUMPTION_V1
USR09749,36,30s,BALANCED,OVERLAP_RISK,MOCK,KIRI_2025_20|ASSUMPTION_V1
USR09750,37,30s,GROWTH,TAX_BENEFIT_IDLE,MOCK,KIRI_2025_20|ASSUMPTION_V1
USR09751,24,20s,AGGRESSIVE,DC_NEGLECT,MOCK,KIRI_2025_20|ASSUMPTION_V1
USR09752,39,30s,GROWTH,DC_NEGLECT,MOCK,KIRI_2025_20|ASSUMPTION_V1
USR09753,44,40s,STABLE_GROWTH,OVERLAP_RISK,MOCK,KIRI_2025_20|ASSUMPTION_V1
USR09754,52,50_plus,BALANCED,DC_NEGLECT,MOCK,KIRI_2025_20|ASSUMPTION_V1
USR09755,48,40s,GROWTH,DC_NEGLECT,MOCK,KIRI_2025_20|ASSUMPTION_V1
USR09756,40,40s,GROWTH,DC_NEGLECT,MOCK,KIRI_2025_20|ASSUMPTION_V1
USR09757,45,40s,STABLE_GROWTH,OVERLAP_RISK,MOCK,KIRI_2025_20|ASSUMPTION_V1
USR09758,29,20s,GROWTH,DC_NEGLECT,MOCK,KIRI_2025_20|ASSUMPTION_V1
USR09759,34,30s,AGGRESSIVE,OVERLAP_RISK,MOCK,KIRI_2025_20|ASSUMPTION_V1
USR09760,53,50_plus,CONSERVATIVE,DC_NEGLECT,MOCK,KIRI_2025_20|ASSUMPTION_V1
USR09761,56,50_plus,STABLE_GROWTH,DC_NEGLECT,MOCK,KIRI_2025_20|ASSUMPTION_V1
USR09762,49,40s,BALANCED,TAX_BENEFIT_IDLE,MOCK,KIRI_2025_20|ASSUMPTION_V1
USR09763,39,30s,BALANCED,TAX_BENEFIT_IDLE,MOCK,KIRI_2025_20|ASSUMPTION_V1
USR09764,44,40s,STABLE_GROWTH,TAX_BENEFIT_IDLE,MOCK,KIRI_2025_20|ASSUMPTION_V1
USR09765,62,50_plus,CONSERVATIVE,DC_NEGLECT,MOCK,KIRI_2025_20|ASSUMPTION_V1
USR09766,63,50_plus,STABLE_GROWTH,DC_NEGLECT,MOCK,KIRI_2025_20|ASSUMPTION_V1
USR09767,25,20s,GROWTH,TAX_BENEFIT_IDLE,MOCK,KIRI_2025_20|ASSUMPTION_V1
USR09768,44,40s,BALANCED,OVERLAP_RISK,MOCK,KIRI_2025_20|ASSUMPTION_V1
USR09769,44,40s,GROWTH,DC_NEGLECT,MOCK,KIRI_2025_20|ASSUMPTION_V1
USR09770,45,40s,BALANCED,TAX_BENEFIT_IDLE,MOCK,KIRI_2025_20|ASSUMPTION_V1
USR09771,41,40s,GROWTH,OVERLAP_RISK,MOCK,KIRI_2025_20|ASSUMPTION_V1
USR09772,46,40s,CONSERVATIVE,OVERLAP_RISK,MOCK,KIRI_2025_20|ASSUMPTION_V1
USR09773,31,30s,STABLE_GROWTH,TAX_BENEFIT_IDLE,MOCK,KIRI_2025_20|ASSUMPTION_V1
USR09774,41,40s,STABLE_GROWTH,TAX_BENEFIT_IDLE,MOCK,KIRI_2025_20|ASSUMPTION_V1
USR09775,49,40s,BALANCED,OVERLAP_RISK,MOCK,KIRI_2025_20|ASSUMPTION_V1
USR09776,53,50_plus,STABLE_GROWTH,DC_NEGLECT,MOCK,KIRI_2025_20|ASSUMPTION_V1
USR09777,41,40s,CONSERVATIVE,TAX_BENEFIT_IDLE,MOCK,KIRI_2025_20|ASSUMPTION_V1
USR09778,29,20s,STABLE_GROWTH,TAX_BENEFIT_IDLE,MOCK,KIRI_2025_20|ASSUMPTION_V1
USR09779,31,30s,CONSERVATIVE,DC_NEGLECT,MOCK,KIRI_2025_20|ASSUMPTION_V1
USR09780,36,30s,STABLE_GROWTH,TAX_BENEFIT_IDLE,MOCK,KIRI_2025_20|ASSUMPTION_V1
USR09781,61,50_plus,CONSERVATIVE,OVERLAP_RISK,MOCK,KIRI_2025_20|ASSUMPTION_V1
USR09782,55,50_plus,CONSERVATIVE,DC_NEGLECT,MOCK,KIRI_2025_20|ASSUMPTION_V1
USR09783,51,50_plus,STABLE_GROWTH,TAX_BENEFIT_IDLE,MOCK,KIRI_2025_20|ASSUMPTION_V1
USR09784,53,50_plus,CONSERVATIVE,TAX_BENEFIT_IDLE,MOCK,KIRI_2025_20|ASSUMPTION_V1
USR09785,46,40s,STABLE_GROWTH,DC_NEGLECT,MOCK,KIRI_2025_20|ASSUMPTION_V1
USR09786,55,50_plus,GROWTH,DC_NEGLECT,MOCK,KIRI_2025_20|ASSUMPTION_V1
USR09787,44,40s,CONSERVATIVE,OVERLAP_RISK,MOCK,KIRI_2025_20|ASSUMPTION_V1
USR09788,40,40s,BALANCED,OVERLAP_RISK,MOCK,KIRI_2025_20|ASSUMPTION_V1
USR09789,35,30s,GROWTH,OVERLAP_RISK,MOCK,KIRI_2025_20|ASSUMPTION_V1
USR09790,39,30s,AGGRESSIVE,TAX_BENEFIT_IDLE,MOCK,KIRI_2025_20|ASSUMPTION_V1
USR09791,30,30s,STABLE_GROWTH,OVERLAP_RISK,MOCK,KIRI_2025_20|ASSUMPTION_V1
USR09792,48,40s,GROWTH,OVERLAP_RISK,MOCK,KIRI_2025_20|ASSUMPTION_V1
USR09793,31,30s,GROWTH,OVERLAP_RISK,MOCK,KIRI_2025_20|ASSUMPTION_V1
USR09794,49,40s,STABLE_GROWTH,DC_NEGLECT,MOCK,KIRI_2025_20|ASSUMPTION_V1
USR09795,40,40s,BALANCED,TAX_BENEFIT_IDLE,MOCK,KIRI_2025_20|ASSUMPTION_V1
USR09796,62,50_plus,GROWTH,OVERLAP_RISK,MOCK,KIRI_2025_20|ASSUMPTION_V1
USR09797,23,20s,STABLE_GROWTH,OVERLAP_RISK,MOCK,KIRI_2025_20|ASSUMPTION_V1
USR09798,43,40s,BALANCED,TAX_BENEFIT_IDLE,MOCK,KIRI_2025_20|ASSUMPTION_V1
USR09799,63,50_plus,STABLE_GROWTH,DC_NEGLECT,MOCK,KIRI_2025_20|ASSUMPTION_V1
USR09800,30,30s,BALANCED,DC_NEGLECT,MOCK,KIRI_2025_20|ASSUMPTION_V1
USR09801,45,40s,STABLE_GROWTH,TAX_BENEFIT_IDLE,MOCK,KIRI_2025_20|ASSUMPTION_V1
USR09802,48,40s,STABLE_GROWTH,DC_NEGLECT,MOCK,KIRI_2025_20|ASSUMPTION_V1
USR09803,48,40s,CONSERVATIVE,DC_NEGLECT,MOCK,KIRI_2025_20|ASSUMPTION_V1
USR09804,51,50_plus,BALANCED,DC_NEGLECT,MOCK,KIRI_2025_20|ASSUMPTION_V1
USR09805,48,40s,CONSERVATIVE,TAX_BENEFIT_IDLE,MOCK,KIRI_2025_20|ASSUMPTION_V1
USR09806,63,50_plus,CONSERVATIVE,DC_NEGLECT,MOCK,KIRI_2025_20|ASSUMPTION_V1
USR09807,38,30s,CONSERVATIVE,OVERLAP_RISK,MOCK,KIRI_2025_20|ASSUMPTION_V1
USR09808,61,50_plus,CONSERVATIVE,TAX_BENEFIT_IDLE,MOCK,KIRI_2025_20|ASSUMPTION_V1
USR09809,43,40s,GROWTH,DC_NEGLECT,MOCK,KIRI_2025_20|ASSUMPTION_V1
USR09810,37,30s,STABLE_GROWTH,TAX_BENEFIT_IDLE,MOCK,KIRI_2025_20|ASSUMPTION_V1
USR09811,46,40s,GROWTH,DC_NEGLECT,MOCK,KIRI_2025_20|ASSUMPTION_V1
USR09812,32,30s,STABLE_GROWTH,DC_NEGLECT,MOCK,KIRI_2025_20|ASSUMPTION_V1
USR09813,23,20s,AGGRESSIVE,OVERLAP_RISK,MOCK,KIRI_2025_20|ASSUMPTION_V1
USR09814,20,20s,GROWTH,TAX_BENEFIT_IDLE,MOCK,KIRI_2025_20|ASSUMPTION_V1
USR09815,33,30s,BALANCED,TAX_BENEFIT_IDLE,MOCK,KIRI_2025_20|ASSUMPTION_V1
USR09816,44,40s,BALANCED,DC_NEGLECT,MOCK,KIRI_2025_20|ASSUMPTION_V1
USR09817,57,50_plus,STABLE_GROWTH,OVERLAP_RISK,MOCK,KIRI_2025_20|ASSUMPTION_V1
USR09818,51,50_plus,CONSERVATIVE,OVERLAP_RISK,MOCK,KIRI_2025_20|ASSUMPTION_V1
USR09819,42,40s,AGGRESSIVE,TAX_BENEFIT_IDLE,MOCK,KIRI_2025_20|ASSUMPTION_V1
USR09820,32,30s,STABLE_GROWTH,DC_NEGLECT,MOCK,KIRI_2025_20|ASSUMPTION_V1
USR09821,64,50_plus,CONSERVATIVE,OVERLAP_RISK,MOCK,KIRI_2025_20|ASSUMPTION_V1
USR09822,45,40s,CONSERVATIVE,OVERLAP_RISK,MOCK,KIRI_2025_20|ASSUMPTION_V1
USR09823,39,30s,GROWTH,TAX_BENEFIT_IDLE,MOCK,KIRI_2025_20|ASSUMPTION_V1
USR09824,23,20s,STABLE_GROWTH,TAX_BENEFIT_IDLE,MOCK,KIRI_2025_20|ASSUMPTION_V1
USR09825,60,50_plus,STABLE_GROWTH,DC_NEGLECT,MOCK,KIRI_2025_20|ASSUMPTION_V1
USR09826,44,40s,GROWTH,OVERLAP_RISK,MOCK,KIRI_2025_20|ASSUMPTION_V1
USR09827,37,30s,CONSERVATIVE,TAX_BENEFIT_IDLE,MOCK,KIRI_2025_20|ASSUMPTION_V1
USR09828,59,50_plus,CONSERVATIVE,DC_NEGLECT,MOCK,KIRI_2025_20|ASSUMPTION_V1
USR09829,38,30s,STABLE_GROWTH,TAX_BENEFIT_IDLE,MOCK,KIRI_2025_20|ASSUMPTION_V1
USR09830,43,40s,CONSERVATIVE,DC_NEGLECT,MOCK,KIRI_2025_20|ASSUMPTION_V1
USR09831,52,50_plus,STABLE_GROWTH,TAX_BENEFIT_IDLE,MOCK,KIRI_2025_20|ASSUMPTION_V1
USR09832,39,30s,BALANCED,OVERLAP_RISK,MOCK,KIRI_2025_20|ASSUMPTION_V1
USR09833,39,30s,GROWTH,DC_NEGLECT,MOCK,KIRI_2025_20|ASSUMPTION_V1
USR09834,31,30s,BALANCED,TAX_BENEFIT_IDLE,MOCK,KIRI_2025_20|ASSUMPTION_V1
USR09835,33,30s,BALANCED,DC_NEGLECT,MOCK,KIRI_2025_20|ASSUMPTION_V1
USR09836,41,40s,BALANCED,DC_NEGLECT,MOCK,KIRI_2025_20|ASSUMPTION_V1
USR09837,41,40s,CONSERVATIVE,TAX_BENEFIT_IDLE,MOCK,KIRI_2025_20|ASSUMPTION_V1
USR09838,37,30s,GROWTH,DC_NEGLECT,MOCK,KIRI_2025_20|ASSUMPTION_V1
USR09839,41,40s,CONSERVATIVE,OVERLAP_RISK,MOCK,KIRI_2025_20|ASSUMPTION_V1
USR09840,30,30s,BALANCED,OVERLAP_RISK,MOCK,KIRI_2025_20|ASSUMPTION_V1
USR09841,27,20s,GROWTH,OVERLAP_RISK,MOCK,KIRI_2025_20|ASSUMPTION_V1
USR09842,34,30s,BALANCED,OVERLAP_RISK,MOCK,KIRI_2025_20|ASSUMPTION_V1
USR09843,38,30s,BALANCED,TAX_BENEFIT_IDLE,MOCK,KIRI_2025_20|ASSUMPTION_V1
USR09844,40,40s,CONSERVATIVE,DC_NEGLECT,MOCK,KIRI_2025_20|ASSUMPTION_V1
USR09845,45,40s,STABLE_GROWTH,TAX_BENEFIT_IDLE,MOCK,KIRI_2025_20|ASSUMPTION_V1
USR09846,43,40s,BALANCED,OVERLAP_RISK,MOCK,KIRI_2025_20|ASSUMPTION_V1
USR09847,36,30s,STABLE_GROWTH,OVERLAP_RISK,MOCK,KIRI_2025_20|ASSUMPTION_V1
USR09848,37,30s,GROWTH,DC_NEGLECT,MOCK,KIRI_2025_20|ASSUMPTION_V1
USR09849,63,50_plus,STABLE_GROWTH,DC_NEGLECT,MOCK,KIRI_2025_20|ASSUMPTION_V1
USR09850,30,30s,STABLE_GROWTH,DC_NEGLECT,MOCK,KIRI_2025_20|ASSUMPTION_V1
USR09851,46,40s,STABLE_GROWTH,TAX_BENEFIT_IDLE,MOCK,KIRI_2025_20|ASSUMPTION_V1
USR09852,44,40s,GROWTH,DC_NEGLECT,MOCK,KIRI_2025_20|ASSUMPTION_V1
USR09853,62,50_plus,BALANCED,OVERLAP_RISK,MOCK,KIRI_2025_20|ASSUMPTION_V1
USR09854,24,20s,BALANCED,DC_NEGLECT,MOCK,KIRI_2025_20|ASSUMPTION_V1
USR09855,43,40s,STABLE_GROWTH,DC_NEGLECT,MOCK,KIRI_2025_20|ASSUMPTION_V1
USR09856,33,30s,CONSERVATIVE,DC_NEGLECT,MOCK,KIRI_2025_20|ASSUMPTION_V1
USR09857,40,40s,CONSERVATIVE,DC_NEGLECT,MOCK,KIRI_2025_20|ASSUMPTION_V1
USR09858,57,50_plus,AGGRESSIVE,OVERLAP_RISK,MOCK,KIRI_2025_20|ASSUMPTION_V1
USR09859,52,50_plus,BALANCED,OVERLAP_RISK,MOCK,KIRI_2025_20|ASSUMPTION_V1
USR09860,54,50_plus,BALANCED,DC_NEGLECT,MOCK,KIRI_2025_20|ASSUMPTION_V1
USR09861,39,30s,GROWTH,DC_NEGLECT,MOCK,KIRI_2025_20|ASSUMPTION_V1
USR09862,47,40s,GROWTH,TAX_BENEFIT_IDLE,MOCK,KIRI_2025_20|ASSUMPTION_V1
USR09863,42,40s,BALANCED,DC_NEGLECT,MOCK,KIRI_2025_20|ASSUMPTION_V1
USR09864,23,20s,STABLE_GROWTH,DC_NEGLECT,MOCK,KIRI_2025_20|ASSUMPTION_V1
USR09865,50,50_plus,STABLE_GROWTH,TAX_BENEFIT_IDLE,MOCK,KIRI_2025_20|ASSUMPTION_V1
USR09866,32,30s,BALANCED,DC_NEGLECT,MOCK,KIRI_2025_20|ASSUMPTION_V1
USR09867,37,30s,BALANCED,OVERLAP_RISK,MOCK,KIRI_2025_20|ASSUMPTION_V1
USR09868,37,30s,BALANCED,DC_NEGLECT,MOCK,KIRI_2025_20|ASSUMPTION_V1
USR09869,63,50_plus,CONSERVATIVE,TAX_BENEFIT_IDLE,MOCK,KIRI_2025_20|ASSUMPTION_V1
USR09870,43,40s,CONSERVATIVE,TAX_BENEFIT_IDLE,MOCK,KIRI_2025_20|ASSUMPTION_V1
USR09871,41,40s,CONSERVATIVE,DC_NEGLECT,MOCK,KIRI_2025_20|ASSUMPTION_V1
USR09872,54,50_plus,STABLE_GROWTH,OVERLAP_RISK,MOCK,KIRI_2025_20|ASSUMPTION_V1
USR09873,41,40s,STABLE_GROWTH,OVERLAP_RISK,MOCK,KIRI_2025_20|ASSUMPTION_V1
USR09874,60,50_plus,CONSERVATIVE,TAX_BENEFIT_IDLE,MOCK,KIRI_2025_20|ASSUMPTION_V1
USR09875,25,20s,GROWTH,DC_NEGLECT,MOCK,KIRI_2025_20|ASSUMPTION_V1
USR09876,36,30s,STABLE_GROWTH,OVERLAP_RISK,MOCK,KIRI_2025_20|ASSUMPTION_V1
USR09877,35,30s,CONSERVATIVE,DC_NEGLECT,MOCK,KIRI_2025_20|ASSUMPTION_V1
USR09878,42,40s,AGGRESSIVE,OVERLAP_RISK,MOCK,KIRI_2025_20|ASSUMPTION_V1
USR09879,55,50_plus,GROWTH,OVERLAP_RISK,MOCK,KIRI_2025_20|ASSUMPTION_V1
USR09880,46,40s,CONSERVATIVE,DC_NEGLECT,MOCK,KIRI_2025_20|ASSUMPTION_V1
USR09881,46,40s,STABLE_GROWTH,TAX_BENEFIT_IDLE,MOCK,KIRI_2025_20|ASSUMPTION_V1
USR09882,27,20s,GROWTH,TAX_BENEFIT_IDLE,MOCK,KIRI_2025_20|ASSUMPTION_V1
USR09883,57,50_plus,BALANCED,OVERLAP_RISK,MOCK,KIRI_2025_20|ASSUMPTION_V1
USR09884,48,40s,AGGRESSIVE,TAX_BENEFIT_IDLE,MOCK,KIRI_2025_20|ASSUMPTION_V1
USR09885,49,40s,AGGRESSIVE,DC_NEGLECT,MOCK,KIRI_2025_20|ASSUMPTION_V1
USR09886,60,50_plus,STABLE_GROWTH,OVERLAP_RISK,MOCK,KIRI_2025_20|ASSUMPTION_V1
USR09887,45,40s,STABLE_GROWTH,OVERLAP_RISK,MOCK,KIRI_2025_20|ASSUMPTION_V1
USR09888,30,30s,GROWTH,DC_NEGLECT,MOCK,KIRI_2025_20|ASSUMPTION_V1
USR09889,55,50_plus,CONSERVATIVE,TAX_BENEFIT_IDLE,MOCK,KIRI_2025_20|ASSUMPTION_V1
USR09890,24,20s,BALANCED,OVERLAP_RISK,MOCK,KIRI_2025_20|ASSUMPTION_V1
USR09891,41,40s,CONSERVATIVE,TAX_BENEFIT_IDLE,MOCK,KIRI_2025_20|ASSUMPTION_V1
USR09892,48,40s,BALANCED,OVERLAP_RISK,MOCK,KIRI_2025_20|ASSUMPTION_V1
USR09893,32,30s,BALANCED,OVERLAP_RISK,MOCK,KIRI_2025_20|ASSUMPTION_V1
USR09894,34,30s,STABLE_GROWTH,DC_NEGLECT,MOCK,KIRI_2025_20|ASSUMPTION_V1
USR09895,30,30s,GROWTH,DC_NEGLECT,MOCK,KIRI_2025_20|ASSUMPTION_V1
USR09896,32,30s,BALANCED,DC_NEGLECT,MOCK,KIRI_2025_20|ASSUMPTION_V1
USR09897,39,30s,STABLE_GROWTH,OVERLAP_RISK,MOCK,KIRI_2025_20|ASSUMPTION_V1
USR09898,49,40s,STABLE_GROWTH,OVERLAP_RISK,MOCK,KIRI_2025_20|ASSUMPTION_V1
USR09899,64,50_plus,GROWTH,DC_NEGLECT,MOCK,KIRI_2025_20|ASSUMPTION_V1
USR09900,23,20s,BALANCED,TAX_BENEFIT_IDLE,MOCK,KIRI_2025_20|ASSUMPTION_V1
USR09901,62,50_plus,GROWTH,OVERLAP_RISK,MOCK,KIRI_2025_20|ASSUMPTION_V1
USR09902,34,30s,BALANCED,DC_NEGLECT,MOCK,KIRI_2025_20|ASSUMPTION_V1
USR09903,42,40s,CONSERVATIVE,OVERLAP_RISK,MOCK,KIRI_2025_20|ASSUMPTION_V1
USR09904,30,30s,GROWTH,DC_NEGLECT,MOCK,KIRI_2025_20|ASSUMPTION_V1
USR09905,60,50_plus,AGGRESSIVE,DC_NEGLECT,MOCK,KIRI_2025_20|ASSUMPTION_V1
USR09906,33,30s,GROWTH,DC_NEGLECT,MOCK,KIRI_2025_20|ASSUMPTION_V1
USR09907,41,40s,BALANCED,OVERLAP_RISK,MOCK,KIRI_2025_20|ASSUMPTION_V1
USR09908,62,50_plus,CONSERVATIVE,OVERLAP_RISK,MOCK,KIRI_2025_20|ASSUMPTION_V1
USR09909,47,40s,AGGRESSIVE,DC_NEGLECT,MOCK,KIRI_2025_20|ASSUMPTION_V1
USR09910,36,30s,CONSERVATIVE,OVERLAP_RISK,MOCK,KIRI_2025_20|ASSUMPTION_V1
USR09911,42,40s,STABLE_GROWTH,OVERLAP_RISK,MOCK,KIRI_2025_20|ASSUMPTION_V1
USR09912,57,50_plus,BALANCED,DC_NEGLECT,MOCK,KIRI_2025_20|ASSUMPTION_V1
USR09913,40,40s,BALANCED,TAX_BENEFIT_IDLE,MOCK,KIRI_2025_20|ASSUMPTION_V1
USR09914,39,30s,STABLE_GROWTH,DC_NEGLECT,MOCK,KIRI_2025_20|ASSUMPTION_V1
USR09915,39,30s,GROWTH,TAX_BENEFIT_IDLE,MOCK,KIRI_2025_20|ASSUMPTION_V1
USR09916,44,40s,BALANCED,TAX_BENEFIT_IDLE,MOCK,KIRI_2025_20|ASSUMPTION_V1
USR09917,45,40s,BALANCED,OVERLAP_RISK,MOCK,KIRI_2025_20|ASSUMPTION_V1
USR09918,28,20s,STABLE_GROWTH,TAX_BENEFIT_IDLE,MOCK,KIRI_2025_20|ASSUMPTION_V1
USR09919,61,50_plus,CONSERVATIVE,DC_NEGLECT,MOCK,KIRI_2025_20|ASSUMPTION_V1
USR09920,28,20s,STABLE_GROWTH,TAX_BENEFIT_IDLE,MOCK,KIRI_2025_20|ASSUMPTION_V1
USR09921,47,40s,STABLE_GROWTH,OVERLAP_RISK,MOCK,KIRI_2025_20|ASSUMPTION_V1
USR09922,37,30s,BALANCED,OVERLAP_RISK,MOCK,KIRI_2025_20|ASSUMPTION_V1
USR09923,35,30s,AGGRESSIVE,TAX_BENEFIT_IDLE,MOCK,KIRI_2025_20|ASSUMPTION_V1
USR09924,64,50_plus,STABLE_GROWTH,OVERLAP_RISK,MOCK,KIRI_2025_20|ASSUMPTION_V1
USR09925,41,40s,STABLE_GROWTH,OVERLAP_RISK,MOCK,KIRI_2025_20|ASSUMPTION_V1
USR09926,59,50_plus,CONSERVATIVE,TAX_BENEFIT_IDLE,MOCK,KIRI_2025_20|ASSUMPTION_V1
USR09927,27,20s,AGGRESSIVE,OVERLAP_RISK,MOCK,KIRI_2025_20|ASSUMPTION_V1
USR09928,34,30s,GROWTH,OVERLAP_RISK,MOCK,KIRI_2025_20|ASSUMPTION_V1
USR09929,59,50_plus,GROWTH,DC_NEGLECT,MOCK,KIRI_2025_20|ASSUMPTION_V1
USR09930,23,20s,STABLE_GROWTH,DC_NEGLECT,MOCK,KIRI_2025_20|ASSUMPTION_V1
USR09931,49,40s,BALANCED,DC_NEGLECT,MOCK,KIRI_2025_20|ASSUMPTION_V1
USR09932,56,50_plus,STABLE_GROWTH,OVERLAP_RISK,MOCK,KIRI_2025_20|ASSUMPTION_V1
USR09933,47,40s,BALANCED,DC_NEGLECT,MOCK,KIRI_2025_20|ASSUMPTION_V1
USR09934,54,50_plus,CONSERVATIVE,TAX_BENEFIT_IDLE,MOCK,KIRI_2025_20|ASSUMPTION_V1
USR09935,38,30s,BALANCED,TAX_BENEFIT_IDLE,MOCK,KIRI_2025_20|ASSUMPTION_V1
USR09936,62,50_plus,CONSERVATIVE,TAX_BENEFIT_IDLE,MOCK,KIRI_2025_20|ASSUMPTION_V1
USR09937,39,30s,STABLE_GROWTH,OVERLAP_RISK,MOCK,KIRI_2025_20|ASSUMPTION_V1
USR09938,45,40s,GROWTH,DC_NEGLECT,MOCK,KIRI_2025_20|ASSUMPTION_V1
USR09939,31,30s,BALANCED,DC_NEGLECT,MOCK,KIRI_2025_20|ASSUMPTION_V1
USR09940,41,40s,GROWTH,TAX_BENEFIT_IDLE,MOCK,KIRI_2025_20|ASSUMPTION_V1
USR09941,56,50_plus,BALANCED,OVERLAP_RISK,MOCK,KIRI_2025_20|ASSUMPTION_V1
USR09942,47,40s,CONSERVATIVE,OVERLAP_RISK,MOCK,KIRI_2025_20|ASSUMPTION_V1
USR09943,41,40s,CONSERVATIVE,OVERLAP_RISK,MOCK,KIRI_2025_20|ASSUMPTION_V1
USR09944,60,50_plus,CONSERVATIVE,TAX_BENEFIT_IDLE,MOCK,KIRI_2025_20|ASSUMPTION_V1
USR09945,39,30s,GROWTH,OVERLAP_RISK,MOCK,KIRI_2025_20|ASSUMPTION_V1
USR09946,57,50_plus,STABLE_GROWTH,TAX_BENEFIT_IDLE,MOCK,KIRI_2025_20|ASSUMPTION_V1
USR09947,36,30s,BALANCED,DC_NEGLECT,MOCK,KIRI_2025_20|ASSUMPTION_V1
USR09948,26,20s,CONSERVATIVE,DC_NEGLECT,MOCK,KIRI_2025_20|ASSUMPTION_V1
USR09949,21,20s,BALANCED,DC_NEGLECT,MOCK,KIRI_2025_20|ASSUMPTION_V1
USR09950,37,30s,BALANCED,DC_NEGLECT,MOCK,KIRI_2025_20|ASSUMPTION_V1
USR09951,31,30s,STABLE_GROWTH,OVERLAP_RISK,MOCK,KIRI_2025_20|ASSUMPTION_V1
USR09952,45,40s,STABLE_GROWTH,TAX_BENEFIT_IDLE,MOCK,KIRI_2025_20|ASSUMPTION_V1
USR09953,31,30s,GROWTH,OVERLAP_RISK,MOCK,KIRI_2025_20|ASSUMPTION_V1
USR09954,24,20s,AGGRESSIVE,OVERLAP_RISK,MOCK,KIRI_2025_20|ASSUMPTION_V1
USR09955,23,20s,BALANCED,TAX_BENEFIT_IDLE,MOCK,KIRI_2025_20|ASSUMPTION_V1
USR09956,49,40s,STABLE_GROWTH,TAX_BENEFIT_IDLE,MOCK,KIRI_2025_20|ASSUMPTION_V1
USR09957,23,20s,BALANCED,TAX_BENEFIT_IDLE,MOCK,KIRI_2025_20|ASSUMPTION_V1
USR09958,64,50_plus,BALANCED,DC_NEGLECT,MOCK,KIRI_2025_20|ASSUMPTION_V1
USR09959,58,50_plus,BALANCED,OVERLAP_RISK,MOCK,KIRI_2025_20|ASSUMPTION_V1
USR09960,36,30s,BALANCED,TAX_BENEFIT_IDLE,MOCK,KIRI_2025_20|ASSUMPTION_V1
USR09961,48,40s,BALANCED,OVERLAP_RISK,MOCK,KIRI_2025_20|ASSUMPTION_V1
USR09962,49,40s,BALANCED,TAX_BENEFIT_IDLE,MOCK,KIRI_2025_20|ASSUMPTION_V1
USR09963,48,40s,STABLE_GROWTH,DC_NEGLECT,MOCK,KIRI_2025_20|ASSUMPTION_V1
USR09964,46,40s,BALANCED,OVERLAP_RISK,MOCK,KIRI_2025_20|ASSUMPTION_V1
USR09965,51,50_plus,BALANCED,DC_NEGLECT,MOCK,KIRI_2025_20|ASSUMPTION_V1
USR09966,33,30s,STABLE_GROWTH,DC_NEGLECT,MOCK,KIRI_2025_20|ASSUMPTION_V1
USR09967,41,40s,BALANCED,OVERLAP_RISK,MOCK,KIRI_2025_20|ASSUMPTION_V1
USR09968,50,50_plus,BALANCED,TAX_BENEFIT_IDLE,MOCK,KIRI_2025_20|ASSUMPTION_V1
USR09969,49,40s,STABLE_GROWTH,TAX_BENEFIT_IDLE,MOCK,KIRI_2025_20|ASSUMPTION_V1
USR09970,48,40s,BALANCED,TAX_BENEFIT_IDLE,MOCK,KIRI_2025_20|ASSUMPTION_V1
USR09971,58,50_plus,BALANCED,DC_NEGLECT,MOCK,KIRI_2025_20|ASSUMPTION_V1
USR09972,30,30s,BALANCED,DC_NEGLECT,MOCK,KIRI_2025_20|ASSUMPTION_V1
USR09973,51,50_plus,BALANCED,TAX_BENEFIT_IDLE,MOCK,KIRI_2025_20|ASSUMPTION_V1
USR09974,62,50_plus,BALANCED,OVERLAP_RISK,MOCK,KIRI_2025_20|ASSUMPTION_V1
USR09975,60,50_plus,AGGRESSIVE,OVERLAP_RISK,MOCK,KIRI_2025_20|ASSUMPTION_V1
USR09976,57,50_plus,BALANCED,DC_NEGLECT,MOCK,KIRI_2025_20|ASSUMPTION_V1
USR09977,37,30s,CONSERVATIVE,TAX_BENEFIT_IDLE,MOCK,KIRI_2025_20|ASSUMPTION_V1
USR09978,45,40s,BALANCED,OVERLAP_RISK,MOCK,KIRI_2025_20|ASSUMPTION_V1
USR09979,37,30s,STABLE_GROWTH,TAX_BENEFIT_IDLE,MOCK,KIRI_2025_20|ASSUMPTION_V1
USR09980,52,50_plus,GROWTH,OVERLAP_RISK,MOCK,KIRI_2025_20|ASSUMPTION_V1
USR09981,34,30s,STABLE_GROWTH,OVERLAP_RISK,MOCK,KIRI_2025_20|ASSUMPTION_V1
USR09982,20,20s,GROWTH,DC_NEGLECT,MOCK,KIRI_2025_20|ASSUMPTION_V1
USR09983,63,50_plus,CONSERVATIVE,TAX_BENEFIT_IDLE,MOCK,KIRI_2025_20|ASSUMPTION_V1
USR09984,35,30s,GROWTH,TAX_BENEFIT_IDLE,MOCK,KIRI_2025_20|ASSUMPTION_V1
USR09985,25,20s,BALANCED,DC_NEGLECT,MOCK,KIRI_2025_20|ASSUMPTION_V1
USR09986,38,30s,BALANCED,DC_NEGLECT,MOCK,KIRI_2025_20|ASSUMPTION_V1
USR09987,55,50_plus,CONSERVATIVE,TAX_BENEFIT_IDLE,MOCK,KIRI_2025_20|ASSUMPTION_V1
USR09988,62,50_plus,STABLE_GROWTH,OVERLAP_RISK,MOCK,KIRI_2025_20|ASSUMPTION_V1
USR09989,48,40s,AGGRESSIVE,DC_NEGLECT,MOCK,KIRI_2025_20|ASSUMPTION_V1
USR09990,30,30s,BALANCED,DC_NEGLECT,MOCK,KIRI_2025_20|ASSUMPTION_V1
USR09991,31,30s,BALANCED,DC_NEGLECT,MOCK,KIRI_2025_20|ASSUMPTION_V1
USR09992,20,20s,BALANCED,OVERLAP_RISK,MOCK,KIRI_2025_20|ASSUMPTION_V1
USR09993,27,20s,AGGRESSIVE,TAX_BENEFIT_IDLE,MOCK,KIRI_2025_20|ASSUMPTION_V1
USR09994,51,50_plus,BALANCED,TAX_BENEFIT_IDLE,MOCK,KIRI_2025_20|ASSUMPTION_V1
USR09995,32,30s,CONSERVATIVE,TAX_BENEFIT_IDLE,MOCK,KIRI_2025_20|ASSUMPTION_V1
USR09996,41,40s,BALANCED,OVERLAP_RISK,MOCK,KIRI_2025_20|ASSUMPTION_V1
USR09997,26,20s,CONSERVATIVE,OVERLAP_RISK,MOCK,KIRI_2025_20|ASSUMPTION_V1
USR09998,45,40s,STABLE_GROWTH,OVERLAP_RISK,MOCK,KIRI_2025_20|ASSUMPTION_V1
USR09999,39,30s,CONSERVATIVE,DC_NEGLECT,MOCK,KIRI_2025_20|ASSUMPTION_V1
USR10000,22,20s,BALANCED,TAX_BENEFIT_IDLE,MOCK,KIRI_2025_20|ASSUMPTION_V1
